"sku","parent.sku","name","character_walmart","modelnumber_walmart","pattern_walmart","theme_walmart","special_features_amazon","mpn_amazon","number_of_pieces_amazon","style_name_amazon","scale_name_amazon","light_source_type_amazon","outer_material_type_amazon","color_amazon","capacity_walmart","frame_material_type_amazon","recommendedroom_walmart","mounting_type_amazon","team_name_amazon","size","design_amazon","vehicletype_walmart","auto_part_position_amazon","sportvalue_walmart"
"26C-COOKTOOLS-PARENT","","Beille Spoons Spatula Kitchen Utensils Set High Heat Resistance Spoon Ladle Spatula","","","","","","","","","","","","","","","","","","","","","",""
"26C-GARDTOOLS-PARENT","","ToolTreaux Essential Gardening Tools and Cultivating Accessories (Many Options)","","","2 Tone","Gardening","","","","","","","","Green","","","","","","6.7""","","","",""
"4SN-2PCCUTTINGBOARDS-44015","","Beille Plastic Kitchen Cutting Board Set Textured Non-slip Surface, Set of 2","","","","Cooking, Kitchen","","","","","","","","","","","Kitchen","","","2pc","","","",""
"4SN-3PCCUTLERY-44031","","Beille 3pc Stainless Steel Kitchen Cutlery Knife Set Cutting Santoku Chef Knife","","","","Cooking, Kitchen","","","","","","","","Black","","","Kitchen","","","3pc","","","",""
"4SN-6PCKNIVES-50549","","Beille Stainless Steel Kitchen Cutlery Knife Set Carving Paring Utility 6 Piece","","","","Cooking, Kitchen","","","","","","","","Black","","","Kitchen","","","6pc","","","",""
"4SN-BAGSTICKER-TS4-BUN","","Toy Story 4 Kids Cinch Bag Travel Backpack with 4pc Sticker Sheet Bundle Set","Toy Story","","","","","","","","","","polyester","Toy Story","","","","","","18""","","","",""
"MCN-WILDERNESSTRAVELGUIDE","","Wilderness Travel Medicine Emergency Guide","","","","Outdoor, Camping, Hiking","","","","","","","","","","","","","","Medium","","","",""
"4SN-BLACKKNIFESET-4PC","","Beille 5 Piece Home Ergonomic Kitchen Knives Set, 5 Knife Essential Bundle","","","","","","","","","","","","Black","","","","","","13""","","","",""
"4SN-BLE-BLACKKNIFESET-5PC","","Beille Stainless Steel Black Knife Set Kitchen Utensils Home Goods, 5pc","","","","","","","","","","","","Black","","","","","","13\""","","","",""
"4SN-BLE-CHRMWBOTTLE-23OZ","","Beille Silver Chrome Borosilicate Glass BPA Free Water Bottle with Bamboo Lid Hydration Health and Beauty, 23oz","","","","","","","","","","","","Chrome","","","","","","23oz","","","",""
"4SN-BLE-KNIFESET-13PC","","Beille Kitchen Knife Set Cooking Baking Supplies Meal Prep with Wood Storage Block, 13pc","","","","","","","","","","","","","","","","","","13pc","","","",""
"4SN-BLE-UTENSILSET-PARENT","","Beille Kitchen Gadgets Cooking Baking Supplies Meal Prep Tool Set Pastel","","","","","","","","","","","","","","","","","","","","","",""
"4SN-BLE-WDNSPOONS-2PC-STD","","Beille Kitchen Bamboo Utensils Wooden Spoons Cooking Baking Accessories 2pc Set","","","","","","","4","","","","","Brown","","","","","","4pc","","","",""
"4SN-CALLUSREMOV-BLU-42121","","Home Essentials Manicure Pedicure Foot Scrubber Foot File Callus Remover - Blue","","","","","","","","","","","","","","","","","","8""","","","",""
"4SN-CALLUSREMOV-RED-42121","","Home Essentials Manicure Pedicure Foot Scrubber Foot File Callus Remover - Red","","","","","","","","","","","","","","","","","","8""","","","",""
"4SN-CHEESEGRATER-PNK-45498","4SN-CHEESEGRATER-PARENT","Beille 6 Side Stainless Steel Grater Top Handle Zester Slicer 7.75 Inch - Pink","","","","","","","","","","","","Pink","","","","","","8\\\""","","","",""
"4SN-CHRMWBOTTLE-23OZ","","ASR Outdoor Chrome Finish Leak Proof Glass Water Bottle 23oz with Bamboo Lid","","","","","","","","","","","","Chrome","","","","","","23oz","","","",""
"4SN-CINCHBAG-PARENT","","18 Inch Kids Licensed Cartoon Cinch Bag Travel Backpack Drawstring Tote","","","","","","","","","","","","","","","","","","18""","","","",""
"UPD-PLAYPACK-AVENGERS-1066524","","Marvel Avengers 6pc Grab and Go Play Pack Coloring Book for Boys Ages 3 and Up","","","","","","","","dimensional","","","","Avengers","","","","","","6pc","","","",""
"UPD-MICKPENCILS-8PC","","Disney Mickey Mouse Kids Colored Pencils Art and School Supplies Set 8 Pack","Mickey Mouse","","","dress up, pretend play","","","","","","","","Blue","","","bedroom, living room, dining room","","","Standard","","","",""
"4SN-CINCHBAG-YODA-2PC-BUN","","Baby Yoda 2pc Kids 18 Inch Cinch Bags Travel Backpacks Drawstring Totes Set","Baby Yoda","","","","","","","","","","polyester","Yoda","","","","","","2pc","","","",""
"4SN-COFFEEMUGS-54715-WARM","4SN-COFFEEMUGS-PARENT","Beille Ceramic Stoneware Modern Dipped Coffee Cups 3pc Set, Assorted Colors","","","Modern","Kitchen","","","3","","","","","Warm","","","","","","3pc","","","",""
"UPD-8PCERASR-69343MZ","","Marvel Spiderman 8pc Eraser Pack School Supplies Stocking Stuffer Boys Age 4 Up","Spiderman","","","Superheroes","","","","","","","","Spiderman","","","","","","8pc","","","",""
"UPD-MMFASHIONACC-4PC-PNK-MM2336","","Disney Minnie Mouse Headband and 3 Coil Bracelets, Girls Fashion Hair Accessories, 4pc, Pink, Ages 3+","","","","","","","","","","","","Pink","","","","","","Small","","","",""
"4SN-CUTLERYSET-13PC-44136-WAL-HPNR","","MasterChef 13-Piece Kitchen Knife Set w Wooden Storage Block Stainless Steel","","","","Cooking, Kitchen","","","","","","","","","","","Kitchen","","","13pc","","","",""
"4SN-DENTALFLOSS-12PK","","Fresh Mint Dental Floss for Teeth and Gum Oral Care Remove Food and Plaque 12pk","","","","","","","","","","","","","","","","","","Small","","","",""
"4SN-DENTALFLOSS-3PK","","Fresh Mint Dental Floss for Teeth and Gum Oral Care Remove Food and Plaque 3pk","","","","","","","","","","","","","","","","","","Small","","","",""
"4SN-DOVEHANDSOAP-PARENT","","Dove Deep Moisturizing Cream Beauty Bar Hand Soap Facial or Body, 4oz","","","","","","","","","","","","","","","","","","","","","",""
"4SN-DOVEHANDSOAP-PNK-WAL-NOVAR","","Dove Pink Deep Moisturizing Cream Beauty Bar Hand Soap Facial or Body 4oz","","","","Personal Hygiene, Cleaning, Soap","","","","","","","","","","","Bathroom, Kitchen","","","4oz","","","",""
"4SN-DOVESHAMPOO-FRZ-38046","","Dove Hair Care Shampoo Anti Frizz Formula with Coconut Oil Argan Oil Almond Oil","","","","personal care, hair care, toiletries, beauty supplies, shower essentials","","","","","","","","","","","Bathroom, Kitchen","","","12oz","","","",""
"4SN-DOVESHAMPOO-KNT-38044","","Dove Hair Care Anti Knot Hydration Formula Shampoo 350mL 12 Ounce Bottle","","","","personal care, hair care, toiletries, beauty supplies, shower essentials","","","","","","","","","","","Bathroom, Kitchen","","","12oz","","","",""
"4SN-DOVESHAMPOO-MIC-38043","","Dove Detox Purifying Micellar Hair Care Formula Shampoo 12 Ounce 350mL Bottle","","","","personal care, hair care, toiletries, beauty supplies, shower essentials","","","","","","","","gray","","","Bathroom, Kitchen","","","12oz","","","",""
"4SN-DOVESHAMPOO-REC-38047","","Dove Hair Care Complete Reconstruction Anti Breakage Hair Repair Formula Shampoo","","","","personal care, hair care, toiletries, beauty supplies, shower essentials","","","","","","","","gray","","","Bathroom, Kitchen","","","12oz","","","",""
"4SN-DOVE-SHEABUTTERBAR-5PK-18007-BUN","","5 Pack Dove Shea Butter Beauty Cream Moisturizing Bar Soap with Vanilla 4.75oz","","","","","","","","","","","","","","","","","","3.75oz","","","",""
"4SN-FACECREAM-6OZ","","Bella Linda Skin Care Face Moisturizer Cream Lotion for Hydration 6.5oz","","","","","","","","","","","","","","","","","","6.5oz","","","",""
"4SN-FACECREAM-6OZ-2PK","","2pk Bella Linda Skin Care Face Moisturizer Cream Lotion for Hydration 6.5oz","","","","","","","","","","","","","","","","","","6.5oz","","","",""
"4SN-FACECREAM-6OZ-3PK","","3pk Bella Linda Skin Care Face Moisturizer Cream Lotion for Hydration 6.5oz","","","","","","","","","","","","Multicolor","","","","","","6.5oz","","","",""
"4SN-FLEXCUTTINGMAT-PINK","","Universal Home Non-slip Flexible Cutting Mat Food Contact Dishwasher Safe - Pink","","","","","","","","","","","","Pink","","","","","","13.25"" x 9.5""","","","",""
"4SN-GARDENTOOLS-PARENT","","ToolTreaux Wooden Steel Handheld Garden Tools Rake Shovel Hoe 3 Pieces","","","","","","","","","","","","","","","","","","","","","",""
"4SN-LSPEEDSTICK-PARENT","","Lady Speed Stick Womens Invisible Dry Deodorant Antiperspirant (3 Scent Choices)","","","","","","","","","","","","","","","","","","","","","",""
"4SN-LSPEEDSTICK-PDF-10PK","","10pk Lady Speed Stick Womens Invisible Dry Deodorant Antiperspirant Powder Fresh","","","","personal hygiene, gym, deodorant","","","","","","","","Powder Fresh","","","Bathroom, Locker Room, Gym","","","10 Pack","","","","basketball, soccer, softball"
"4SN-LSPEEDSTICK-PDF-3PK-BUN","","Lady Speed Stick Womens Invisible Dry Deodorant Antiperspirant Powder Fresh 3pk","","","","personal hygiene, gym, deodorant","","","","","","","","Powder Fresh","","","Bathroom, Locker Room, Gym","","","3 Pack","","","","basketball, soccer, softball"
"4SN-LSPEEDSTICK-PDF-5PK","","5pk Lady Speed Stick Womens Invisible Dry Deodorant Antiperspirant Powder Fresh","","","","personal hygiene, gym, deodorant","","","","","","","","Powder Fresh","","","Bathroom, Locker Room, Gym","","","5 Pack","","","","basketball, soccer, softball"
"4SN-LSPEEDSTICK-SBL-LSS","","Lady Speed Stick Deodorant 1.4 Ounce Shower Fresh (41ml)","","","","","","SG_B00E4MOZ9C_IN","","","","","","","","","","","","1.4oz","","","",""
"DLT-JOT-MINICOLORPENCIL-307605","","Jot 24 Piece Count Mini Colored Pencil Kids Art School Supplies Set","","","","","","","","","","","","","","","","","","Small","","","",""
"4SN-MINECRAFT-BEDSHEETS","4SN-BEDSHEETS-PARENT","Minecraft Building Adventure Gaming Grey Bedding Twin Sheets Set for Boys, 3pc","","","","","","","","","","","","","","","","","","Medium","","","",""
"4SN-MOODLIGHT-RECTANGLE","","Universal Home LED 7 Color Changing Mood Light Ambiance Home Decor White Light","","","","","","","","modern","","led","","White","","","","","","5""","","","",""
"4SN-MOODLIGHT-RECTANGLE-2PK","","2pk Home LED 7 Color Changing Mood Lamp Ambiance Light Home Decor","","","","","","","","modern","","led","","White","","","","","","5""","","","",""
"4SN-PANDABACKPACK-43193","","Kidplokio Kids School Backpack Critter Panda Face for Children","","","","","","","","","","","","Green","","","","","","16\""","","","",""
"4SN-PINCHBOWL-47332-PARENT","","Beille Cooking Baking Supplies Glass Pinch Bowl Ramekin Kitchen Essentials Set","","","","","Perfect Size for Spices","","","pinch bowl","","","","Clear","","","","","","","","","",""
"4SN-SAVBANK-CHARACTER-PARENT","","Licensed Kids Coin Tin Piggy Bank Learning Savings Tools for Kids","","","","","","","","","","","","","","","","","","","","","",""
"4SN-SPORTSBOTTLE-PARENT","","ASR Outdoor Pop Top Sports Water Bottle 33oz Fitness Daily Hydration","","","","","reusable","","","","","","","","","","","","","33oz","","","",""
"4SN-STICKERACTIVITY-BATMAN-HPNR","","Batman Reward Stickers Activities Mini Coloring Book with Rewards Coloring Page","","","","","","","","dimensional","","","","Batman Stickers for Kids","","","","","","medium","","","",""
"4SN-TOTE-BABYYODA-2PK-BUN","","Star Wars Baby Yoda 2 Pack Non Woven Tote Bag Kids Travel Bag Ages 3 and Up","","","","","","","","","","","","","","","","","","2pk","","","",""
"4SN-TOUCHWATCH-56920-PARENT","","Licensed Girls LED Display Digital Touch Screen Watch for Kids (18 Styles)","","","","","","","","","","","","","","","","","","One Size Fits Most","","","",""
"4SN-VASELINE-LIPTHER-48268-BUN","","Vaseline Lip Therapy Cocoa Butter Lip Balm Pure Petroleum Jelly Stick .16oz","","","","","","","","","","","","","","","","","",".16oz","","","",""
"4SN-VASELINE-LIPTHER-COCOABUTTER-1PK","","Vaseline Lip Therapy Cocoa Butter | Lip Balm with Petroleum Jelly","","","","","","","","","","","","","","","","","","small","","","",""
"4SN-VASELINE-LIPTHER-OR-5PK-44551-BUN","","5 Pack Vaseline Lip Therapy Original Lip Balm Petroleum Jelly Moisturizing .16oz","","","","","","","","","","","","","","","","","",".16oz","","","",""
"4SN-VASELINE-LIPTHER-ORIGNAL-2PK-HPN-WAL","","(2 Pack) Vaseline Lip Therapy Original Lips With Petroleum Jelly","","","","","","","","","","","","","","","","","","small","","","",""
"4SN-WALLCLOCK-PARENT","","Kids Licensed Character Analog Wall Clock Kids Bedroom Home Decor Wall Art","","","","","","","","","","","","","","","","","","Large","","","",""
"4SN-WOMENSRAZORS-2PC-37693","","All Pure Womens 3 Blade Swivel Razor Pack 2 Pieces Lubricating Strip for Comfort","","","","Shaving, personal care","","","","","","","","","","","bathroom","","","Standard","","","",""
"ABC-FIRETRUCKPOLCAR-PARENT","","Kidplokio 360 Degree Bump and Go Emergency Responders Fire Truck Police Car Toy","","","","First Responders","","","","","","","","","","","","","","","","","",""
"ALUMCASE-CONTAINERS-PARENT","","Universal Hobby Aluminum Storage Display Container Set & Case (Various Packs)","","","","","","","","","","","","","","","","","","","","","",""
"APL-SUBSHARK-AS-9445","LST-KPL-FASTLANE-PARENT-PZ-AMZ","Kidplokio Boys 7pc Submarine Shark Diecast Toy Car Carrier Transporter, Age 3 up","Submarine","","","Ocean","","","","","","","","Black","","","","","","Submarine Car Carrier","","","",""
"APL-TRANSFORMCARS-AS-10061","","Kidplokio 2 in 1 Transforming Toys Robot RC Car Lights Sounds Boys Ages 3 and Up","Robot","","","Robots","","","","","","","","Assorted","","","","","","16"" x 5"" x 8""","","","",""
"AQM-MFUQC14I-14-BLCK","","Frontier Universal Quick Connect .25 inch","","","","","","","","","","","","","","","","","","1/4 Inch","","","",""
"ASR-AOBSCWBB-PARENT","","ASR Outdoor Black Stretch Shock Cord Plastic Ball Utility Cord (Pack Sizes)","","","","","","","","Bungee Cord with Ball","","","","Black","","","","","","","","","",""
"ASR-AOTAC-BUN-2PC-12PK-3B1-BLCK","","24pk ASR Outdoor 3 1/4 Inch x 1 Inch Tarp Camping Secure Grip Awning Clamps","","","","","","","","","","","","","","","","","","3 inch by 1 inch","","","",""
"ASR-BFTOU-BUN-3PK-STD-SLVR","","(3 Pack) ASR Outdoor Extendable Marshmallow Toaster Telescoping BBQ Fork Utensil","","","","","","","","","","","","","","","","","","Standard","","","",""
"SON-AOMDBWSB-17X125-BLCK","","ASR Outdoor Black Drawstring Backpack Gym Bag Hiking Gear, 20 x 16 Inches","","","","Basketball","","","","","","","","","","","","","","17\\\"" x 12.5\\\""","","","",""
"SON-AOTAC-SML-BLCK","","2 Piece ASR Outdoor 3.25 Inch x 1 Inch Tarp Camping Secure Grip Awning Clamps","","","","","","TAC-2-AMZ","","","","","","Black","","","","","","Small","","","",""
"SON-NPT288-TROWEL-BLK","","Ergonomic Home Garden Trowel Digging Hand Shovel Planting Outdoor Tool - 11 inch","","","","","","","","","","","","Black/Orange","","","","","","One Size","","","",""
"SON-13IPOCSCHS-3PC-13-SLVR","","Portable Outdoor Camping Survival Wire Hand Saw Two 35 cm Blades","","","","","","","","","","","","","","","","","","13 inch","","","",""
"SON-AOES5LWFCP-LG-CLR","","ASR Outdoor Emergency Survival 5 Liter Water Flask Compact Portable","","","","","","","","","","","","","","","","","","Large","","","",""
"ASR-GTWATMWST-BUN-2PC-BNDL","","A Comprehensive Guide to Wilderness and Travel Medicine With Survival Tool","","","","","","","","","","","","Multicolored","","","","","","Small","","","",""
"ASR-HWW8HPS-BUN-PARENT","","ASR Outdoor Hand Warmers Heat Pads 10 Hour Protection for Camping, Hiking, Outdoors","","","","","","","","","","","","","","","","","","","","","",""
"SON-J65XCKCWHGB-XL-BLCK","","Jumbo 6.5 Inch XL Carabiner Key Chain  - Black","","","","","","","","","","","","Black","","","","","","XL","","","",""
"SON-J65XCKCWHGR-XL-RD","","Jumbo 6.5 inch XL Carabiner Key Chain Outdoor Rec - Red","","","","","","","","","","","","Pink","","","","","","XL","","","",""
"ASRO-PARABRACEBUCKLE-PARENT","","ASR Outdoor Paracord Bracelet Side Release Buckle Multipack Set (20MM, .75in)","","","","","","","","","","","","","","","","","","","","","",""
"ASRO-TECHNORA-600LB-BLACK-PARENT","","ASR Outdoor Braided Technora 600lb Survival Cord Rope (Many Lengths)","","","","","","","1","","","","","","","","","","","","","","",""
"ASRO-TECHNORA-950-ROPE-NATURAL-PARENT","","ASR Outdoor Braided Technora 950lb Survival Cord Rope - Natural (Many Lengths)","","","","","","","","","","","","","","","","","","","","","",""
"DLX-UHDCHCTB-11X5X4","","Universal Home Dual Compartment Hobby Craft Tool Box Portable Workshop Storage","","","","","","","","","","","","Black","","","","","","11.5 x 6 x 4 inch","","","",""
"SON-HPS-105-RD","","Hand Pruning Saw Gardening Tool For Home Outdoor Plants","","","","","","","","","","","","","","","","","","10.5""","","","",""
"SON-875ISSMFT-2PC-6X4X1","","ASR Outdoor Stainless Steel 8.75in Folding Trowel with Belt Loop Attachment","","","","","","","","","","","","","","","","","","6"" x 4"" x 1""","","","",""
"ASR-SO4BGMN-BUN-2PC-2PK-LG-BLCK","","Set of 4 Non-Stick BBQ Grill Mats Reusable Easy to Clean","","","","","","","","","","","","","","","","","","Large","","","",""
"ASR-WDACS-BUN-3PC-MED-BNDL","","Wolf Dagger 3pc American Flag Knife Collector Set","","","","","","","","","","","","3pc Wolf Set","","","","","","13.5""","","","",""
"SON-BGMN-LG-BLCK","","BBQ Grill Mat Non-Stick Heavy Duty Outdoor Patio Eating and Cooking Tools - 2Pk","","","","","","","","","","","","Black","","","","","","Large","","","",""
"SON-3IN1CUSKFS-3PC-ONE-SLVR","","ASR Outdoor 3pc Camping Utensil Set Military Ration Knife Fork Spoon Accessories","","","","","","","","","","","","","","","","","","One Size","","","",""
"CARABINER-6PK-PARENT","","6 Pack Aluminum Multi-Color Carabiner Spring Clip Keychain (Many Sizes, Colors)","","","","","","","","","","","","","","","","","","","","","",""
"SON-J65XCKCWHGB-XL-BL","","Jumbo 6.5 inch XL Carabiner Key Chain  - Blue","","","","","","","","","","","","Blue","","","","","","XL","","","",""
"CARABINER-JUMBO-PARENT","","7 Inch Jumbo Aluminum Carabiner Hiking Cushion Grip (6 Colors)","","","","","","","","","","","","","","","","","","","","","",""
"CHAINSAW-SHARPENING-BURR-3-16","","3/16"" File Chain Saw Blade Diamond Sharpening Burr Shank 120 Grit","","","","","","","","","","","","Silver","","","","","","3/16""","","","",""
"SON-J65XCKCWHGP-XL-PURPLE","","Jumbo 6.5"" XL Carabiner Key Chain  - Purple","","","","","","","","","","","","","","","","","","XL","","","",""
"db_1146","","Orange Emergency Hammer Window Punch Seat Belt Cutter 2pk","","","","","","","","","","","","","","","","","","Large","","","",""
"SON-ABSAS-15PC-A-BLCK","","ToolTreaux Artist Paint Brushes Natural Hair Bristles Wooden Grip Assorted 15pc","","","","","","","","","","","","","","","","","","Multi-Color","","","",""
"NPT-BKCAHBSWCC-2PC-H-BLCK","","ASR Outdoor Camping Axe Hatchet - Black Steel With Cord Cutter","","","","","","","","","","","","Black","","","","","","Handheld","","","",""
"SON-SGSURSB-10PC-11-MTL","","10pc Sterile Surgical Grade Replacement Scalpel Blades Universal Fit - Size 11","","","","","","","","","","","","","","","","","","11","","","",""
"SON-CSTBS-33PC","","ToolTreaux Chrome Vanadium Steel Security Bit Set Magnetic Extension Holder 33pc","","","","","","","","","","","","","","","","","","","","","",""
"SON-WBC-LG-BL","","ASR Outdoor Waterproof Durable Backpack Cover Blue Universal Fit Adjustable Draw String","","","","","","","","","","","","Blue","","","","","","Large","","","",""
"SON-SSCHF8OZ-8O-SLVR","","Chrome Stainless Steel Premium Portable Hip Flask 8oz","","","","","","","","","","","","","","","","","","8 oz","","","",""
"MCN-RDJASBD12OZ-12OZ","","Gear Aid ReviveX Restoration Down Fabric Cleaner Jacket and Sleeping Bag - 10 oz","","","","Outdoor, Camping, Hiking","","","","","","","","","","","","","","10oz","","","",""
"DEL-SCISSOR-GB","","Universal Tool Multipurpose Kitchen Scissors - Black or Green","","","","","","","","","","","","Multicolor","","","","","","8""","","","",""
"SON-PRB18THSFRT-11PC","","10pc Universal Tool High Speed Steel Titanium Mini Router Drill Bits","","","","","","","","","","","","","","","","","","Medium","","","",""
"UPD-MICKEY-JUMP-ROPE","UPD-DELUXEJUMPROPE-PARENT","Disney Mickey Mouse Roadster Racers Jump Rope Kids Exercise Toy","","","","","","","","","","","","Blue","","","","","","Small","","","",""
"DLT-22OZCUP-209818-MIN","","Disney Minnie Mouse Kids Plastic Drinking Cup Large 22 Ounce Food Safe Cup","Minnie Mouse","","","dress up, pretend play","","","","","","","","","","","bedroom, living room, dining room","","","22oz","","","",""
"DLT-BIBLEBOOK-280505-2PK-ASST-BUN","","Kidplokio Bible Coloring Book for Kids Activity Book with Puzzles 96 Pages - 2pk","Bible","","","Bible","","","","","","","","Purple","","","","","","2pk","","","",""
"DLT-CHARSTOCKS-PARENT","","Licensed Kids Felt Embossed Christmas Stocking Holiday Decor (Many Styles)","","","","christmas gifts, home decor, christmas","","","","contemporary","","","","","","","","","","15.5""","","","",""
"DLT-JUMBO-PLAYINGCARDS-HATCHIMALS","DLT-JUMBO-PLAYINGCARDS-PARENT","Cardinal Licensed Hatchimals Jumbo Printed Graphic Playing Cards","","","","","","","","","","","","Hatchimals","","","","","","Large","","","",""
"DLT-STOCKING-PJM","","PJ Masks Kids Felt Embossed Christmas Stocking 15.5 Inch Holiday Decor","","","","","","","","contemporary","","","","PJ Masks","","","","","","15.5""","","","",""
"DLX-COLLAPBAG-27-CG108","","ASR Outdoor Foldable Portable Clear Camping Collapsible Water Storage Bag 2.8L","","","","","reusable","","","","","","","","","","","","","16.9oz","","","",""
"DLX-LINTEROLLER2REFILLS-1PK","","Universal Household Supplies Lint Roller and 2 Refills 10 Sheets Per Roll","","","","","","","","","","","","Blue","","","","","","","","","",""
"DLX-NAILFILES-18PC","","Home Essentials Nail Files Buffers Emery Boards Beauty Tools Set Mani Pedi 18pc","","","","","","","","","","","","","","","","","","Assorted","","","",""
"DLX-NAILTOOLSET-3PC","","Home Essentials Professional Manicure Pedicure Nail Art Tool Set 3 Pieces","","","","","","","","","","","","","","","","","","Small","","","",""
"UPD-FLOWERCLIP-11496446-PRINCESS","","Disney Princess Purple Flower Hair Clip Accessory for Girls Dress Up","Disney","","","dress up, pretend play","","","","","","","","Purple","","","bedroom, living room, dining room","","","Small","","","",""
"UPD-FIDGETTOY-PW418-PNK","UPD-FIDGETTOY-PW418-PARENT","Paw Patrol Push Pop It Sensory Fidget Toy Stress Relief for Kids Keychain - Pink","","","","","","","","","","","","Pink","","","","","","4.5""","","","",""
"DOY-4PRONGCLOCKKEY-EVEN","","Universal Tool Antique Grandfather Brass Clock Key 4 Prongs - Even Numbers","","","","","","","","","","","","Gold","","","","","","Even","","","",""
"DOY-4PRONGCLOCKKEY-ODD","","Universal Tool Antique Grandfather Brass Clock Key 4 Prongs - Odd Numbers","","","","","","","","","","","","Gold","","","","","","Odd","","","",""
"DOY-GARDENKIT-BUN","","ToolTreaux Garden Tools Set with Fork Hoe Rake Shovel Spade Digger Gloves 9pc","","","","","","","","","","","","Black","","","","","","9pc","","","",""
"DOY-NORALACE-2500-PARENT","","ASR Tactical TitanLace 2500 Technora Work Boot Lace (Multiple Sizes and Colors)","","","","","","","","","","","","","","","","","","","","","",""
"SON-FOLDING-SHOVEL-87950MS","","ASR Outdoor 16"" 3 IN 1 Emergency Preparedness Mini Folding Shovel Pick and Saw","","","","","","","","","","","","","","","","","","","","","",""
"SON-STRETCHLAMP-200L","","ASR Outdoor 3 in 1 Head Lamp 1.5 Watt COB Bulb 200 Lumen LED Light 3 Stages","","","","","","","","","","","","","","","","","","Small","","","",""
"SHM-UV9LF-SML-BLCK","","ASR Federal 51 LED UV Black Light 395nm Dual Mode Flashlight 6 Inch","","","","","","","","","","","","Black","","","","","","Small","","","",""
"HWK-CARRYALLBAG-13PCKT","","ASR Outdoor 13 Pocket Treasure Hunter Metal Detector Bag for Rock Hounding, Gold Prospecting","","","","","","","","Rock Hounding Kit","","","","Green","","","","","","15"" x 13"" x 5""","","","",""
"DOY-STORCONT-4COMP","","ToolTreaux Clear 4 Compartment Plastic Pop Top Storage Organizer","","","","Hobby","","","","","","","","Clear","","","","","","4\"" x 3.3\""","","","",""
"EVR-CANVAS-BACKPACK-PARENT","","ASR Outdoor 30L Heavy Stitch Gold Panning Backpack Camping Canvas Rucksack","","","","gold panning, Gardening, Outdoor, Metal Detector","","","","","","","","","","","","","","Large","","","",""
"EVR-GRIPTAPEBP-ODGRNNVY","","ASR Outdoor 19L Griptape Backpack Dual Zip Two Tone Navy OD Green Travel Bag","","","","","","","","","","","","","","","","","","16""","","","",""
"EVR-ROUNDDUFFE23L-BLK","","ASR Outdoor Round Duffel Bag Adjustable Shoulder Strap Travel 16 Liter","","","","","","","","","","","","","","","","","","16""","","","",""
"FLL-BOSDTBO-L375LD5-BLCK","","Battle Round Personal Bottle Opener Stealth Key Chain","","","","","","","","","","","","","","","","","","Small","","","",""
"FLL-FOHHAM30MM-30MM-BLCK","","Flatline Ops 30mm Rifle Scope Mount ADI/ACI Ring System for Scopes","","","","","","","","","","","","","","","","","","30mm","","","",""
"FLL-HALOXLEVEL-PARENT","","Flatline Ops Halo-X Ultra Precision Rigid Scope Level Bubble (Multiple Sizes)","","","","","","","","","","","","","","","","","","","","","",""
"FLL-HNHSTBAT","","Flatline Ops Nylon Hanging Strap Bag Attachment Snap Hook (Tan)","","","","","","","","","","","","","","","","","","","","","",""
"FLL-SLIDECOVERPLATE-PARENT","","Flatline Ops Rear Slide Gun Back Butt Plate Cover for Glock Firearm Accessory","","","","","","","","","","","","","","","","","","attr:Pattern","","","",""
"SON-DHDCUT-2PC-4-SLVR","","7 Function Small Pocket Camping Utensil Flatware, Spoon Fork Knife","","","","","","","","","","","","","","","","","","4\""","","","",""
"NPT-STK440SS-3PC-6-SLVR","","ASR Tactical 3 Piece Throwing Knife Set 440 Stainless Steel with Compact Carrying Case","","","","","","","","","","","","","","","","","","6""","","","",""
"SON-SFKFHSS-P-GRY","","Small Field Knife Pocket Fishing Tackle Box Grooved Angle Sharpening Stone","","","","","","","","","","","","","","","","","","Pocket","","","",""
"SON-35ISTSSSTS-35-SLVR","","Stainless Steel Tailors Stork Craft Scissors Straight Sharp Tip, 3.5 inch","","","","","","","","","","","","","","","","","","3.5 Inch","","","",""
"HWC-AFLDIH-STD-BLCK","HWC-ASRF-DOUBLEIDHOLDER-PARENT","ASR Federal Leather Bifold Minimalist Double ID Card Holder, Black","","","","","Dual Clear ID Window Slots","","","","","","","Black","","","","","","Standard","","","",""
"HWC-AFLENCBAIH-STD-BLCK","","ASR Federal 3 in 1 Leather ID Badge Holder Police Gear with Lanyard Neck Chain, Belt Clip Attachment, Black","","","","","","","","","","","","","","","","","","","","","",""
"HWC-HIDDENBADGERFID-PARENT","","ASR Federal Leather Police Bifold RFID Wallet Badge Holder with Removable ID Card Holder (Round, Shield, Oval), Black","","","","","","","","","","","","Black","","","","","","","","","",""
"HWC-LEATHERBADGEHOLDER-BLACK","","ASR Federal 2 in 1 Leather ID Badge Holder Police Gear with Lanyard Neck Chain, Black","","","","","","","","","","","","Black","","","","","","Compact","","","",""
"HWK-10POCKETTOOLBELT-PARENT","","Deluxe Carpenter Tool Belt Pouch Heavy Duty Suede Leather Fits Hammer And Nails","","","","","","","","","","","","","","","","","","","","","",""
"HWK-10POCKETTOOLBELT-PARENT-TT","","ToolTreaux 10 Pocket Suede Leather Tool Pouch Hammer Drill Tool Bag","","","","","","","","","","","","","","","","","","","","","",""
"HWK-ATESB-144PC","","144pk ASR Tactical Escape Saw Blades Outdoor Emergency and Personal Defense","","","","","","","","","","","","Black","","","","","","","","","",""
"HWK-CAMPINGVEST-8PKTS","","ASR Outdoor Nylon Camping Vest Gold Panning Adjustable Hunting Fishing Jacket","","","","","","","","classic","","","nylon","Brown","","","","","","Large","","","",""
"HWK-LEATHAPRON-PARENT","","ToolTreaux Unisex Large Leather Workshop Apron Full Body with Pockets","","","","","","","","Leather Apron","","","","","","","","","","One Size Fits Most","","","",""
"HWK-TAILORSSCISSORS-12IN","","ToolTreaux Stainless Steel Heavy Duty Fabric Scissors Sewing Supplies, 12 Inch","","","","","","","","","","","","Silver","","","","","","12\""","","","",""
"HWK-TAILORSSCISSORS-PARENT","","ToolTreaux Stainless Steel Heavy Duty Fabric Scissors Sewing Supplies (3 Sizes)","","","","","","","","","","","","","","","","","","","","","",""
"HWK-TOOLBELT-PARENT","","9 Pocket Carpenter Tool Belt Heavy Duty Suede Leather Fits Hammer And Nails","","","","","","","","","","","","","","","","","","","","","",""
"HWK-TOOLBELT-PARENT-HPN","","7 Pocket Suede Leather Tool Belt with Heavy Duty Nylon Belt with Quick Release","","","","","","","","","","","","","","","","","","","","","",""
"HWK-TOOLBELT-PARENT-TT","","ToolTreaux 9 Pocket Leather Tool Belt Large Hammer Drill Tool Pouch","","","","","","","","9 Pocket Carpenters Tool Belt","","","","","","","","","","","","","",""
"HWK-TT-10PCKTTOOLPOUCH-TAN","HWK-TT-TTOOLBELT-TAN-PARENT","ToolTreaux 10 Pocket Heavy Duty Leather Tool Pouch DIY Woodworking, 12 x 10 Inch","","","","","","","","","","","","Brown","","","","","","Medium","","","",""
"HWK-TTX-METALSIFTSET-5PC","","ToolTreaux Interchangeable Fine Mesh Sieve Set Gardening Composting Tools, 5pc","","","None","Gardening","","","","","","","","Silver","","","","","","Medium","","","",""
"HWK-TTX-SIFTSETBACKPACK-6PC-BUN","","ToolTreaux Interchangeable Fine Mesh Sieve Set with Drawstring Backpack, 6pc","None","","None","Gardening, Gold Panning","","CONSS2PC","","","","","","Black","","","","","","Medium","","","",""
"IGE-BSHCDSTU-36W","","Brief Safe Travel Security Hidden Contents Diversion Safe Wallet Passport Protector","","","","","","diversion safe","","Diversion Safe","","","","White","","","","","","Small","","","",""
"KEVLAR-200-CORD-PARENT","","Cord Made with Kevlar Survival Paracord Rope 200lbs Strength (Various Lengths)","","","","","","","","","","","","","","","","","","Varies","","","",""
"KOL-ASRO-EMTENT-SLVR","","ASR Outdoor 2 Person Reflective Emergency Shelter Lightweight Waterproof Tent","","","","","","","","","","","","Silver","","","","","","8' x 8'","","","",""
"KOL-CAMPUTENSILS-HI006","","ASR Outdoor 3pc Reusable Backpacking Camping Travel Cutlery Plastic Utensils Set","","","","","","","","","","","","","","","","","","6""","","","",""
"KOL-FRUITVEGGIEPEELER-PARENT","","Universal Handy Helpers Fruit and Vegetable Peeler Dishwasher Safe (2 Colors)","","","","","","","","","","","","","","","","","","Standard","","","",""
"LST-48PCTRUCK-MY020-PARENT","","Kidplokio Giant Engines 1:32 Scale Semi Truck Construction Cargo Carrier Toy Set, Ages 3-12, Blue or Red","","","","","","","","Semi Truck","","","","","","","","","","","","","",""
"LST-BOATHAULER-YX5899-KPKO","","Kidplokio Friction Power Off Road Monster Truck Toy Boat Trailer Hitch, Red, Boys Ages 3 and Up","Monster Truck","","","","","","","Monster Truck with Speed Boat","","","","","","","","","","large","","","",""
"LST-CONSTRUCTION-RED","LST-CONSTRUCTION-PARENT","TychoTyke Construction and Rescue Tools Truck with Light and Sound Red","","","","","","","","","","","","Red","","","","","","15""","","","",""
"LST-CONSTRUCTION-YLW","LST-CONSTRUCTION-PARENT","TychoTyke Construction and Rescue Tools Truck with Light and Sound Yellow","","","","","","","","","","","","Yellow","","","","","","15\""","","","",""
"LST-DIECASTCARSET-PARENT","","KidPlay Deluxe Die Cast Car City Set Racing Airport Military Fire Construction","Cars","DCC-0023","","","","","","","","","","multi-colored","","","","","","","","","",""
"LST-DINOTRUCK-ORG","LST-DINOTRUCK-PARENT","TychoTyke 12pc Dinosaur Toys Action Figures with Toy Truck Storage Playset, Lights Sounds, Orange, Boys Ages 3+","Dinosaur","","","","","","","","standard","","","Orange","","","","","","15\""","","","",""
"LST-GALAXYSRD-PARENT","","Kidplokio Galaxy Space Sword Interactive Toy Real Lights and Sounds (2 Colors)","Space","","","Space","","","","","","","","","","","","","","20"" x 7.5"" x 2""","","","",""
"LST-TWTTDRCCS-7PC-LG-RD","","7pc Thunder Wheels Die Cast Auto Hauler Toy Truck Diecast Race Car Carrier, Ages 3-12","Cars","","","","","","","","","","","Red","","","","","","Large","","","",""
"LST-KIDSGOLFCADDYSET-BLUE","","KidPlay Products Kids Toddler Outdoor Golf Club Pretend Play Set - Blue","","","","","","","","","","","","Blue","","","","","","Medium","","","",""
"LST-KIDSGOLFCADDYSET-RED","","KidPlay Products Kids Toddler Outdoor Golf Club Pretend Play Set - Red","","","","","","","","","","","","Red","","","","","","","","","",""
"LST-KPL-DIECASTCARSET-50PC","LST-KPL-FASTLANE-PARENT-PZ-AMZ","Kidplokio Ultimate Fleet 50pc Multicolor Diecast Toy Cars Playset for Boys, Ages 3+","Cars","","","","","","","Stocking Stuffers for Boys","","","","multi-colored","","","","","","50 Piece Race Cars","","","",""
"LST-KPL-DIYPOLCESTATIONKIT-BLU-660A2","LST-KPL-DIYKIT-PARENT","Kidplokio 8pc City Transport Playmat Set Friction Power Police Cars Boys 3 and Up","","","","","","","","","","","","Police Station","","","","","","8pc","","","",""
"LST-KPL-PIRATESHIP-RED","LST-KPL-PIRATESHIP-PARENT","Kidplokio Pirate Ship Ocean Adventure Playset with Lights Sounds Action Figures, Red, Boys, Ages 3+","","","","","","","","Toy Pirate Ship","","","","Red","","","","","","11""","","","",""
"LST-LUFERTWFUB-RD-BUN","","Fire Engine Rescue Truck with Firefighter Utility Bucket","","","","","","","","","","","","Red","","","","","","Large","","","",""
"LST-MONSTERATV-PARENT","","Kidplokio Monster Trucks ATV Off Road Friction Toys Trailer Pull Back Cars","","","","Monster Trucks","","","","","","","","","","","","","","3pc","","","",""
"LST-SEMITRUCK-666-10K-ASST","LST-KPL-FASTLANE-PARENT-PZ-AMZ","Kidplokio 1:24 Scale Diecast Hot Rod Car Carrier for Toy Race Cars, Boys Ages 3-8","Cars","","","Toy Vehicles","","","","","standard","","","Assorted","","","","","","Large","","","",""
"LST-SMKFPMTSBHPS-KPP-BUN","","Path Blazer Friction Power Monster Truck Speed Boat Hauler With Trailer","Monster Truck","","","","","","","","","","","Red","","","","","","Medium","","","",""
"LST-SPCSWRDBAG-PARENT","","Kidplokio 2pc Space Gift Bundle Toy Sword and Superhero Cinch Bag  (2 Colors)","Superheroes","","","Space","","","","","","","","Green","","","","","","2pc","","","",""
"MCN-FSABRA-1OZ-CLR-3","MCN-FREESOLE-PARENT","Freesole Shoe and Boot Repair Adhesive","","","","","","","","","","","","Clear","","","","","","1oz","","","",""
"MCN-GARVXDCMRP-BNDL-AMZ","","GEAR AID Revivex Down Care Kit for Jackets and Sleeping Bags, with Down Cleaner and Repair Patches","","","","","","GARVXDCWBNDL-AMZ","","Down Kit","","","","","","","","","","10oz","","","",""
"MCN-GARVXPCW-BNDL-AMZ","","GEAR AID Care Kit with Revivex Pro Cleaner and Revivex Wash-In Water Repellent","","","","","","GARVXPCWBNDL-AMZ","","Cleaner + Wash-In WR","","","","","","","","","","12 oz","","","",""
"MCN-GARVXPCWIWBP-BNDL-AMZ","","GEAR AID Care Kit with Revivex Pro Cleaner, Revivex Wash-In Water Repellent and Tenacious Tape Mini Patches","","","","","","GARVXPCWIWFMPBNDL-AMZ","","Cleaner + Wash-In + Patches","","","","","","","","","","12 oz","","","",""
"MCN-MGA80ESRC-80-BLCK","","Gear Aid Elastic Shock 80 inch Repair Cord Outdoor Camping Hiking Kit - Black","","","","Outdoor, Camping, Hiking","","","","","","","","","","","","","","80""","","","",""
"MCN-HEROCLIPLRG-BLU-210014-401","","HEROCLIP Carabiner Clip and Hook (Large) for Camping, Backpack, Organization, and Garage (Blue)","","","","","","","","","","","","","","","","","","Large","","","",""
"MCN-HEROCLIPMINI-BLCKBLU-210011-923","","HEROCLIP Carabiner Clip and Hook (Mini) for Travel, Luggage, and Small Bags (Black & Blue)","","","Solid","","","","","","","","","Black & Blue","","","","","","Mini","","","",""
"MCN-HEROCLIPSML-BLKRED-210012-922","","HEROCLIP Carabiner Clip and Hook (Small) for Purse, Stroller, and Backpack (Black with Red Hook)","","","","","","","","","","","","","","","","","","Small","","","",""
"MCN-MEMNORABC-2OZ-CLR-2","","Gear Aid Revivex Odor Eliminator, for Tents, Footwear and Sports Gear, 2 fl oz","","","","","","","","2 fl oz","","","","","","","","","","2oz","","","",""
"MCN-MGAZP-2E-BLCK","","GEAR AID Zipper Pulls, Set of 2","","","","Outdoor, Camping, Hiking","","","","1 Pair","","","","","","","","","","2 Inches","","","",""
"MCN-MOME2OZZCZCALWB-2O-CLR","","Zip Care Zipper Cleaner Lubricant Outdoor Camping and Hiking Repair","","","","Outdoor, Camping, Hiking","","","","","","","","","","","","","","2 oz","","","",""
"MCN-MOMUAQDGTNBX-2PC-35X62-NVYBL","MCN-COMPACTTOWEL-PARENT","Microfiber Ultra Absorbent Quick Dry Gym Towel Outdoor - Navy Blue XL","","","","Outdoor, Camping, Hiking","","","","","","","","Navy","","","","","","35 x 62-Inch/X-Large","","","",""
"MCN-NIGLO-ORG1PK-91502","","GEAR AID Ni Glo, 2"" Glowing Keychain for Camping, SCUBA and Night Fishing, Orange","","","","","","","","1 Pack","","","","","","","","","","Green","","","",""
"MCN-REFLTTAPEPATCH-GRY","","GEAR AID Tenacious Tape Reflective Patches for Safety, Jackets, Bike and Outdoor Gear, Various Sizes, Silver","","","","","","","","","","","","","","","","","","","","","",""
"MCN-SEAMGRIPFC-PARENT","","Gear Aid Seam Grip FC Fast Cure Sealant for Tents, Clear","","","","","","","","","","","","","","","","","","","","","",""
"MCN-SEAMGRIP-REPAIRKIT-PARENT","","GEAR AID Seam Grip WP Field Repair Kit for Tents and Outdoor Gear","","","","","","","","","","","","","","","","","","","","","",""
"MCN-TENTAPE-GEARPATCHES-PARENT","","Gear Aid Tenacious Tape Gear Patches for Jacket, Tent and Outerwear Repair, 3"" x 20""","","","","","","","","","","","","","","","","","","","","","",""
"MCN-TTAPE-SILNYLON-3X5","MCN-TTAPE-SILNYLON-3X5-PARENT","GEAR AID Tenacious Tape Silnylon Patches for Silicone Tent and Tarp Repair, 3""x5""","","","","","","","","1 Pack","","","","","","","","","","","","","",""
"NPT-135CKWAEFSAH-135-2","","13.5"" American Eagle Flag Collector Etched Blade Hunting Knife with Scabbard","","","","","","","","","","","","","","","","","","13.5""","","","",""
"NPT-6TOPWMNCKSNG-2PC-6-GRN","NPT-PARACORDNECKKNIFE-PARENT","6"" Paracord Wrapped Compact Neck Chain Knife with Sheath (Neon Green) Tactical Outdoor","","","","","","","","","","","","green","","","","","","Medium","","","",""
"NPT-ANIMALHUNTINGKNIFE-PARENT","","ASR Outdoor 13.5"" Collector's Hunting Knife with Animal Head Pommel","","","","","","","","","","","","","","","","","","","","","",""
"NPT-AOFTSATWWH-11-BLCK","","Universal Full Tang Spiked Axe Tomahawk Wooden Handle Ultra Lightweight Tactical","","","","","","","","","","","","Black","","","","","","11""","","","",""
"NPT-ASRO-2IN1PARASHARKKNIFE-BLK","","ASR Outdoor 2 in 1 Stainless Steel Shark Full Tang Fixed Blade Survival Knife","","","","","","","Enter numeric value.","knife","","","","Black","","","","","","Small","","","",""
"NPT-ASRO-9IN1SURVIVALKNIFE-BLK","","ASR Outdoor 9 in 1 Multitool Folding Pocket Knife with G10 Handle, Black","","","","","","","","","","","","Black","","","","","","Small","","","",""
"NPT-ASTKUNAI-6PC","","ASR Outdoor 6 Piece 6.5 Inch Ninja Kunai Set Assorted Colors With Sheath Set","","","","","","","","","","","","","","","","","","6.5 Inch","","","",""
"NPT-BLKKNIFE-HWT268BK","","ASR Tactical Kwaiken Blade Full Tang Knife with Slim Kydex Sheath - Black","","","","","","","","","","","","Black","","","","","","8.5""","","","",""
"NPT-CERAMICMICROSTRIKER-PARENT","","ASR Outdoor 2 Pack Fire Starter Micro Ceramic Ferro Rod Striker Create Sparks Emergency Survival Tool","","","","","","","","","","","","","","","","","","","","","",""
"NPT-DRAGONKNIVES-6PC","","ASR Tactical 9 inch Stainless Steel Silver Dragon Design Throwing Knives 6 Piece","","","","","","","","","","","","Silver","","","","","","9""","","","",""
"NPT-DROPPOINTKNIFE-PARENT","","ASR Tactical Full Tang Paracord Survival Knife with Sheath (Tanto or Drop Point)","","","","","","","","","","","","","","","","","","","","","",""
"NPT-EMSPOCKETKNIFE-ORG","","ASR Outdoor Camping EMS Emblem Pocket Knife Spring Assisted Serrated Tanto Blade Orange","","","","","","","","","","","","","","","","","","8.375""","","","",""
"NPT-G11IFTHK-2PC","","ASR Outdoor 11 inch Full Tang Hunting Guthook Knife for Fishing Cleaning, Fixed Blade","","","","","","","","","","","","","","","","","","","","","",""
"NPT-HDCAHWSB-2PC-STD-BLCK","","ASR Outdoor Heavy Duty Camp Axe Hatchet with Sheath- Survival Prep","","","","","","","","","","","","Black","","","","","","Standard","","","",""
"NPT-HUNTKNF-AMWOLF-PARENT","","ASR Outdoor American Flag Fixed Blade Hunting Knife Patriotic Gift Wolf Design","","","","","","","","","","","","","","","","","","","","","",""
"NPT-MINIKEYCHAINKNIFE-PARENT","","ASR Outdoor Mini Folding Key Chain Knife 2.75 Inch Pocket Blade Tool","","","","","","","","","","","","","","","","","","","","","",""
"NPT-OPENRESCUEKNIFE-BLK","","ASR Outdoor 8.25 Inch Folding Rescue Knife with Belt Clip and Seat Belt Cutter - Black","","","","","","","","","","","","black","","","","","","","","","",""
"NPT-OPENRESCUEKNIFE-SILVER","","ASR Outdoor 8.25 Inch Rescue Knife with Belt Clip Seat Belt Cutter","","","","","","","","","","","","","","","","","","","","","",""
"NPT-POCKETKNIFE-BLK","","ASR Outdoor 3 in 1 Hiking Camping Survival Multi Tool Fire Starter Pocket Knife","","","","","","","","","","","","Black","","","","","","10""","","","",""
"NPT-POCKETKN-PARENT","","ASR Outdoor Styled Inlay Pocket Knife Steel Blade Thumb Assist Open Pocket Clip","","","","","","","","","","","","","","","","","","","","","",""
"NPT-POCKKNFBLK-PBK241BK","","ASR Tactical Drop Point Blade Thumb Assist Pocket Knife Stainless Steel - Black","","","","","","","","","","","","Black","","","","","","9""","","","",""
"NPT-POCKKNFBLK-PBK241CH","","ASR Tactical Drop Point Blade Thumb Assist Pocket Knife Stainless Steel - Chrome","","","","","","","","","","","","Chrome","","","","","","9""","","","",""
"PF-POSTER-DUMBBELL-PARENT","","Productive Fitness Poster Series - Dumbbell Exercises (Upper & Core) Home Use","","","","","","","","","","","","","","","","","","","","","",""
"POLISHVAR-PARENT","","Metal Polish Compound Stick Clean Buff Metal Items Remove Oxidation (4 Types)","","","","","","","","","","","","","","","","","","","","","",""
"PRF-DELFP-SML-BL","","Dumbbell Exercises Laminated Fitness Poster 4 Pack","","","","","","","","","","","","","","","","","","Small","","","",""
"PRF-FIGHTTHROUGH-PARENT","","Productive Fitness Fighthrough Series Work Out Poster Laminated (10 Styles)","","","","","","","","","","","","","","","","","","","","","",""
"PRF-FITNESSHANDBOOKS-PARENT","","Productive Fitness Handbooks","","","","","","","","","","","","","","","","","","","","","",""
"PRF-FITNESSPOSTERSLAM-PARENT","","Productive Fitness Home Gym Work Out Poster - Laminated (Many Exercises)","","","","","","","","","","","","","","","","","","","","","",""
"PRF-MEDICINEBALLPOSTER-PARENT","","Productive Fitness Poster Series (Medicine Ball) Basic Exercises for At Home Use","","","","","","","","","","","","","","","","","","","","","",""
"PRF-MUSCLEPOSTER-PARENT","","Productive Fitness Muscle Diagrams Poster Series Male and Female for Use At Home","","","","","","","","","","","","","","","","","","","","","",""
"PRF-PFPSUBSEN-STD-BL","PRF-STRETCHINGPOSTER-PARENT","Productive Fitness Poster Series Upper Body Stretching Exercises Non-Laminated","","","","","","","","","","","","","","","","","","Standard","","","",""
"PRF-PFPSLBSEN-STD-BL-3","","Productive Fitness Poster Series Lower Body Stretching Exercises Non-Laminated","","","","","","","","","","","","","","","","","","Standard","","","",""
"PRF-RESISTANCETUBINGPOSTER-PARENT","","Productive Fitness Resistance Tubing Workout Training Poster Series Home Use","","","","","","","","","","","","","","","","","","","","","",""
"PRF-YOGAPOSTER-PARENT","","Productive Fitness Poster Series - Yoga Exercises | Laminated or Non-Laminated","","","","","","","","","","","","","","","","","","","","","",""
"SHM-100GLBH-5X325-SLHD-BLCK-2","","100% Genuine Leather Universal Law Enforcement Badge Holder - Shield","","","","","","","","","","","","Black","","","","","","Shield","","","",""
"SHM-BCBH-ONE-BLCK","","ASR Federal Universal Belt Clip Badge Holder with Metal Clip, Made in USA, Leather, Black","","","","","","","","","","","","Black","","","","","","One Size","","","",""
"SHM-HDTIPFAO-STD-SLVR","","ASR Outdoor Solid Titanium Ice Pick, 9.25""","","","","","titanium edc","","","Titanium Ice Pick","","","","Silver","","","","","","Standard","","","",""
"SON-100PKZIPLOCKBAG-PARENT","","100pc Self Locking Plastic Bags 2mm Thick All Purpose Storage Baggies","","","","","","","","","","","","","","","","","","","","","",""
"SON-10SCHHSMFM","","ToolTreaux 10 inch Stone Carving Hammer Hardened Steel Mallet for Masonry","","","","","","","","Masonry Mallet Hammer","","","","Black","","","","","","","","","",""
"SON-10SCHHSMFM-2","","ASR Outdoor 10 inch Stone Carving Hammer Hardened Steel Mallet for Masonry","","","","","","","","Masonry Mallet Hammer","","","","","","","","","","","","","",""
"SON-12ISSRMASM-12I-MTLC","","12 inch Stainless Steel Ruler Metric and SAE Measurements","","","","","","","","","","","","","","","","","","12 in","","","",""
"SON-13IPOCSCHS-3PC-13-SLVR-6PK","","6 Pack Portable Outdoor Camping Survival Wire Hand Saw With Two 35 cm Blades","","","","","","","","","","","","","","","","","","13 inch","","","",""
"SON-1WF120L-35-BLCK","","1 Watt Flashlight - 120 Lumens","","","","","","","","","","","","Black","","","","","","3.5 Inch","","","",""
"SON-20ITLWAC-10PC-STD-RD","","10pc Insulated Test Lead Cable with Alligator Clips Colorful Set - 20 Inch","","","","","","","","","","","","Multi","","","","","","Standard","","","",""
"SON-MEBH-10PC-SML-SLVR","","Universal Tool 10 Pack of .25in Hex Shank Magnetic Bit Extension Holder for Power Tools","","","","","","","","","","","","Silver","","","","","","Small","","","",""
"SON-3DPATKNIF-GRY","","ASR Tactical Thumb Assisted Drop Point Serrated Pocket Knife 3D Pattern 4.75 In","","","","","lightweight, rust resistant","","","","","","","Grey","","","","","","4.75""","","","",""
"SON-3I1HHPB-8X13X3-BLCK-EBAY","","Universal Multitool Emergency Survival Hatchet Hammer Pry Bar Utility Tool","","","","","","","","","","","","","","","","","","","","","",""
"SON-3IN1CUSKFS-3PC-ONE-SLVR-4PK","","ASR Outdoor (4-Pack) Camping Utensil 3pc Set of Military MRE Camping Accessories","","","","","","","","","","","","","","","","","","One Size","","","",""
"SON-3IN1HEADLAMP-BLK-FL8217HB","","ASR Outdoor 3 IN-1 Rechargeable LED Camping Headlamp Bike Light with Magnet","","","","","","","","","","","","Black","","","","","","Adjustable","","","",""
"SON-3LDSARFNB-BL","","ASR Outdoor Emergency Motion 3 LED Dynamo Squeeze Action Rechargeable Flashlight - No Batteries","","","","","","","","","","","","Blue","","","","","","4 in x 2in x .5 in","","","",""
"SON-425SHTTNSB-425","","Shear Scissors Blades Sharp Heat Treated Thread Nipper 4.25 inches","","","","","","","","","","","","","","","","","","4.25 Inch","","","",""
"SON-475POCKETKNIFE-CAMO-PARENT","","Drop Point Outdoor Folding Pocket Knife 4.75 Inch with Window Punch, Camo Styles","","","","","","","","","","","","","","","","","","","","","",""
"SON-500LLIGHT-FL338-10W","","ASR Tactical 5.25 Inch Compact Multi Mode 500 Lumen LED Flashlight Wrist Strap","","","","","","","","","","","","Black","","","","","","5.25""","","","",""
"SON-500-LUMEN-WORKLIGHT","","Universal Tool - 500 Lumen 5w COB 12SMD - Multipurpose Emergency Work Light","","","","","","","","","","","","Black","","","","","","500 Lumen","","","",""
"SON-500POCKETKNIFE-CLIPPOINT-PARENT","","Clip Point Emergency Folding Pocket Knife 5"" American Legacy Graphic","","","","","","","","","","","","","","","","","","","","","",""
"SON-50HSSDB116IS-10PC-STD-SLVR","","High Speed Steel Drill Bits 1/16 Inch Shank 10pc 50","","","","","","","","","","","","","","","","","","Standard","","","",""
"SON-53HSSDB116IS-10PC-5316-SLVR","","10pc #53 High Speed Steel Drill Bits 1/16 Inch Shank","","","","","","","","","","","","","","","","","","53","","","",""
"SON-550PARACORD-100FT-GLOGRN-IR-TT","","ASR Outdoor 550 Paracord Rope Strong 7 Strand Cordage - Glow in the Dark 100ft","","","","","","","","","","","","","","","","","","100ft","","","",""
"SON-550PARACORDROPE-ASRO-PARENT","","ASR Outdoor Survival 550 Type III Mil-Spec Tactical Paracord Rope (Many Lengths)","","","","","","","","","","","","","","","","","","","","","",""
"SON-550PARACORDROPE-PARENT","","Paracord Mil-Spec Commercial Grade 550lb Type III Nylon Cord Rope Many Lengths","","","","","","","","","","","","","","","","","","","","","",""
"SON-57HSSDB116IS-10PC-5716-SLVR","","High Speed Steel Drill Bits 1/16 Inch Shank 10pc 57","","","","","","","","","","","","","","","","","","57","","","",""
"SON-5INFOLDINGKNIFE-BLK","","ASR Outdoor Thumb Assisted Folding Knife Belt Clip Seat Belt Cutter Window Punch","","","","","","","","","","","","Black","","","","","","5""","","","",""
"SON-5INFOLDINGKNIFE-SLV","","ASR Outdoor Thumb Assisted Folding Knife Belt Clip Seat Belt Cutter Punch Silver","","","","","","","","","","","","Silver","","","","","","5""","","","",""
"SON-ZAPPER-MP-4BL","","ASR Outdoor 360 Rechargeable All-Weather Mosquito Trap Bug Zapper Portable LED Lantern","","","","","","","","","","","","","","","","","","5.5""","","","",""
"SON-6I1CUM-2PC-55X1-GRN-2","","ASR Outdoor 6 in 1 Camping Utensil Multi-Tool with Carrying Case","","","","","","","","","","","","","","","","","","5.5\"" x 1\""","","","",""
"SON-7DCFFS6DG-6PC-7E-TT","","ToolTreaux 6pc Diamond Coated Flat File Set, 40 to 600 Grit","","6pcDiamondFile","","","","","","","","","","","","","","","","6pc Flat File Set","","","",""
"SON-7IN1SURVIVALWHISTLE-PARENT","","Kids Survival Outdoor Camping Multi Tool Whistle Compass LED 7 in 1 Flashlight","","","","","","","","","","","","","","","","","","","","","",""
"SON-7SNFBT-STD-SLVR","","7 Inch Sapphire Nail File Home Manicure Pedicure Tool Beauty and Personal Care","","","","Beauty","","","","","","","","Silver","","","bathroom","","","Standard","","","",""
"SON-ABCBFER-SML-SLVR","","Universal Tool 30 Piece Assorted Button Cell Batteries for Electronic Repairs","","","","","","","","","","","","","","","","","","Small","","","",""
"SONA-CUTTINGMAT-PARENT","","Hobby and Craft Self Healing Thick Cutting Board Mat - Multiple Sizes","","","","","","","","","","","","","","","","","","","","","",""
"SONA-DIAMOND-BURR-150-IR-TT","","ToolTreaux Diamond Coated Cutting Burrs Set Assorted Rotary Tools 30pc 150 Grit","","","","","","","","","","","","","","","","","","150 Grit","","","",""
"SON-ALKALINE-BUTTONBATTS-IR-TT","","ToolTreaux Assorted Alkaline Button Electronic Batteries Assorted Sizes - 30pc","","","","","","","","","","","","","","","","","","Small","","","",""
"SON-ALUMTENTSTAKERD-PARENT","","ASR Outdoor 9 Inch Aircraft Grade Aluminum Camping Stakes Tent Stakes (Assorted Pack Sizes)","","","","","","","","","","","","Red","","","","","","","","","",""
"SON-AO20GPP","","ASR Outdoor Gold Panning Prospector Pick Compact Folding Camping Shovel Tool","","","","gold panning, Gardening, Outdoor, Metal Detector","","","","","","","","","","","","","","","","","",""
"SON-AO6ITWBNKFB-6E-BLCK","","Serrated Fixed Blade Tanto Point Hunting Neck Knife - Black","","","","","","","","","","","","","","","","","","6 Inches","","","",""
"SON-AOLWSC-55E-OPQ","","ASR Outdoor Large Translucent Waterproof Camping Storage Container - 5.5 Inch","","","","","","","","","","","","Opaque","","","","","","5.5 Inches","","","",""
"SON-AOPAKR-SML-SLVR","","ASR Outdoor Brass Body Nickel Plated Pull Apart Key Ring Travel Accessory","","","","","","","","","","","","Nickel","","","","","","Small","","","",""
"SON-AOSPRB100F-100F-BLCK-IR-TT","","ASR Outdoor 550 Paracord Rope Strong 7 Strand Parachute Cord - Black 100ft","","","","","","BP-467-1","","","","","","","","","","","","100 feet","","","",""
"SON-AOSPROG100F-100F-ODGRN-IR-TT","","ASR Outdoor 550 Paracord Rope Strong 7 Strand Parachute Cord - OD Green 100ft","","","","","","ODGP-204-1","","","","","","","","","","","","100 feet","","","",""
"SON-AOTAC-BUN-2PC-20PK-3B1-BLCK-2","","20pk ASR Outdoor 3 1/4 Inch x 1 Inch Tarp Camping Secure Grip Awning Clamps","","","","","","","","","","","","","","","","","","3 inch by 1 inch","","","",""
"SON-AOTAC-BUN-2PC-4PK-3B1-BLCK-2","","4pk ASR Outdoor 3 1/4 Inch x 1 Inch Tarp Camping Secure Grip Awning Clamps","","","","","","","","","","","","","","","","","","3 inch by 1 inch","","","",""
"SON-AOTAC-BUN-2PC-810PK-3B1-BLCK-2","","10pk ASR Outdoor 3 1/4 Inch x 1 Inch Tarp Camping Secure Grip Awning Clamps","","","","","","","","","","","","","","","","","","3 inch by 1 inch","","","",""
"SON-AOTAC-BUN-2PC-8PK-3B1-BLCK-2","SON-AWNINGCLAMPS-PARENT","ASR Outdoor Secure Locking Tarp Clip Awning Clamps, 3.25 x 1 inch, 8 Pack","","","","","","","","","","","","","","","","","","3 inch by 1 inch","","","",""
"SON-AOTFSSMFOU23I-23-BLCK","","ASR Outdoor Tri Fold Steel Shovel Multi Functional Outdoor Use 23 Inch","","","","","","","","","","","","","","","","","","23 Inch","","","",""
"SON-ASR-EMERG-CNDL-PARENT","","ASR Outdoor 4-Wick 48 Hour Survival Candle for Camping Emergency Fire Starter in Tin","","","","","","","","","","","","","","","","","","","","","",""
"SON-ASRF-LGHAMMER-PARENT","","Large Universal Car Emergency Hammer Window Punch and Seat Belt Cutter Tool","","","","","","","","","","","","","","","","","","","","","",""
"SON-AWNCLMPCARB-4PC-BUN","","ASR Outdoor Carabiner and Awning Clamp Set Camping Essentials Tarp Clips 4pc Set","Camping","","Solid","","","","","","","","","Black","","","","","","4pc","","","",""
"SON-BFTOUMT-MED-BLCK","","ASR Outdoor Barbecue Fork Extendable Metal Dual Prong Fire Cooking Utensil","","","","","","","","","","","","","","","","","","Medium","","","",""
"SON-BLACKSTRETCHBALLS-100PK","","ASR Outdoor 100 Pack Black Stretch Cord with Black Ball 6 Inch Length","","","","","","","","","","","","Black","","","","","","6""","","","",""
"SON-BLACKSTRETCHBALLS-100PK-8IN","","Universal Tool 100 Pack Black Stretch Cord with Black Ball 8 Inch Length","","","","","","","","","","","","Black","","","","","","8""","","","",""
"SON-BLE-BBQMATS-BLK-2PC","","Beille Black BBQ Grill Accessories Reusable Non Stick Grilling Mats 13 x 15 Inch, 2pk","","","","","","","2","","","","","","","","","","","Large","","","",""
"SON-CAPLIGHT-FL610-24CL-PARENT","","ASR Outdoor 200 Lumen LED Camping Backpacking Running Cap Light (3 Colors)","","","","","","","","","","","","","","","","","","","","","",""
"SON-CHSAW-SHARPENBURR-PARENT","","ToolTreaux Chainsaw Sharpener Burr Sanding File Hardware Tool 120 - 150 Grit","","","","","","","","","","","","","","","","","","","","","",""
"SON-CINEMA-LIGHTBOX-20BX","","Universal Hanging Cinema String Light Boxes With 90 Characters - 20 Light Boxes","","NB1233SL","","","","","","","","","","White","","","","","","2.25"" x 2.25""","","","",""
"SON-CREDITCARDSURVIVALTOOL-PARENT","","ASR Outdoor 11 in 1 Multi-function Credit Card Sized Wallet Tool Silver","","","","","","","","","","","","","","","","","","","","","",""
"SON-CUTBRD12X15-VARRZ-PARENT-2IH","","Multi-Pack Thin Clear Flexible Plastic Cutting Board Mat 12"" x 15""","","","","","","","","","","","","","","","Kitchen","","","","","","",""
"SON-DAMAGEDSCREWEXTRACTOR-4PC","","Universal Tool Damaged Screw Extractor Set - 4 Pieces Assorted Sizes","","","","","","","","","","","","Black","","","","","","","","","",""
"SON-DAYPACK-PARENT","","ASR Outdoor Water Resistant Collapsible Day Pack (Many Colors)","","","","","","","","","","","","","","","","","","","","","",""
"SON-DBSRT-12PC-SML-SLVR-IR-TT","","ToolTreaux Diamond Coated Cutting Burrs Set Assorted Rotary Tools 12pc 150 Grit","","","","","","","","","","","","","","","","","","Small","","","",""
"SON-UAGBCKE-SML-BRSS","SON-CLOCKWINDINGKEY-PARENT","Universal Antique Grandfather Clock Key, Brass 5-Way Winding Keys (Even)","","","","","","","","","","","","Brass","","","","","","Even","","","",""
"SON-UAGBCKO-SML-BRSS","","Universal Antique Grandfather Brass Clock Key Odd","","","","","","","","","","","","Brass","","","","","","Odd","","","",""
"SON-DHCSDBS14S-6PC","","6pc Diamond Hole Saw Set Core Drill Bits 5/32"" - 1/2"" Tile Glass Marble","","","","","","","","","","","","","","","","","","","","","",""
"SON-DIABURRSET120-30PC","SONA-DIAMOND-BURR-30PC-PARENT","Universal Tool Assorted Diamond Burr Set 120 Grit .125 Inch Shank 30 Pieces","","","","","","","","","","","","","","","","","","120 Grit","","","",""
"SON-DIABURRSET-PARENT","","Universal Tool Assorted Diamond Burr Set 120-150 Grit .125 Inch Shank (Multiple Sizes)","","","","","","","","","","","","","","","","","","","","","",""
"SON-DIAMONDBURRBITSET-30-PARENT","","30pc Diamond Tip Cutting Burr Bit Set for Rotary Tool (Many Grit Sizes)","","","","","","","","","","","","","","","","","","","","","",""
"SON-DIAMONDBURRBITSET-PARENT","","50pc Diamond Burr Bit Set for  Rotary Tool (Multiple Grit Sizes)","","","","","","","","","","","","","","","","","","","","","",""
"SON-DIAMONDHOLESAW-80GRT","","10pc Diamond Coated Hole Saw Set for Glass and Stone, 80 Grit","","","","","","","","","","","","Silver","","","","","","80 Grit","","","",""
"SON-DISCTHROWER-ORG","","ASR Outdoor 4.5 In Clay Target Disc Thrower Right and Left Handed (19 In Long)","","","","","","","","","","","","Orange","","","","","","19""","","","",""
"SON-DOUBLE-SPORTS-BELT","","Universal Fitting Unisex Sports Belt Double Expanding Pockets Cycling, Size M/L","","","","","","","","","","","","","","","","","","Standard","","","",""
"SON-DRYBOX-BLK","","ASR Outdoor Illuminated Dry Box Detachable Lid Large Waterproof Storage Case","","","","","","","","","","","","Black","","","","","","11.4"" x 5.1"" x 7.5""","","","",""
"SON-DUKCS-52PC-A","","52pc Deluxe Utility Cutting Knife Complete Precision Modeling Set","","","","","","","","","","","","Blue","","","","","","Multi-Color","","","",""
"SON-EXTEND-FLYSWATTER-ASSRT","","ASR Outdoor Extendable Insect Bug Fly Swatter Durable Telescopic Pole Anti Slip","","","","","","","","","","","","Assorted","","","","","","10.5""","","","",""
"SON-FIRSTAIDKIT-100PC","","ASR Outdoor First Aid Kit in Waterproof Dry Sack Emergency Supplies 100 Pieces","","","","","","","","","","","","","","","","","","100pc","","","",""
"SON-FLASHLIGHT-BLACK","SON-FLASHLIGHT-COLORS-PARENT","ASR Outdoor Mini Plastic Key Chain Sized Emergency Flashlight w/ Lanyard Black","","","","","","","","","","","","","","","","","","","","","",""
"SON-FLEXIDUSTER-PARENT","","Telescopic Flexible Extending Microfiber Duster for Home and Office Cleaning","","","","","","","","","","","","","","","","","","","","","",""
"SON-OTRSCMP-STD-YLLW","","ASR Outdoor Thermal Mat Heat Reflective Camping Sleeping Pad Insulated Winter Chill","","","","","","","","single person sleeping mat","","","","Yellow","","","","","","Standard","","","",""
"SON-FLINTWHISTLE-PARENT","","ASR Outdoor 3 in 1 Flint Rod Striker Fire Starter Whistle Orange Green Black","","","","","","","","","","","","","","","","","","","","","",""
"SON-FOLDPOCKKNF-PARENT","","ASR Outdoor 3 Function Classic Starter Pocket Utility Multi-Tool","","","Solid","","","","","","","","","","","","","","","2.5""","","","",""
"SON-GUNBRUSHES-18PC","","ASR Outdoor Double Sided Gun Cleaning Brushes and Pick Tools 18 Piece Set","","","","","","","","","","","","","","","","","","18 Piece Brush Set","","","",""
"SON-GUNBRUSHES3-3PC","","ASR Outdoor Double Sided Gun Cleaning Brushes Versatile Bristles 3 Piece Set","","","","","","","","","","","","","","","","","","3 Piece Brush Set","","","",""
"SON-GUNBRUSHESNYL-10PC","","ASR Outdoor Double Sided Gun Cleaning Brushes Nylon Bristles 10 Piece Set","","","","","","","","","","","","","","","","","","10 Piece Brush Set","","","",""
"SON-GUNBRUSHSET-5PC","","ASR Outdoor 5 Piece Gun Cleaning Brush And Pick Set","","","","","","","","","","","","","","","","","","5 Piece Brush Set","","","",""
"SON-GUNCLEANKIT-10PC","","ASR Outdoor .22 Caliber Gun Cleaning Kit Brushes Canvas Pouch 10 Piece Set","","","","","","","","","","","","Green","","","","","",".22 Caliber 10 Piece Set","","","",""
"SON-GUNCLEANKIT-14PC","","ASR Outdoor Gun Cleaning Kit Brass Punches Brushes Canvas Pouch 14 Piece Set","","","","","","","","","","","","Green","","","","","","14 Piece Deluxe Brush Set","","","",""
"SON-GUNCLEANKIT-15PC","","ASR Outdoor 15pc Hand Gun Pistol Cleaning Tool Kit .357 .40 .45 Caliber","","","","","","","","","","","","Orange","","","","","","15 Piece Set","","","",""
"SON-GUNCLEANKIT-24PC","","24 Piece Set ASR Outdoor Gun Cleaning Kit Brass Punches Brushes and Patches","","","","","","","","","","","","Black","","","","","","24 Piece","","","",""
"SON-GUNCLEANPATCHKIT-15PC","","ASR Outdoor 15 Piece Gun Cleaning Brush And Pick Set With Cleaning Patches","","","","","","","","","","","","","","","","","","Small","","","",""
"SON-GUNROPE-PARENT","","ASR Outdoor Compact Rope Gun Cleaning Tool (4 Caliber Sizes)","","","","","","","","","","","","","","","","","","","","","",""
"SON-HANGWORKLIGHT-ORG","","Universal Tool Hanging Hook Work Light 400 Lumen Dual COB LEDs Magnetic Base","","","","","","","","","","led","","","","","","","","8.5""","","","",""
"SON-HAWKBILLKNIFE-DCNV","SON-HAWKBILLKNIFE-PARENT","ASR Outdoor Hawkbill Style Folding Knife Digital Camo Navy Blue Pocket Blade","","","","","","","","","","","","Blue","","","","","","6.5""","","","",""
"SON-HEADLAMP-FL8213-30W","","ASR Outdoor Rechargeable Adjustable 2250 Lumen LED Headlamp Four-Stage Switch","","","","","","","","","","","","","","","","","","Medium","","","",""
"SON-HSSSBAM-2PC-SLVR","","2pc Mini High Speed Steel Saw Blade And Mandrel 1/4 Inch Arbor Size .8mm","","","","","","","","","","","","","","","","","","","","","",""
"SON-HSSSBAM-2PC-SLVR-IR-TT","","ToolTreaux High Speed Alloy Steel Circular Saw Blade Woodcutting Hobby Tool","","","","","","","","","","","","","","","","","","","","","",""
"SON-ICE-TEMPERED-SCISSOR-PARENT","","ToolTreaux Tempered Stainless Steel Barber Scissors Hair Cut Shears","","","","","","","","","","","","","","","","","","","","","",""
"SON-ICE-TEMPERED-SCISSOR-SP104","","Universal Tool Ice Tempered S Steel Salon Hairdressing Barber Scissor 6.5 inch","","","","","","","","","","","","","","","","","","6.5""","","","",""
"SON-JAROPENER-BJ094","","Beille Rubber 4 in 1 Non Slip Multipurpose Adjustable Easy Grip Jar Opener Tool","","","","","","","","","","","","Red","","","","","","9""","","","",""
"SON-JUMBOBINERS-PARENT","","Jumbo 6.5"" XL Carabiner Key Chain With Hand Grip (Many Colors)","","","","","","","","","","","","","","","","","","","","","",""
"SON-KITCHSCALE-WC199K","","Beille Electronic Kitchen Cooking Baking Digital Food Scale 22lbs Capacity","","","","","","","","","","","","","","","","","","22lbs","","","",""
"SON-KNEEPADS-2PC","","2pc Heavy Duty Plastic Cap Knee Pads for Work Gardening Flooring Joint Support","","","","","","","","","","","","Black","","","","","","One Size Fits Most","","","",""
"SON-KNIFE-16IN1","","ASR Outdoor Folding Pocket Knife 16 in 1 Adventure Tool, 4 Inch - Black","","","","","","","","","","","","","","","","","","Small","","","",""
"SON-LED-HEADLAMP-ORANGE","","ASR Outdoor 4 LED Adjustable Hiking Headlamp, Basic Campsite Essential","","","","","","","","","","","","Orange","","","","","","Adjustable","","","",""
"SON-LEDWORKLIGHT-LARGE-BLACKORANGE","","750 Lumen Durable Portable Work Light Indoor Outdoor Multi Use Black","","FL9115-10W","","work light","","","","","","led","","Black","","","Garage, shop","","","Small","","","",""
"SON-MDBS-15PC-3MMT1MM-SLVR","","Universal Hobby 15pc Mini Precision Drill Bit .3mm to 1mm Set","","","","","","","","","","","","","","","","","","1mm","","","",""
"SON-MINPOCKKNV-PARENT","","ASR Outdoor Multifunctional EDC Small Pocket Knife Multi Tool (5 Colors)","","","","","","","","Small Pocket Knife","","","","","","","","","","","","","",""
"SON-MULTI-COLOR-HEADLAMP-FL8219-5","","ASR Outdoor 4 in 1 350 Lumen Multi Color Tilting Head Lamp Camping Garden Hiking","","","","","","","","","","","","","","","","","","2.5""","","","",""
"SON-OEHWPASBC-2","","Orange Emergency Hammer Window Punch and Seat Belt Cutter","","","","","","","","","","","","","","","","","","","","","",""
"SON-PAKAWOODKNIFE-3IN","SON-PAKAWOODKNIFE-PARENT","ASR Outdoor Paka Wood Pocket Knife Folding Blade 440 Stainless Steel Clip Point","","","","","","","","","","","","Brown","","","","","","7.5""","","","",""
"SON-PARACORDBRACELETKIT-1OPC","","ASR Outdoor Assorted Camo Design Paracord Bracelet Kit with Buckles 10ft Each","","","","","","","","","","","","Multi-colored","","","","","","10ft","","","",""
"SON-PARACORDBRACELETKIT-SOL","","ASR Outdoor Assorted Colors Paracord Bracelet Making Kit Matching Buckles 10pc","","","","","","","","","","","","Solid","","","","","","10ft","","","",""
"SON-PHONESTAND-FL89026TL","","Universal Rechargeable Phone Stand Table Lamp Touch Switch 120 Lumen","","","","","","","","","","","","","","","","","","8.5","","","",""
"SON-PISTOLKIT-66PC","","ASR Outdoor 66pc Pistol Cleaning Kit In Zippered Shell Case","","","","","","","","","","","","","","","","","","Small","","","",""
"SON-POCKETKNIFE-BLK","","ASR Outdoor Sleek EDC 7"" Folding Pocket Knife Drop Point Blade, Black","","","","","","","","","","","","black","","","","","","","","","",""
"SON-POCKET-KNIFE-KFD702","","ASR Outdoor Sleek 7"" Folding Pocket Knife Drop Point Blade, Black","","","","","","","","","","","","","","","","","","6.5","","","",""
"SON-POLISHINGWHEEL-2IN","","Universal Tool Cloth Polishing Buff Wheel 2 Inch Diameter Soft Muslin","","","","","","","","","","","","White","","","","","","2""","","","",""
"SON-PONCHOSET-PARENT","","(4 Pack) ASR Outdoor Clear Emergency Poncho Set (3 Colors)","","","","","","","","","","","","","","","","","","","","","",""
"SON-PRB18THSFRT-11PC-IR-TT","","ToolTreaux Mini Router Bits Set for Rotary Tools Heat Treated Carbon Steel 10pc","","","","","","","","","","","","","","","","","","Medium","","","",""
"SON-PWCCS-13PC-STD-BLCK","SON-CHISELSET-PARENT","12pc Professional Wood Carving Chisel Set Various Blades Woodworking Clay and Wax","","","","","","","","","","","","Black","","","","","","13pc","","","",""
"SON-RKBRPRBF8828HK-12PC-SML-SLVR","","10pc Razor Knife Blade Refill Pack Replacement Blades for 8828 Hobby Knife","","","","","","","","","","","","","","","","","","S","","","",""
"SON-ROTARY-TOOL-KIT-RA9276","","Universal Tool 276pc Rotary Tool Accessories Kit on Revolving Stand","","","","","","","","","","","","","","","","","","Large","","","",""
"SON-ROTARY-TOOL-KIT-RA9276-IR-TT","","ToolTreaux Rotary Tool Accessories Kit with Revolving Stand Crafting Tools 276pc","","","","","","","","","","","","","","","","","","Large","","","",""
"SON-RSWFC100G1MMD-100G-SLVR","SON-SOLDERFLUX-PARENT","Universal Tool Reeled Solder with Flux Coating 100 Grams 1mm Diameter","","","","","","","","","","","","","","","","","","100g","","","",""
"SON-SANDSCOOPER-LARGE-PARENT","","ASR Outdoor Large Mineral Gold Prospecting Pay Dirt Hand Trowel","","","","gold panning, Gardening, Outdoor, Metal Detector","No False Positive Readings","","","Scooper","","","","","","","","","","","","","",""
"SON-SGBRUSH-PARENT","","ASR Outdoor Shotgun Cleaning Brush Phosphor Bronze Aluminum Shaft (2 Sizes)","","","","","","","","","","","","Silver","","","","","","","","","",""
"SON-SHOCKCORD-30FT","","ASR Outdoor Elastic Shock Cord Natural Rubber 30 Feet 3mm Diameter, Black","","","","","","","","","","","","","","","","","","30ft","","","",""
"SON-SLEEP-STRAP-2PK","","ASR Outdoor - Sleeping Bag Strap Set - .75 inch x 48 inch","","","","","","","","","","","","Black","","","","","","48""","","","",""
"SON-SMALL-EH432-HAMMER-PARENT","","Auto Emergency Hammer With Seatbelt Cutter and Window Punch","","","","","","","","","","","","","","","","","","","","","",""
"SON-SNAPATITEUTENSILS-4PC","","ASR Outdoor Snapatite 4 in 1 Utensil Set Lightweight Pocket-sized Cutlery 4pc","","","","","","","","","","","","Multi-colored","","","","","","6.75""","","","",""
"SON-SNOW-SHOVEL-8797FSS","","ASR Outdoor 36-Inch Easy to Store Collapsible Foam Grip Snow Shovel","","","","","","","","","","","","","","","","","","36""","","","",""
"SON-SPORTS-BELT-8INCH","","Sports Belt 8 Inch Expanding Pocket Black Reflective Strips Running Hiking","","","","","","","","","","","","","","","","","","Standard","","","",""
"SON-STEPDRILLBITS-3PC","","Universal Tool High Speed Steel Step Drill Bits Locking Hex Shank Assorted - 3pc","","","","","","","","","","","","Gold","","","","","","Small","","","",""
"SON-STONEHAMMER-10IN-HPNR","","SE 8372SH Stone Hammer, 10""","","","","","","","","Masonry Mallet Hammer","","","","","","","","","","","","","",""
"SON-SUVIVALSLEEPING-2PK-ASR","","(2 Pack) Emergency Sleeping Bag w/ Drawstring Carrying Bag, Orange Blanket Kit","","","","","","","","","","","","","","","","","","2 Pack","","","",""
"SON-TCFPKCB12IX15I-BUN-4PC-4PK-CLR","","4pk - Flexible Plastic Kitchen Cutting Board 12 Inch x 15 Inch","","","","","","","","","","","","","","","","","","4 Pack","","","",""
"SON-TDFS-10PC-55L-SLVR","","Professional Quality Tapered Diamond File Assorted Grits 10 Piece Set","","","","","","","","","","","","","","","","","","5.5"" L","","","",""
"SON-TS2ISSCS-6PC","","ToolTreaux 2 Inch Metal Spring Heavy Duty Clamps Set Rubber Tipped Grip 6pc","","","","","","","","","","","","","","","","","","Medium","","","",""
"SON-TTX-COMPGOLDTESTKIT-5PC-BUN","","ToolTreaux 10k 14k 18k 22k Complete Gold Testing Kit with Testing Stone 5pc","","","","","","","","","","","","Clear","","","","","","Small","","","",""
"SON-TTX-COMPGOLDTESTKIT-6PC-BUN","","ToolTreaux 6pc 10k 14k 18k 22k Complete Gold Testing Kit with Testing Stone","","","","","","","","Gold Grade","","","","Clear","","","","","","6pc","","","",""
"SON-TTX-DRILLBITS-15PC","","Tooltreaux High Speed Stainless Steel Drill Bits Set 1.05 to 2mm 15 Pieces","","","","","","","","","","","","Silver","","","","","","15pc","","","",""
"SON-U3IRHC-MED-SLVR-PARENT","","Universal Rubber Head Clamps 3 Inch Secure Lever Lock Metal Body Outdoor","","","","","","","","","","","","","","","","","","","","","",""
"SON-UDRTASSPC-228PC-MTL","","228pc Universal Deluxe Rotary Tool Accessory Set for Sanding Polishing Cutting","","","","","","","","","","","","Metal","","","","","","","","","",""
"SON-UEGAWRSK-12PC-TT","","ToolTreaux Eye Glasses Repair Kit Assorted Replacement Micro Screws 250 Pieces","","","","","","REPSCW-250","","","","","","","","","","","","","","","",""
"SON-UEHWPASBCCT-BUN-4PK","","Universal Emergency Hammer Window Punch and Seat Belt Cutter Car Tools 4 Pack","","","","","","","","","","","","","","","","","","4 Pack","","","",""
"SON-URAASATKFD-A","","100pc Universal Rotary Tool Abrasive Stone Precision Grinder Accessory Set","","","","","","","","","","","","","","","","","","Multi-Color","","","",""
"SON-URAASATKFD-A-IR-TT","","ToolTreaux Assorted Abrasive Stone Burrs with Mandrels High Speed Sanding 100pc","","","","","","","","","","","","","","","","","","Multi-Color","","","",""
"SON-UTPEBS-3PC-123814I-GRY","","Universal Tool Professional Power Extension Socket Bits for Drills 3pc Set","","","","","","","","","","","","Grey","","","","","","Small","","","",""
"SON-UTPSCRASIWB-LG-TN","","100pc Polish Sand Cut Rotary Accessory Set in Wooden Box","","","","","","","","","","","","","","","","","","Large","","","",""
"SON-UVBLACKLIGHT-BLK","","ASR Portable UV Black Light with LED Flashlight Verify IDS Passports Cards","","","","","","","","","","led","","Black","","","","","","6.25\""","","","",""
"SON-UVFLASHLIGHT-BLK","","ASR Federal 51 LED UV Black Light 395nm Dual Mode Flashlight 6 Inch","","","","","","","","","","","","Black","","","","","","6""","","","",""
"SON-WATPROOF-STORAGECASE-IR-TT","","ToolTreaux Waterproof Storage Container Lanyard Translucent Durable Plastic","","","","","","","","","","","","","","","","","","5.5 Inches","","","",""
"SON-WBC-LG-BL-IR-TT","","ASR Outdoor Waterproof Backpack Cover Adjustable Fit Camping Essentials - Blue","","","","","","","","","","","","","","","","","","Large","","","",""
"SON-WIRE-SAW-CS005-IR-TT","","ASR Outdoor Stainless Steel Wire Hand Saw Camping Gear Hiking Blade - 24 Inch","","","","","","","","","","","","","","","","","","24""","","","",""
"SON-ZOOM-HEADLAMP-FL8212-10W","","ASR Outdoor 1000 Lumen Zoom Rechargeable Pivoting Headlamp 3 Stage Light","","","","","","","","","","","","","","","","","","Standard","","","",""
"SPECTRA-ROPE-325LB-PARENT","","ASR Outdoor Cord 325lb Survival Tactical Polyester Sleeved Rope (Many Styles)","","","","","","","","","","","","","","","","","","","","","",""
"STATIC-CORROSION-ZIPBAG-BLACK-MED","STATIC-CORROSION-ZIPBAG-PARENT","Static Corrosion Protection Rust Free Zip Bag Good for 20 Years","","","","","","","","","","","","","","","","","","6"" x 8 1/2""","","","",""
"UNV-CCSPW2XMPO5-BUN-5PK","","Lot 5 Magnifying Credit Card Pocket Wallet Magnifier","","","","","","","","","","","","","","","","","","","","","",""
"UNV-HOBBYKNIFEMETALSCALPEL","","(5 Pack) Universal 5 Inch Hobby Knife Metal Scalpel Handle Number 3","","","","","","","","","","","","","","","","","","","","","",""
"UNV-INSULATEDLEADSALLIGATORCLIPS-2","","20pc Insulated Test Lead Cable with Alligator Clips Colorful Set","","","","","","","","","","","","","","","","","","","","","",""
"UNV-LFKPSCFHGO-BUN-2PK-STD-BL","","Ultra Light Foam Kneeling Pad and Seat Cushion for Home Garden Outdoor 2pk","","","","","","","","","","","","","","","","","","Standard","","","",""
"UNV-LPWG-BUN-3PK-ONE-BL","","3pk Universal Tool Work Gloves Adult Outdoor Home Gardening Heavy Duty Accessory","","","","","","","","","","","","","","","","","","One Size","","","",""
"UNV-RETRACTABLETAILORSSEWING","","(4 Pack) Retractable in/mm 60"" Tailors Sewing Measuring Tape","","","","","","","","","","","","","","","","","","","","","",""
"UNV-STAINLESSSTEELCHROMEHIP-2PK","","Chrome Stainless Steel Premium Portable 8oz Hip Flask 2pk","","","","","","","","","","","","","","","","","","","","","",""
"UNV-STAINLESSSTEELCHROMEHIP-4PK-2","","(4 Pack) 8oz.Outdoor Camping Chrome Stainless Steel Pocket Hip Flask","","","","","","","","","","","","Silver","","","","","","","","","",""
"UNV-TCFPKCB-BUN-2PC-3PK-12B15-CLR-6PK","","(6 Pack) Thin Clear Flexible Plastic Kitchen Cutting Board 12 Inch x 15 Inch","","","","","","","","","","","","","","","","","","","","","",""
"UNV-UAGBCK-BUN-2PC-SML-BRSS","","(2 Pack) Universal Antique Grandfather Brass Clock Key","","","","","","","","","","","","","","","","","","Small","","","",""
"UNV-UAGBCK-BUN-2PC-SML-BRSS-2","","(2 Pack) Universal Antique Grandfather Brass Clock Key Even and Odd","","","","","","","","","","","","","","","","","","Even and Odd","","","",""
"UNV-UHAOUKK-BUN-6PK-S-ASSRTD","","6 Pack Utility Knives Home and Office Razor Blades","","","","","","","","","","","","","","","","","","Standard","","","",""
"UNV-URCHCTFTW6EB-BUN-4PK-8","","Unisex Razor Comb Home Hair Cut Thinning Feathering Trimming 6 Extra Blades 4pk","","","","","double sided razor comb","","","","","","","","","","","","","8""","","","",""
"UNV-UTILITYKNIFEBOXCUTTER","","12 Pack Universal Home and Office Utility Knife Box Knives","","","","","","9274","","","","","","Multicolor","","","","","","Standard","","","",""
"UPD-ACCESSBACKPACK-ENCANTO-BUN","","Disney Encanto 10pc Girls Hair Accessory Backpack Dress Up Bows Girls 3 and Up","Encanto","","","Movies","","","","","","","","Purple","","","","","","10pc","","","",""
"UPD-CANTEEN-FROZEN-BUN","","Frozen II Girls Canteen Water Bottle Anna Elsa Pop Up Lid with Shoulder Strap","Frozen","","","Frozen","flip top, reusable, straw","","","","","","","Blue","","","","","","12oz","","","",""
"UPD-CHRBP-BACKPACK-PARENT","","Kids Characters School Backpack Officially Licenesed with Adjustable Straps","","","","School","","","","Character","","","","","","","","","","","","","",""
"UPD-DLX-JUMP-ROPE-PARENT","","Girls Deluxe Jump Rope Molded Handles 7 Feet Promotes Exercise","","","","","","","","","","","","","","","","","","","","","",""
"UPD-DODROID-SW14231-BUN","","Star Wars Bump N Go D-O with Authentic Voice Kids Plush Toy Action Figure Doll","","","","","","","","","","","","White","","","","","","8""","","","",""
"UPD-FLEECEBLANK-PARENT","","Disney Characters Fleece Throw Blanket 45 x 60 Inch Home Decor (4 Styles)","","","","","","","","","","","","","","","","","","45"" x 60""","","","",""
"UPD-HEADWRAP-11496435-PRINCESS","","Disney Princess Purple Glitter Elastic Hair Band Headband Hair Bow for Girls Fashion Accessory","Disney","","","dress up, pretend play","","","","","","","","Purple","","","bedroom, living room, dining room","","","Small","","","",""
"UPD-HELI-IRBALL-SW-PARENT","","Star Wars UFO Ball Helicopter Mandalorian Yoda Stormtrooper Kids Toy Mini Copter","Licensed","","","Star Wars","","","","","","","","","","","","","","10.75"" x 3"" x 6.3""","","","",""
"UPD-HPARTBP-48571MZ-BUN","","Harry Potter School Supplies 9.5 Inch Gryffindor Kids Mini Backpack with Art Kit","","","","","","","","","","","","Yellow","","","","","","9.5""","","","",""
"UPD-INCRED-2-PENCIL-6PK","","Disney Pixar Incredibles 2 Personalized Pencils Hero Super Star Awesome 6 Pack","Disney","","","dress up, pretend play","","","","","","","","Red","","","bedroom, living room, dining room","","","#2","","","",""
"UPD-INCREDIBLES-LIP-GLOSS-TIN-IN0001SA","","Disney Incredibles Family Superhero Collectible Lip Gloss Tin Set of 3","Disney","","","dress up, pretend play","","","","","","","","Red","","","bedroom, living room, dining room","","","6""","","","",""
"UPD-JOJOSIWA-BANDANA","","Nickelodeon Girls Jojo Siwa Comfortable Breathable Bandana Face Cover Protection","JoJo Siwa","","","","","","","","","","","Blue/Red","","","bedroom, bathroom","","","Medium","","","",""
"UPD-PULLTOPBTTL-FROZEN-BUN","UPD-PULLTOPBTTL-PARENT","Frozen II 16oz Pull Top Water Bottle Kids Canteen Girls Hydration Ages 3 and Up","Disney","","","Princesses","","","","","","","","Frozen","","","","","","16oz","","","",""
"UPD-SPACEJAMHAT-SCBH0005UP","","Space Jam 2 A New Legacy Adjustable Baseball Cap for Kids and Adults Boys Hat","","","","","","","","","","","","Blue","","","","","","One Size Fits Most","","","",""
"UPD-SSB-4PC-SML-PNK","","4pc Shopkins Stretchy Silicone Bracelets Gift Set D'Lish Donut Apple Blossom","Shopkins","","","","","","","","","","","Pink","","","","","","Small","","","",""
"VECTRAN-600LB-CORD-NATRL-PARENT","","Braided Vectran Survival Sport Tactical Cord 600lb Breaking Strength","","","","","","","","","","","","","","","","","","","","","",""
"WTB-XMAS-NEW-2022-COZY-BLANKET","","ASR Outdoor Ultrasoft Southwest Navajo Fleece Throw Blanket, 60x80 (Many Colors)","","","","","","","","","","","","","","","","","","60"" x 80"" (Queen)","","","",""
"XGI-CARCARRIER-BLK","","Kids Racing Game Play Mat Diecast Metal Toy Car Carrier Playset 11pc","","","","","","","","","","","","Green","","","","","","Large","","","",""
"XGI-URBANPLAYMAT-POLICE-KP-IH","XGI-URBANPLAYMAT-KP-IH-PARENT","Kidplokio 8pc Urban City Police Friction Powered Toy Cars with Play Mat, Blue, Boys Ages 3+","","","","","","","","","","","","Police Station","","","","","","","","","",""
"LST-TTAHW6CRC-7PC-MED-BL-BUN","","Kidplokio 7pc Blue Semi Truck Toy Car Carrier Diecast Playset for Boys 3 and Up","","","","","","","","","","","","","","","","","","","","","",""
"4SN-GOBLETWATERGLASSES-6PK","4SN-BLE-GOBLETWATERGLASSES-PARENT","Beille Set of 6 Clear Classic Goblet Water Glasses Home Decor Glassware, 7.43oz","","","None","Modern Kitchen","","","","","","","","","","","","","","Medium","","","",""
"26C-BLE-WHEAT-SPOONLADLESET-3PC-BUN","","Beille 3pc Wheat Straw Spoons and Ladle Set Cooking Baking Kitchen Utensils, Cream","","","Speckled","Cooking, Baking, Meal Prep, Food Prep","","","","","","","","","","","","","","Large","","","",""
"SON-ASRO-CAMPINGLANTERNSET-3PC","","ASR Outdoor 3pc Collapsible Lantern Set Hiking Camping Gear Outdoor Lights","","","None","","","","","","","","","","","","","","","Large","","","",""
"SON-ZIPPERPULLCOMPASS-BLK-2PK","","ASR Outdoor Black Zipper Pull Mini Pocket Compass Survival Gear, 2pk","None","","None","","","","","","","","","Black","","","","","","Small","","","",""
"SON-ASRO-PORTABLETOILETSEAT-BLK","","ASR Outdoor Portable Toilet Seat with Lid Compatible with 5 Gallon Bucket, Blk","","","Solid","","","","","","","","","","","","","","","Large","","","",""
"26C-BLE-BEECHWOODUTENSILS-PARENT","","Beille Beech Wood and Silicone Kitchen Utensils Cooking Baking Supplies Home Essentials, Light Grey","","","","","","","","","","","","","","","","","","","","","",""
"26C-COOKTOOLS-PARENT-GREY","","Beille Spoons Spatula Kitchen Utensils Set High Heat Resistance Spoon Ladle Spatula","","","","","","","","","","","","","","","","","","","","","",""
"4SN-BLE-LOTUSWOODROLLINGPINS-PARENT","","Beille Classic Bakers Solid Lotus Wood Rolling Pin for Pie Crust Pizza Dough Cookies Kitchen Essentials (2 Sizes)","","","","","","","","","","","","","","","","","","","","","",""
"4SN-BLE-SSOAKWOODROLLINGPIN-PARENT","","Beille Oak Wood Stainless Steel Barrel Classic Bakers Rolling Pin Baking Supplies Kitchen Essentials (2 Sizes)","","","","","","","","","","","","","","","","","","","","","",""
"KOL-BIKE-LOCK-GR242-GRN","","ASR Outdoor Green Self Coiling Bike Lock 2 Keys Bicycle Cable Lock 6 Feet Long","","","","","","","","bike lock","","","","","","","","","","6 Feet","","","",""
"SON-ASRO-PLASTICSTAKES-ORG-PARENT","","ASR Outdoor Orange Heavy Duty ABS Plastic Tent Stakes Ground Anchor Camping Essentials (2 Sizes)","","M26GIJX6","","Camping, Sporting Events","","","","","","","","","","","","","","","","","","Camping, Sporting Event"
"EVR-ASRO-LAPTOPBACKPACK-GREY","","ASR Outdoor 18.5 Inch Travel Backpack with Laptop Sleeve School Supplies, Grey","None","","None","","","","","casual","","","polyester","Grey","","","","","","Large","","","",""
"26C-LBLH-ACACIAWOODENUTENSILS-PARENT","","Labrea Life + Home Solid Acacia Wooden Kitchen Utensils Home Essentials (Assorted Styles and Packs)","","","","","","","","","","","","","","","","","","","","","",""
"HWK-ASRO-SLEDGEHAMMER-10IN","","ASR Outdoor 1lb Steel Sledge Hammer with Non Slip Rubber Grip, 10 Inch","","","","","","","","","","","","Black","","","","","","Large","","","",""
"LST-KPL-FASTLANE-PARENT-PZ-AMZ","","","","","","","","","","","","","","","","","","","","","","","",""
"LST-KPL-DINOTRUCKCARCARRIER-PARENT","","Kidplokio 3 in 1 Ultimate T Rex Diecast Cars Transporter Truck Toy (2 Colors)","","","","","","","","","","","","","","","","","","5pc","","","",""
"SON-COLLAPBACKPACK-BLK","","ASR Outdoor Black Water Resistant Collapsible Backpack Camping Hiking Travel Bag","","","Solid","","","","","","","","","Black","","","","","","10lbs","","","",""
"LST-CONSTRUCTION-KPL-PARENT","","Kidplokio Assorted Truck Toys with Action Figures Lights Sounds Playset, Ages 3 and Up (3 Styles)","","","","","","","","","","","","","","","","","","15""","","","",""
"UPD-PULLTOPBTTL-FROZEN-3PK-AMZ","","Disney Frozen II 4pc Water Bottles and Sticker Sheet Back to School Bundle Gift Set for Girls","","","","","","","","","","","","","","","","","","16 oz","","","",""
"26C-BLE-COCONUTDISHSPONGES-PARENT","","Beille Non Scratch Coconut Plant Based Dish Sponge Kitchen Essentials Cleaning Supplies (2 Styles)","","","Solid","Kitchen","","","","","","","","","","","","","","2pc","","","",""
"UPD-BARBIKE-DVX559796-AMZ-HPN","LST-DOLLBIKE-PARENT","Barbie Bicycle Cruiser Pretend Play Set Flower Basket Helmet Girls Toys Ages 3+","","","","","","","","","","","","Pink","","","","","","1pc","","","",""
"UPD-LIPBALM-TIN-HK1238GG","","Hello Kitty Plant Based 4pk Lip Balm with Tin","","","","","","","","","","","","","","","","","","","","","",""
"UPD-HKLUNCHBAG-B24HK60435-BUN","","Hello Kitty 9 Inch Rectangle Lunch Bag School Tote Bag for Girls Age 3 and Up","","","","","","","","","","","","","","","","","","","","","",""
"UPD-HKLIPGLOSS-HK1236GG-BUN","","Hello Kitty Lip Gloss Compact for Girls","","","","","","","","","","","","","","","","","","","","","",""
"UPD-HKBPACK-2PC-BUN","","Hello Kitty 2pc Mini Backpack and Lunch Box Set School Bags for Girls 3 and Up","Hello Kitty","","","Dress Up","","","","","","","","","","","","","","2pc","","","",""
"UPD-SONICPB-644B-BUN","","Sonic the Hedgehog 2pc Pullback Race Cars Toy Vehicles Set for Boys Age 3 and Up","Sonic the Hedgehog","","","Race Cars","","","","","","","","","","","","","","2pc","","","",""
"4SN-CINCHBAG-TS4-19PC-BUN","","Toy Story 19pc Cinch Bag Drawstring Backpack Sticker Sheet Earrings Gift Bundle Girls 3 and Up","Toy Story","","","","","","","","","","polyester","Toy Story","","","","","","18""","","","",""
"LST-CINCHBAG-12PC-TRCK-BUN","","Kidplokio 12pc Army Semi Truck Superhero Cinch Bag Backpack Gift Bundle Boys Age 3 and Up","Robot","","","Military","","","","","","","","Blue","","","","","","12pc","","","",""
"4SN-CINCHBAG-AVG-16PC-BUN-WAL","4SN-CINCHBAGSTUFF-PARENT","Marvel Avengers 16pc Cinch Bag Drawstring Backpacks Erasers Play Pack Gift Bundle Boys Age 3 and Up","Avengers 17pc Kawaii","","","","","","","17pc Kawaii","","","polyester","Avengers","","","","","","17pc Kawaii","","","",""
"4SN-CINCHBAG-SPI-18PC-BUN-WAL","4SN-CINCHBAGSTUFF-PARENT","Marvel Spiderman 18pc Cinch Bag Drawstring Backpack Stickers Toys Gift Bundle Boys Age 3 and Up","Avengers 17pc Kawaii","","","","","","","17pc Kawaii","","","polyester","Avengers","","","","","","17pc Kawaii","","","",""
"4SN-CINCHBAG-SUPRMAN-2PC-BUN","4SN-CINCHBAG-PARENT","DC Comics Superman 2pc Cinch Bag Drawstring Backpacks Bundle Boys Age 3 and Up","Superman Cape","","","","","","","Superman","","","polyester","Superman","","","","","","18""","","","",""
"4SN-CINCHBAG-MIC-13PC-BUN","4SN-CINCHBAGSTUFF-PARENT","Disney Mickey Mouse 13pc Cinch Bag Drawstring Backpack Toys Bundle Boys Age 3 and Up","Mickey Mouse 15pc","","","","","","","15pc","","","polyester","Mickey Mouse","","","","","","15pc","","","",""
"EVR-ASRO-21LDUFFLEBAG-BLK","","ASR Outdoor 21L Everyday Carry Small Duffel Bag for Travel Gym Outdoor Gear, Black","","","","","","","","","","","","","","","","","","","","","",""
"HWK-TTX-DUFFELBAG-16IN-BLK","","ASR Outdoor 16 Inch Everyday Carry Travel Tool or Duffel Bag, Black","","","","","","","","","","","","","","","","","","","","","",""
"26C-BLE-BAMBOOCONFETTICOLL-PARENT-WAL","","Beille Modern Bamboo and Confetti Cleaning Supplies Household Essentials Collection (Many Styles)","","","","","","","","","","","","","","","","","","","","","",""
"4SN-BLE-STEMLESSWINEGLASSES-4PC","","Beille 4pc Stemless Wine Glasses Kitchen Decor Entertaining Essentials, 21oz (Made in USA)","","","","","","","","","","","","","","","","","","","","","",""
"4SN-VASELINE-86144-BUN","","Vaseline Lip Therapy Rosy Lips .16oz Pink Tinted Lip Balm Pure Petroleum Jelly","","","","","","","","","","","","Pink","","","","","",".16oz","","","",""
"SON-ASRO-COLLAPSIBLESTOOL-BLK","","ASR Outdoor Portable Telescoping Collapsible Stool with Carry Handle Outdoor Camping Gear, Black (17.75 Inch Fully Extended)","","","","","","","","","","","","","","","","","","","","","",""
"SON-ASRO-ENAMELCOFFEEMUG-BLU","","ASR Outdoor 11.75oz Stainless Steel and Enamel Coffee Mug Camping Essentials, Classic Speckled Blue","","","","","","","","","","","","","","","","","","","","","",""
"SON-ASRO-SSCOFFEEMUG-PARENT","","ASR Outdoor 304 Stainless Steel Coffee Mug with Collapsible Handles Camping Essentials, Brushed Silver (12oz or 22oz)","","","","","","","","","","","","","","","","","","","","","",""
"SON-ASRO-COLLAPSIBLELANTERNS-PARENT","","ASR Outdoor 100 Lumen COB Collapsible Camping Lantern Camping Essentials Emergency Supplies (2 Sizes)","","","","","","","","","","","","","","","","","","","","","",""
"LST-KPL-65PCDIECASTCARSET-PARENT","","Kidplokio 65pc Pretend Play Diecast Cars Playset for Boys Ages 3 and Up (5 Styles)","Automobiles","","","Cars","","","","","","","","Space","","","","","","65pc","","","",""
"SON-HDASB-MED-BL-PARENT","","ToolTreaux Heavy Duty Battery Set Alkaline Batteries AA or AAA (Many Pack Sizes)","","","","","","","","","","","","","","","","","","","","","",""
"4SN-BEAUTYTOOLKIT-PARENT","","ToolTtreaux Beauty Tools Nail Care Facial Care Cosmetic Tools (Many Styles)","","","","","","","","","","","","","","","","","","","","","",""
"UPD-PBRUSH-PARENT","","Girls Licensed Paddle Brush Detangling Hair Brush Kids 3 and Up (Many Styles)","","","","","","","","","","","","","","","","","","","","","",""
"SON-RED-WHITE-TIE-DOWN-6-IN-PARENT","","ASR Outdoor Stretch Cord with Red Ball Tie Down 6 Inch White","","","","","","","","","","","","White","","","","","","6""","","","",""
"UPD-TITANHERO-SPIDERMAN-PARENT","","Marvel Ultimate Spider-Man Titan Hero Series Action Figure 12 Inch (2 Styles)","","","","","","","","","","","","","","","","","","12 Inch","","","",""
"MCN-HEROCLIPLRG-GRY-210014-021-PARENT","","HEROCLIP Large Carabiner Clip and Hook for Camping, Backpack (2 Pack Sizes)","","","","","","","","","","","","","","","","","","","","","",""
"MCN-HEROCLIPLRG-BLK-210014-010-PARENT","","HEROCLIP Large Black Carabiner Clip Hook for Camping, Backpack (2 Pack Sizes)","","","","","","","","","","","","","","","","","","","","","",""
"MCN-GEARBUNDLE-PARENT","","GEAR AID 2pc Tenacious Tape and Waterproofing Gear Repair Sealant Bundle (4 Styles)","","","","","","","","","","","","","","","","","","","","","",""
"4SN-VASELINE-82783-PARENT","","Vaseline 2.53oz Cocoa Glow Body Cream Soft Smooth Skin Moisturizing Lotion (Many Pack Sizes)","","","","","travel size","","","","","","","White","","","","","","2.53oz","","","",""
"4SN-STAIN-REMOVER-2025-PARENT","","Soilove Laundry Soil and Stain Remover for All Colorfast Washable Fabrics (Many Sizes)","","","","","","","","","","","","","","","","","","","","","",""
"26C-BLE-WHEATFIBERKNIVES-PARENT","","Beille Stainless Steel and Wheat Fiber Handle Kitchen Knives (Many Styles)","","","","","","","","","","","","","","","","","","","","","",""
"4SN-BLE-2PCTERRYOVENMITTS-STD","","Beille 2pc Cream Terry Quilted Oven Mitts Set Baking Supplies, 14 Inch Length (One Size Fits All)","","","","","","","","","","","","","","","","","","","","","",""
"4SN-BLE-COLANDERSET3PC-STD","","Beille 3pc Stainless Steel Colander for Kitchen, Nesting Food Strainers (1.5qt, 3qt and 5qt)","","","","","","","","","","","","","","","","","","","","","",""
"4SN-BLE-5PCCOTTONDISHTOWELS-PARENT","","Beille 5pc 100% Cotton Oversized Dish Towel Set Kitchen Accessories, 28 x 22 Inches (3 Colors)","","","","","","","","","","","","","","","","","","","","","",""
"4SN-BLE-4PCTERRYTOWELS-PARENT","","Beille 4pc 100% Cotton Terry Classic Windowpane Dish Towels Set, 26.5 x 16 inches (2 Colors)","","","","","","","","","","","","","","","","","","","","","",""
"ASR-BADGEHOLDER-CASID-WEAVE","HWC-ASRF-DOUBLEIDHOLDER-PARENT","ASR Federal Leather Bifold Minimalist Double ID Card Holder, Black Basketweave","","","","","Dual Clear ID Window Slots","","","","","","","Black","","","","","","Standard","","","",""
"HGR-NANNINIQUICK79-PARENT","","Nannini Quick 7.9 Lightweight Reading Glasses (Many Optics and Colors)","","","","","","","","","","","","","","","","","","1.0 Optic","","","",""
"SON-ASRO-SSFUNNEL-BUN","","ASR Outdoor 304 Stainless Steel Flask Funnel Camping Gear (1-1/2 Inch Diameter with 3/8 Inch Spout)","","","","","","","","","","","","Silver","","","","","","2 Inches","","","",""
"SON-ASRO-4IN1EMERGMULTITOOL-STD","","ASR Outdoor 4 in 1 Hand Crank Emergency AM/FM Weather Radio with Flashlight, Power Bank, Alarm Siren for Camping Gear Survival Kits","","","","","","","","","","","","","","","","","","","","","",""
"SON-ASRO-64X84WOOLBLANKET-NVY-STD","","ASR Outdoor 5lb Navy Blue Wool Blanket Camping Survival Gear, 64 x 84 Inches","","","","","","","","","","","","","","","","","","","","","",""
"SON-ASRO-FUNNELFLASKBUNS-PARENT","","ASR Outdoor 2pc Stainless Steel Flask and Funnel Set for Hiking Camping Outdoor Gear, (2 Sizes)","","","","","","","","","","","","","","","","","","","","","",""
"26C-BLE-ACACIAWOODBOARD-STD","","Beille 1pc Acacia Wood Cutting Board Kitchen Decor Charcuterie Accessories Meal Prep (13.75 x 9.75 x 1.2 inches)","","","","","","","","","","","","","","","","","","","","","",""
"26C-11OZCLEARGLASSTUMBLER-4PK-BUN","26C-11OZCLEARGLASSTUMBLER-PARENT","Beille 11oz Water Glasses Clear Tumbler Set Kitchen Essentials Everyday Glassware, 4pk","","","","","","","","","","","","","","","","","","","","","",""
"26C-BLE-CERAMICRAMEKINS-4PC-BUN","26C-BLE-5OZCERAMICRAMEKINS-PARENT","Beille 4pc Oven Safe White Fluted Ceramic Ramekins Baking Supplies Kitchen Essentials (5oz Capacity)","","","","","","","","","","","","","","","","","","","","","",""
"SON-ASRT-STICKONLIGHTS-6PK-STD","","ASR Tactical 6pk Mini LED Stick On Lights, Battery Operated with Magnetic or Adhesive Mount (0.5 x 1.0 inches)","","","","","","","","","","","","","","","","","","","","","",""
"SON-ASRT-3000LUMENFLASHLIGHT-STD","","ASR Tactical 3000 Lumen 5-Stage Rechargeable Flashlight with Adjustable Beam and SOS Mode, 7.5 Inches","","","","","","","","","","","","","","","","","","","","","",""
"SON-ASRT-2000LUMENFLASHLIGHT-STD","","ASR Tactical 2000 Lumen 5-Stage Rechargeable Flashlight with Adjustable Beam and SOS Mode, 7.5 Inches","","","","","","","","","","","","","","","","","","","","","",""
"4SN-BLE-COUPEGLASSES-PARENT","","Beille 8.5oz Classic Coupe Glasses Dishwasher Safe Crystal Style Glassware for Champagne, Martinis and Craft Cocktails (Assorted Pack Sizes)","","","","","","","","","","","","","","","","","","","","","",""
"4SN-BLACKKNIFESET-5PC-BEILLE","","Beille 5 Piece Home Ergonomic Kitchen Knives Set, 5 Knife Essential Bundle","","","","","","","","","","","","","","","","","","","","","",""
"4SN-BLE-WHISKEYGLASSES-PARENT","","Beille 10.82oz Whiskey Glasses Old Fashioned Glass Barware Kitchen Essentials Home Décor (Assorted Pack Sizes)","","","","","","","","","","","","","","","","","","","","","",""
"4SN-BLE-CHAMPAGNEFLUTES-PARENT","","Beille 9oz Stemless Glass Champagne Flutes Glassware Barware Made in USA (Assorted Pack Sizes)","","","","","","","","","","","","","","","","","","","","","",""
"4SN-BLE-17OZCOFFEEMUGS-PARENT","","Beille 17oz Stoneware Terracotta Coffee Mugs Farmhouse Decor Kitchen Essentials (4 Colors)","","","","","","","","","","","","","","","","","","","","","",""
"4SN-BLE-12PKCOOKIECUTTERS-STD","","Beille 12pc Stainless Steel Cookie Cutters Baking Supplies Kitchen Essentials, Assorted Shapes (Dishwasher Safe)","","","","","","","","","","","","","","","","","","","","","",""
"ASR-BADGEHOLDER-CAS2S-WEAVE","E9-2GEE-BX4W","ASR Federal Black Bifold Leather ID Card and Badge Holder Police Gear, Shield, Basketweave","","","","","","","","","","","","Black","","","","","","Shield","","","",""
"LST-SPACECINCHSET-3PC-PARENT","","Kidplokio 3pc Space Toy Bundle Sword Space Blaster and Superhero Cinch Bag Boys 3 and Up (2 Colors)","Superheroes","","","Space","","","","","","","","Green","","","","","","2pc","","","",""
"KOL-TTX-MINIGARDENTOOLSET-3PC-BUN","","ToolTreaux 3pc Mini Garden Tools Set with Hand Trowels and Cultivator, Container Planting Succulents Herbs and Small Gardening Projects (7 Inches)","","","","","","","","","","","","","","","","","","Small","","","",""
