item_id,position,src,alt,alt_status,http_status,broken
254735959828,0,https://s3.amazonaws.com/DOWS_products/1000x1000/camping_outdoors/repair/10110-Aquaseal_FD-Comp-0.75oz.jpg,"Responsive image",generic,200,no
254735968039,0,https://s3.amazonaws.com/DOWS_products/1000x1000/camping_outdoors/repair/ttb.jpg,"Responsive image",generic,200,no
254735978393,0,https://s3.amazonaws.com/DOWS_products/1000x1000/sports_outdoors/camping_hiking/gear_repair/gear_aid_10410_package_2pk.jpg,"Responsive image",generic,200,no
254735978393,1,https://secureimages.channeladvisor.com/images/channeladvisor/channeladvisor_poweredby-en.gif,,missing,200,no
254847472929,0,https://s3.amazonaws.com/DOWS_products/1000x1000/camping_outdoors/repair/14110-Aquaseal_NEO-PKG-1.5oz.jpg,"Responsive image",generic,200,no
254847472929,1,https://secureimages.channeladvisor.com/images/channeladvisor/channeladvisor_poweredby-en.gif,,missing,200,no
254913999821,0,https://s3.amazonaws.com/usurper-products/72995/muYqoiuInhKQ44Lk9SqpTeBsPnKnsv-metaVFRYXzc0MzMwREZfbWFpbl9ub19wYWNrYWdpbmcuanBn-.jpg,"Responsive image",generic,200,no
255033244446,0,https://s3.amazonaws.com/DOWS_products/1000x1000/home/kitchen/12inchsharpener.jpg,"Responsive image",generic,200,no
255033244446,1,https://secureimages.channeladvisor.com/images/channeladvisor/channeladvisor_poweredby-en.gif,,missing,200,no
255290973091,0,https://s3.amazonaws.com/DOWS_products/1000x1000/sports_outdoors/gold_panning/accessories/GP3-SS20BK_Black_Scoop_Stock1.jpg,"Responsive image",generic,200,no
255290973091,1,https://secureimages.channeladvisor.com/images/channeladvisor/channeladvisor_poweredby-en.gif,,missing,200,no
255343573163,0,https://s3.amazonaws.com/DOWS_products/1000x1000/616Vpp4hHAL._SL1498_.jpg,"Responsive image",generic,200,no
255343573163,1,https://secureimages.channeladvisor.com/images/channeladvisor/channeladvisor_poweredby-en.gif,,missing,200,no
255353500529,0,https://s3.amazonaws.com/usurper-products/72851/9xbbVv7iirV36KpVt01xsjqsXytQvR-metaMzYyMjVfbWFpbi5qcGc=-.jpg,"Responsive image",generic,200,no
255457181082,0,https://s3.amazonaws.com/DOWS_products/1000x1000/camping_outdoors/repair/gear_aid_10510_main.jpg,"Responsive image",generic,200,no
255682695078,0,https://s3.amazonaws.com/DOWS_products/1000x1000/sports_outdoors/gold_panning/GP1011G8_gold_pan_dual_riffle_green_8_s1.jpg,"Responsive image",generic,200,no
255682695078,1,https://secureimages.channeladvisor.com/images/channeladvisor/channeladvisor_poweredby-en.gif,,missing,200,no
256012360865,0,https://s3.amazonaws.com/DOWS_products/1000x1000/camping_outdoors/repair/gear_aid_14414_main.jpg,"Responsive image",generic,200,no
256016084770,0,https://s3.amazonaws.com/DOWS_products/1600x1600/sports_outdoors/camping_hiking/gear_repair/zipper_lube.jpg,"Responsive image",generic,200,no
256110410273,0,https://s3.amazonaws.com/DOWS_products/1000x1000/sports_outdoors/camping_hiking/gear_repair/gear_aid_20420_main.jpg,"Responsive image",generic,200,no
256110410273,1,https://secureimages.channeladvisor.com/images/channeladvisor/channeladvisor_poweredby-en.gif,,missing,200,no
256201111293,0,https://usurper.xyz/livewire/preview-file/xmM9BLws1JlL6DrJvXrLrqX3HNGLgM-metaMzYyMTVfbWFpbi5qcGc=-.jpg?expires=1760633999&signature=a18ed96652fa1aa090aeb97bdc6c7d5a4a34b33dc140f558f1bf8c614a3c4ded,"Responsive image",generic,401,yes
256224656914,0,https://s3.amazonaws.com/DOWS_products/1000x1000/sports_outdoors/gold_panning/pans/GP4-30_mini_sifter_stock1.jpg,"Responsive image",generic,200,no
256224656914,1,https://secureimages.channeladvisor.com/images/channeladvisor/channeladvisor_poweredby-en.gif,,missing,200,no
256249413299,0,https://s3.amazonaws.com/DOWS_products/1600x1600/camping_outdoors/gearaidmain.png,"Responsive image",generic,200,no
256264332056,0,https://s3.amazonaws.com/DOWS_products/1000x1000/sports_outdoors/camping_hiking/gear_repair/outerwear/81fm6y1Hk2L._AC_SL1500_.jpg,"Responsive image",generic,200,no
256264332056,1,https://secureimages.channeladvisor.com/images/channeladvisor/channeladvisor_poweredby-en.gif,,missing,200,no
256277420435,0,https://s3.amazonaws.com/DOWS_products/1000x1000/sports_outdoors/gold_panning/pans/GP1011BB8_8-inch-gold-pan-black-main.jpg,"Responsive image",generic,200,no
256277420435,1,https://secureimages.channeladvisor.com/images/channeladvisor/channeladvisor_poweredby-en.gif,,missing,200,no
256329855168,0,https://s3.amazonaws.com/DOWS_products/1000x1000/sports_outdoors/gold_panning/pans/GP1014BL14_14-inch-gold-pan-blue-main.jpg,"Responsive image",generic,200,no
256329855168,1,https://secureimages.channeladvisor.com/images/channeladvisor/channeladvisor_poweredby-en.gif,,missing,200,no
256376275265,0,https://s3.amazonaws.com/DOWS_products/1000x1000/camping_outdoors/repair/gear_aid_10591_main.jpg,"Responsive image",generic,200,no
256376275265,1,https://secureimages.channeladvisor.com/images/channeladvisor/channeladvisor_poweredby-en.gif,,missing,200,no
256378769153,0,https://s3.amazonaws.com/DOWS_products/1000x1000/toys/PCM2_wristrocket_main.jpg,"Responsive image",generic,200,no
256380454290,0,https://s3.amazonaws.com/DOWS_products/1000x1000/sports_outdoors/camping_hiking/gear_aid_91500.jpg,"Responsive image",generic,200,no
256443890038,0,https://s3.amazonaws.com/DOWS_products/1000x1000/sports_outdoors/gold_panning/pans/GP1014BB14_14-inch-gold-pan-black-main.jpg,"Responsive image",generic,200,no
256443890038,1,https://secureimages.channeladvisor.com/images/channeladvisor/channeladvisor_poweredby-en.gif,,missing,200,no
256444840061,0,https://s3.amazonaws.com/DOWS_products/1000x1000/sports_outdoors/camping_hiking/gear_repair/carabiners-colors-new.jpg,"Responsive image",generic,200,no
256444840061,1,https://secureimages.channeladvisor.com/images/channeladvisor/channeladvisor_poweredby-en.gif,,missing,200,no
256446183294,0,https://s3.amazonaws.com/DOWS_products/1000x1000/camping_outdoors/repair/combo.jpg,"Responsive image",generic,200,no
256446183296,0,https://s3.amazonaws.com/DOWS_products/1000x1000/sports_outdoors/gold_panning/pans/GP4-20_mini_sifter_stock1.jpg,"Responsive image",generic,200,no
256446183296,1,https://secureimages.channeladvisor.com/images/channeladvisor/channeladvisor_poweredby-en.gif,,missing,200,no
256446183297,0,https://s3.amazonaws.com/DOWS_products/1000x1000/camping_outdoors/repair/10785-TenaciousTape-NylonStrip-PKG-Reflective.jpg,"Responsive image",generic,200,no
256446183331,0,https://s3.amazonaws.com/DOWS_products/1000x1000/sports_outdoors/camping_hiking/gear_repair/gear_aid_36808_main.jpg,"Responsive image",generic,200,no
256446183331,1,https://secureimages.channeladvisor.com/images/channeladvisor/channeladvisor_poweredby-en.gif,,missing,200,no
256446183341,0,https://s3.amazonaws.com/DOWS_products/1000x1000/camping_outdoors/repair/pcf.jpg,"Responsive image",generic,200,no
256446183341,1,https://secureimages.channeladvisor.com/images/channeladvisor/channeladvisor_poweredby-en.gif,,missing,200,no
256446183347,0,https://s3.amazonaws.com/DOWS_products/1000x1000/camping_outdoors/repair/bcdfront.jpg,"Responsive image",generic,200,no
256446183347,1,https://secureimages.channeladvisor.com/images/channeladvisor/channeladvisor_poweredby-en.gif,,missing,200,no
256446183378,0,https://s3.amazonaws.com/DOWS_products/1000x1000/sports_outdoors/gold_panning/accessories/GP-SB50AF_aluminum_sluice_box_stock4.jpg,"Responsive image",generic,200,no
256446183378,1,https://secureimages.channeladvisor.com/images/channeladvisor/channeladvisor_poweredby-en.gif,,missing,200,no
256446183403,0,https://s3.amazonaws.com/DOWS_products/1000x1000/Home_Decor/Personal_Care/4pk_scissors.jpg,"Responsive image",generic,200,no
256446183403,1,https://secureimages.channeladvisor.com/images/channeladvisor/channeladvisor_poweredby-en.gif,,missing,200,no
256446183412,0,https://s3.amazonaws.com/DOWS_products/1000x1000/camping_outdoors/repair/leatherwater.jpg,"Responsive image",generic,200,no
256446183412,1,https://secureimages.channeladvisor.com/images/channeladvisor/channeladvisor_poweredby-en.gif,,missing,200,no
256446183413,0,https://s3.amazonaws.com/DOWS_products/1000x1000/camping_outdoors/repair/sts.jpg,"Responsive image",generic,200,no
256446183413,1,https://secureimages.channeladvisor.com/images/channeladvisor/channeladvisor_poweredby-en.gif,,missing,200,no
256446183433,0,https://s3.amazonaws.com/DOWS_products/1000x1000/sports_outdoors/gold_panning/GP-SB32_Sluice_Box_Green_Stock4.jpg,"Responsive image",generic,200,no
256446183433,1,https://secureimages.channeladvisor.com/images/channeladvisor/channeladvisor_poweredby-en.gif,,missing,200,no
256446183453,0,https://s3.amazonaws.com/DOWS_products/1000x1000/sports_outdoors/camping_hiking/gear_repair/gear_aid_10670_package.jpg,"Responsive image",generic,200,no
256446183460,0,https://s3.amazonaws.com/DOWS_products/1000x1000/tools/multi-tools/woodburningPen.jpg,"Responsive image",generic,200,no
256446183460,1,https://secureimages.channeladvisor.com/images/channeladvisor/channeladvisor_poweredby-en.gif,,missing,200,no
256446183485,0,https://s3.amazonaws.com/DOWS_products/1600x1600/camping_outdoors/microfiber_towel_parent.jpg,"Responsive image",generic,200,no
256446183505,0,https://s3.amazonaws.com/DOWS_products/1000x1000/camping_outdoors/repair/campingpat.jpg,"Responsive image",generic,200,no
256446183505,1,https://secureimages.channeladvisor.com/images/channeladvisor/channeladvisor_poweredby-en.gif,,missing,200,no
256446183524,0,https://s3.amazonaws.com/DOWS_products/1000x1000/sports_outdoors/camping_hiking/gear_repair/16110-T-Tape-NeoprenePatch-PKG-02.jpg,"Responsive image",generic,200,no
256446183545,0,https://s3.amazonaws.com/DOWS_products/1000x1000/camping_outdoors/repair/shockcord.jpg,"Responsive image",generic,200,no
256446186491,0,https://s3.amazonaws.com/DOWS_products/1000x1000/camping_outdoors/repair/gear_aid_10603_main.jpg,"Responsive image",generic,200,no
256446186491,1,https://secureimages.channeladvisor.com/images/channeladvisor/channeladvisor_poweredby-en.gif,,missing,200,no
256462817220,0,https://s3.amazonaws.com/DOWS_products/1000x1000/616Vpp4hHAL._SL1498_.jpg,"Responsive image",generic,200,no
256462817220,1,https://secureimages.channeladvisor.com/images/channeladvisor/channeladvisor_poweredby-en.gif,,missing,200,no
256462817259,0,https://s3.amazonaws.com/DOWS_products/1000x1000/tools/silver-credit-card-tool-main.jpg,"Responsive image",generic,200,no
256462817259,1,https://secureimages.channeladvisor.com/images/channeladvisor/channeladvisor_poweredby-en.gif,,missing,200,no
256462817275,0,https://s3.amazonaws.com/DOWS_photobucket/dealsonly/Sona/flexibleBoards1.jpg,"Responsive image",generic,200,no
256462817275,1,https://secureimages.channeladvisor.com/images/channeladvisor/channeladvisor_poweredby-en.gif,,missing,200,no
256462820576,0,https://s3.amazonaws.com/DOWS_products/1000x1000/sports_outdoors/camping_hiking/gear_repair/carabiner-jumbo-blue_878__1.jpg,"Responsive image",generic,200,no
256462820576,1,https://secureimages.channeladvisor.com/images/channeladvisor/channeladvisor_poweredby-en.gif,,missing,200,no
256462854889,0,https://s3.amazonaws.com/DOWS_products/1000x1000/sports_outdoors/camping_hiking/KFD672_15in_machete_detail_02.jpg,"Responsive image",generic,200,no
256462854889,1,https://secureimages.channeladvisor.com/images/channeladvisor/channeladvisor_poweredby-en.gif,,missing,200,no
256462854948,0,https://s3.amazonaws.com/DOWS_products/1000x1000/sports_outdoors/gold_panning/GP-SB36PT_pocket_sluice_main.jpg,"Responsive image",generic,200,no
256462854977,0,https://s3.amazonaws.com/DOWS_products/1000x1000/tools/GP3-SS30DT_digging_tool_detail_02.jpg,"Responsive image",generic,200,no
256462854977,1,https://secureimages.channeladvisor.com/images/channeladvisor/channeladvisor_poweredby-en.gif,,missing,200,no
256468957823,0,https://s3.amazonaws.com/DOWS_products/1000x1000/home/garden/Neon-Rope1.jpg,"Responsive image",generic,200,no
256468957823,1,https://secureimages.channeladvisor.com/images/channeladvisor/channeladvisor_poweredby-en.gif,,missing,200,no
256470598809,0,https://s3.amazonaws.com/DOWS_products/camping_outdoors/goldProducts/goldpanbig.jpg,"Responsive image",generic,200,no
256470598809,1,https://secureimages.channeladvisor.com/images/channeladvisor/channeladvisor_poweredby-en.gif,,missing,200,no
256470598874,0,https://s3.amazonaws.com/DOWS_products/1000x1000/home/flexibleboards1.jpg,"Responsive image",generic,200,no
256470598874,1,https://secureimages.channeladvisor.com/images/channeladvisor/channeladvisor_poweredby-en.gif,,missing,200,no
256470598892,0,https://s3.amazonaws.com/DOWS_products/1000x1000/sports_outdoors/gold_panning/pans/goldpansmallg.jpg,"Responsive image",generic,200,no
256470598892,1,https://secureimages.channeladvisor.com/images/channeladvisor/channeladvisor_poweredby-en.gif,,missing,200,no
256470598910,0,https://s3.amazonaws.com/DOWS_products/1000x1000/sports_outdoors/gold_panning/accessories/TestingStone.jpg,"Responsive image",generic,200,no
256470598910,1,https://secureimages.channeladvisor.com/images/channeladvisor/channeladvisor_poweredby-en.gif,,missing,200,no
256470618737,0,https://s3.amazonaws.com/DOWS_products/1000x1000/covert_tactical/handcuff_keys/belt/ZT55-C2.jpg,"Responsive image",generic,200,no
256470618737,1,https://secureimages.channeladvisor.com/images/channeladvisor/channeladvisor_poweredby-en.gif,,missing,200,no
256470618745,0,https://s3.amazonaws.com/DOWS_products/1000x1000/sports_outdoors/camping_hiking/gear_repair/outerwear/10897_reflective_patches2.jpg,"Responsive image",generic,200,no
256470618745,1,https://secureimages.channeladvisor.com/images/channeladvisor/channeladvisor_poweredby-en.gif,,missing,200,no
256476123885,0,https://s3.amazonaws.com/DOWS_products/1000x1000/camping_outdoors/repair/downcleaner.jpg,"Responsive image",generic,200,no
256476123885,1,https://secureimages.channeladvisor.com/images/channeladvisor/channeladvisor_poweredby-en.gif,,missing,200,no
256476123930,0,https://s3.amazonaws.com/DOWS_products/1000x1000/Tools/powerExtensionBits1.jpg,"Responsive image",generic,200,no
256476123930,1,https://secureimages.channeladvisor.com/images/channeladvisor/channeladvisor_poweredby-en.gif,,missing,200,no
256485432774,0,https://s3.amazonaws.com/DOWS_products/1000x1000/sports_outdoors/camping_hiking/gear_repair/gear_aid_44053_package_front.jpg,"Responsive image",generic,200,no
256485432774,1,https://secureimages.channeladvisor.com/images/channeladvisor/channeladvisor_poweredby-en.gif,,missing,200,no
256494150722,0,https://s3.amazonaws.com/DOWS_products/1000x1000/sports_outdoors/camping_hiking/gear_repair/gear_aid_30141_main.jpg,"Responsive image",generic,200,no
256494150722,1,https://secureimages.channeladvisor.com/images/channeladvisor/channeladvisor_poweredby-en.gif,,missing,200,no
256495157311,0,https://s3.amazonaws.com/DOWS_products/1000x1000/camping_outdoors/repair/10770-TenaciousTape-ClearRoll-PKG-1.5x60.jpg,"Responsive image",generic,200,no
256495157311,1,https://secureimages.channeladvisor.com/images/channeladvisor/channeladvisor_poweredby-en.gif,,missing,200,no
256496193766,0,https://s3.amazonaws.com/DOWS_products/1000x1000/sports_outdoors/camping_hiking/wilderness_tools/ROCK.jpg,"Responsive image",generic,200,no
256500167211,0,https://s3.amazonaws.com/DOWS_products/1000x1000/sports_outdoors/camping_hiking/utensils.jpg,"Responsive image",generic,200,no
256500167211,1,https://secureimages.channeladvisor.com/images/channeladvisor/channeladvisor_poweredby-en.gif,,missing,200,no
256504787666,0,https://s3.amazonaws.com/DOWS_photobucket/dealsonly/Sona/RazorComb3.JPG,"Responsive image",generic,200,no
256504787666,1,https://secureimages.channeladvisor.com/images/channeladvisor/channeladvisor_poweredby-en.gif,,missing,200,no
256508244300,0,https://s3.amazonaws.com/DOWS_products/1000x1000/tools/hobby_knives/testors.jpg,"Responsive image",generic,200,no
256508244300,1,https://secureimages.channeladvisor.com/images/channeladvisor/channeladvisor_poweredby-en.gif,,missing,200,no
256508244301,0,https://s3.amazonaws.com/DOWS_products/1000x1000/home/garden/FKP36_NPT288_bundle_main.jpg,"Responsive image",generic,200,no
256508244301,1,https://secureimages.channeladvisor.com/images/channeladvisor/channeladvisor_poweredby-en.gif,,missing,200,no
256508244302,0,https://s3.amazonaws.com/DOWS_products/1000x1000/sports_outdoors/camping_hiking/safety-vest-1.jpg,"Responsive image",generic,200,no
256508244302,1,https://secureimages.channeladvisor.com/images/channeladvisor/channeladvisor_poweredby-en.gif,,missing,200,no
256508244303,0,https://s3.amazonaws.com/DOWS_products/1000x1000/sports_outdoors/camping_hiking/gear_repair/outerwear/36170_wash_in_water_repellent_gallon_stock.jpg,"Responsive image",generic,200,no
256508244303,1,https://secureimages.channeladvisor.com/images/channeladvisor/channeladvisor_poweredby-en.gif,,missing,200,no
256508244305,0,https://s3.amazonaws.com/DOWS_products/1000x1000/Tools/DD2-32_double_ended_spatula_main.jpg,"Responsive image",generic,200,no
256508244305,1,https://secureimages.channeladvisor.com/images/channeladvisor/channeladvisor_poweredby-en.gif,,missing,200,no
256508244309,0,https://s3.amazonaws.com/DOWS_products/1000x1000/sports_outdoors/camping_hiking/navy-towel-1.jpg,"Responsive image",generic,200,no
256508244309,1,https://secureimages.channeladvisor.com/images/channeladvisor/channeladvisor_poweredby-en.gif,,missing,200,no
256508244319,0,https://s3.amazonaws.com/DOWS_products/Hobby_Tools/6pcMetalClamps2.jpg,"Responsive image",generic,200,no
256508244319,1,https://secureimages.channeladvisor.com/images/channeladvisor/channeladvisor_poweredby-en.gif,,missing,200,no
256508244326,0,https://s3.amazonaws.com/DOWS_products/1000x1000/sports_outdoors/PC-BALL50-6_50pc-6mm-ammo-stock1.jpg,"Responsive image",generic,200,no
256508244326,1,https://secureimages.channeladvisor.com/images/channeladvisor/channeladvisor_poweredby-en.gif,,missing,200,no
256508244327,0,https://s3.amazonaws.com/DOWS_products/1000x1000/tools/multi-tools/28pc-woodburning-set-4.jpg,"Responsive image",generic,200,no
256508244327,1,https://secureimages.channeladvisor.com/images/channeladvisor/channeladvisor_poweredby-en.gif,,missing,200,no
256508244336,0,https://s3.amazonaws.com/DOWS_photobucket/dealsonly/Sona/sharpening8.jpg,"Responsive image",generic,200,no
256508244336,1,https://secureimages.channeladvisor.com/images/channeladvisor/channeladvisor_poweredby-en.gif,,missing,200,no
256508244342,0,https://s3.amazonaws.com/DOWS_products/1000x1000/tools/TW2-411_4pc_tweezer_stock.jpg,"Responsive image",generic,200,no
256508244342,1,https://secureimages.channeladvisor.com/images/channeladvisor/channeladvisor_poweredby-en.gif,,missing,200,no
256508244345,0,https://s3.amazonaws.com/DOWS_products/1000x1000/automotive/uni-zip-cable-white-3mm_165__1.jpg,"Responsive image",generic,200,no
256508244345,1,https://secureimages.channeladvisor.com/images/channeladvisor/channeladvisor_poweredby-en.gif,,missing,200,no
256508244347,0,https://s3.amazonaws.com/DOWS_products/1000x1000/tools/BTAA-4_AA_Batteries_4pk.jpg,"Responsive image",generic,200,no
256508244347,1,https://secureimages.channeladvisor.com/images/channeladvisor/channeladvisor_poweredby-en.gif,,missing,200,no
256508244348,0,https://s3.amazonaws.com/DOWS_products/1000x1000/home/NW9510-12_2.jpg,"Responsive image",generic,200,no
256508244348,1,https://secureimages.channeladvisor.com/images/channeladvisor/channeladvisor_poweredby-en.gif,,missing,200,no
256508244356,0,https://s3.amazonaws.com/DOWS_photobucket/dealsonly/E-Corie/SleepBag2.jpg,"Responsive image",generic,200,no
256508244356,1,https://secureimages.channeladvisor.com/images/channeladvisor/channeladvisor_poweredby-en.gif,,missing,200,no
256508244360,0,https://s3.amazonaws.com/DOWS_photobucket/dealsonly/Sona/flexibleBoards1.jpg,"Responsive image",generic,200,no
256508244360,1,https://secureimages.channeladvisor.com/images/channeladvisor/channeladvisor_poweredby-en.gif,,missing,200,no
256508244362,0,https://s3.amazonaws.com/DOWS_products/1000x1000/home/120SKP-B_Pull_Apart_Key_Ring_Stock1.jpg,"Responsive image",generic,200,no
256508244362,1,https://secureimages.channeladvisor.com/images/channeladvisor/channeladvisor_poweredby-en.gif,,missing,200,no
256508244367,0,https://s3.amazonaws.com/DOWS_products/1000x1000/tools/multi-tools/PC1212_Paper_Trimmer_Stock1.jpg,"Responsive image",generic,200,no
256508244367,1,https://secureimages.channeladvisor.com/images/channeladvisor/channeladvisor_poweredby-en.gif,,missing,200,no
256508244370,0,https://s3.amazonaws.com/DOWS_products/1000x1000/tools/stencil1.jpg,"Responsive image",generic,200,no
256508244370,1,https://secureimages.channeladvisor.com/images/channeladvisor/channeladvisor_poweredby-en.gif,,missing,200,no
256508244371,0,https://s3.amazonaws.com/DOWS_products/1000x1000/sports_outdoors/CS003_3.jpg,"Responsive image",generic,200,no
256508244371,1,https://secureimages.channeladvisor.com/images/channeladvisor/channeladvisor_poweredby-en.gif,,missing,200,no
256508244379,0,https://s3.amazonaws.com/DOWS_products/1000x1000/home/kitchen/bbq-grill-mats-1.jpg,"Responsive image",generic,200,no
256508244379,1,https://secureimages.channeladvisor.com/images/channeladvisor/channeladvisor_poweredby-en.gif,,missing,200,no
256508244380,0,https://s3.amazonaws.com/DOWS_products/1000x1000/home/CC_magnifier.jpg,"Responsive image",generic,200,no
256508244380,1,https://secureimages.channeladvisor.com/images/channeladvisor/channeladvisor_poweredby-en.gif,,missing,200,no
256508244384,0,https://s3.amazonaws.com/DOWS_products/1000x1000/sports_outdoors/gold_panning/pans/GP4-10_mini_sifter_stock2.jpg,"Responsive image",generic,200,no
256508244384,1,https://secureimages.channeladvisor.com/images/channeladvisor/channeladvisor_poweredby-en.gif,,missing,200,no
256508244390,0,https://s3.amazonaws.com/DOWS_products/1000x1000/sports_outdoors/camping_hiking/dry-sack-40L.jpg,"Responsive image",generic,200,no
256508244390,1,https://secureimages.channeladvisor.com/images/channeladvisor/channeladvisor_poweredby-en.gif,,missing,200,no
256508244391,0,https://s3.amazonaws.com/DOWS_products/Professional_Equipment/stethoscopeBlack1.jpg,"Responsive image",generic,200,no
256508244391,1,https://secureimages.channeladvisor.com/images/channeladvisor/channeladvisor_poweredby-en.gif,,missing,200,no
256508244394,0,https://s3.amazonaws.com/DOWS_products/Hobby_Tools/storkScissors.jpg,"Responsive image",generic,200,no
256508244394,1,https://secureimages.channeladvisor.com/images/channeladvisor/channeladvisor_poweredby-en.gif,,missing,200,no
256508244395,0,https://s3.amazonaws.com/DOWS_products/1000x1000/sports_outdoors/gold_panning/classifiers/GP4-110_6in_classifier_100hole_detail_02.jpg,"Responsive image",generic,200,no
256508244395,1,https://secureimages.channeladvisor.com/images/channeladvisor/channeladvisor_poweredby-en.gif,,missing,200,no
256508244398,0,https://s3.amazonaws.com/DOWS_products/1000x1000/covert_tactical/handcuff_keys/HandcuffKey.JPG,"Responsive image",generic,200,no
256508244407,0,https://s3.amazonaws.com/DOWS_products/1000x1000/sports_outdoors/gold_panning/gp4-30_mini_sifter_stock1.jpg,"Responsive image",generic,200,no
256508244407,1,https://secureimages.channeladvisor.com/images/channeladvisor/channeladvisor_poweredby-en.gif,,missing,200,no
256508244410,0,https://s3.amazonaws.com/DOWS_products/1000x1000/camping_outdoors/1297A-12_jumbo_caribiner_prp_main.jpg,"Responsive image",generic,200,no
256508244410,1,https://secureimages.channeladvisor.com/images/channeladvisor/channeladvisor_poweredby-en.gif,,missing,200,no
256508244417,0,https://s3.amazonaws.com/DOWS_products/1000x1000/home/kitchen/OD-BBQM3340_bbq_mats_2pk_main_01.jpg,"Responsive image",generic,200,no
256508244417,1,https://secureimages.channeladvisor.com/images/channeladvisor/channeladvisor_poweredby-en.gif,,missing,200,no
256508244422,0,https://s3.amazonaws.com/DOWS_products/1000x1000/sports_outdoors/camping_hiking/gear_repair/36119_odor_eliminator_gallon_stock.jpg,"Responsive image",generic,200,no
256508244422,1,https://secureimages.channeladvisor.com/images/channeladvisor/channeladvisor_poweredby-en.gif,,missing,200,no
256508244425,0,https://s3.amazonaws.com/DOWS_products/1000x1000/tools/dual-face-texturing-hammer-stripe-and-square.jpg,"Responsive image",generic,200,no
256508244425,1,https://secureimages.channeladvisor.com/images/channeladvisor/channeladvisor_poweredby-en.gif,,missing,200,no
256508244429,0,https://s3.amazonaws.com/DOWS_products/Hobby_Tools/4pt8.jpg,"Responsive image",generic,200,no
256508244429,1,https://secureimages.channeladvisor.com/images/channeladvisor/channeladvisor_poweredby-en.gif,,missing,200,no
256508244430,0,https://s3.amazonaws.com/DOWS_products/camping_outdoors/Survival_Kits/LgWaterproofCase.jpg,"Responsive image",generic,200,no
256508244430,1,https://secureimages.channeladvisor.com/images/channeladvisor/channeladvisor_poweredby-en.gif,,missing,200,no
256508244435,0,https://s3.amazonaws.com/DOWS_products/1000x1000/sports_outdoors/camping_hiking/OD-FN2P-funnels-2pc-2.jpg,"Responsive image",generic,200,no
256508244435,1,https://secureimages.channeladvisor.com/images/channeladvisor/channeladvisor_poweredby-en.gif,,missing,200,no
256508244448,0,https://s3.amazonaws.com/DOWS_products/1000x1000/sports_outdoors/gold_panning/tweezer4x.jpg,"Responsive image",generic,200,no
256508244448,1,https://secureimages.channeladvisor.com/images/channeladvisor/channeladvisor_poweredby-en.gif,,missing,200,no
256508244454,0,https://s3.amazonaws.com/DOWS_products/1000x1000/Survival/EP11A-LG_green_poncho_detail_01.jpg,"Responsive image",generic,200,no
256508244454,1,https://secureimages.channeladvisor.com/images/channeladvisor/channeladvisor_poweredby-en.gif,,missing,200,no
256508244456,0,https://s3.amazonaws.com/DOWS_products/Hobby_Tools/threadNipper.jpg,"Responsive image",generic,200,no
256508244456,1,https://secureimages.channeladvisor.com/images/channeladvisor/channeladvisor_poweredby-en.gif,,missing,200,no
256508244457,0,https://s3.amazonaws.com/DOWS_products/1000x1000/barbecue-fork.jpg,"Responsive image",generic,200,no
256508244457,1,https://secureimages.channeladvisor.com/images/channeladvisor/channeladvisor_poweredby-en.gif,,missing,200,no
256508244458,0,https://s3.amazonaws.com/DOWS_products/1000x1000/sports_outdoors/rope_cord/PC100BK55_100ft_Paracord_Black_Stock2.jpg,"Responsive image",generic,200,no
256508244458,1,https://secureimages.channeladvisor.com/images/channeladvisor/channeladvisor_poweredby-en.gif,,missing,200,no
256508244466,0,https://s3.amazonaws.com/DOWS_photobucket/dealsonly/Sona/EB7158.jpg,"Responsive image",generic,200,no
256508244466,1,https://secureimages.channeladvisor.com/images/channeladvisor/channeladvisor_poweredby-en.gif,,missing,200,no
256508244468,0,https://s3.amazonaws.com/DOWS_products/1000x1000/tools/fixed_knives/son-sgsursb-10pc-11-mtl_971_3.jpg,"Responsive image",generic,200,no
256508244468,1,https://secureimages.channeladvisor.com/images/channeladvisor/channeladvisor_poweredby-en.gif,,missing,200,no
256508244478,0,https://s3.amazonaws.com/DOWS_products/1000x1000/tools/7594DSE_main.jpg,"Responsive image",generic,200,no
256508244478,1,https://secureimages.channeladvisor.com/images/channeladvisor/channeladvisor_poweredby-en.gif,,missing,200,no
256508244481,0,https://s3.amazonaws.com/DOWS_products/1000x1000/sports_outdoors/pc103or55_100ft_paracord_oranage_tracer_stock2.jpg,"Responsive image",generic,200,no
256508244481,1,https://secureimages.channeladvisor.com/images/channeladvisor/channeladvisor_poweredby-en.gif,,missing,200,no
256508244500,0,https://s3.amazonaws.com/DOWS_products/1000x1000/Tools/OD-WBH72BL_water_bottle_clip_detail_03-1.jpg,"Responsive image",generic,200,no
256508244500,1,https://secureimages.channeladvisor.com/images/channeladvisor/channeladvisor_poweredby-en.gif,,missing,200,no
256508244506,0,https://s3.amazonaws.com/DOWS_products/Tools/JewelDriver2.jpg,"Responsive image",generic,200,no
256508244506,1,https://secureimages.channeladvisor.com/images/channeladvisor/channeladvisor_poweredby-en.gif,,missing,200,no
256508244508,0,https://s3.amazonaws.com/DOWS_products/1000x1000/sports_outdoors/camping_hiking/wilderness_tools/tri-fold-shovel-4.jpg,"Responsive image",generic,200,no
256508244508,1,https://secureimages.channeladvisor.com/images/channeladvisor/channeladvisor_poweredby-en.gif,,missing,200,no
256508244509,0,https://s3.amazonaws.com/DOWS_products/1000x1000/tools/rotary/82312DD_12pc_rotary_tool_set_150grit_detail_03.jpg,"Responsive image",generic,200,no
256508244509,1,https://secureimages.channeladvisor.com/images/channeladvisor/channeladvisor_poweredby-en.gif,,missing,200,no
256508244543,0,https://s3.amazonaws.com/DOWS_products/1000x1000/sports_outdoors/camping_hiking/gear_repair/outerwear/EP123LG_Disposable_Vest_Green_Stock1.jpg,"Responsive image",generic,200,no
256508250506,0,https://s3.amazonaws.com/DOWS_products/1000x1000/sports_outdoors/rope_cord/PC101GN55_100ft_Paracord_OD_Green_Stock4.jpg,"Responsive image",generic,200,no
256508250506,1,https://secureimages.channeladvisor.com/images/channeladvisor/channeladvisor_poweredby-en.gif,,missing,200,no
256508701414,0,https://s3.amazonaws.com/DOWS_products/camping_outdoors/goldProducts/minersMossGray1.jpg,"Responsive image",generic,200,no
256508701414,1,https://secureimages.channeladvisor.com/images/channeladvisor/channeladvisor_poweredby-en.gif,,missing,200,no
256508701447,0,https://s3.amazonaws.com/DOWS_products/1000x1000/barbecue-fork.jpg,"Responsive image",generic,200,no
256508701447,1,https://secureimages.channeladvisor.com/images/channeladvisor/channeladvisor_poweredby-en.gif,,missing,200,no
256508701474,0,https://s3.amazonaws.com/DOWS_products/1000x1000/home/kitchen/bbq-grill-mats-1.jpg,"Responsive image",generic,200,no
256508701474,1,https://secureimages.channeladvisor.com/images/channeladvisor/channeladvisor_poweredby-en.gif,,missing,200,no
256508701517,0,https://s3.amazonaws.com/DOWS_products/1000x1000/tools/DB316CS_chainsaw-burr-3-16-package.JPG,"Responsive image",generic,200,no
256508701517,1,https://secureimages.channeladvisor.com/images/channeladvisor/channeladvisor_poweredby-en.gif,,missing,200,no
256509144716,0,https://s3.amazonaws.com/DOWS_products/1000x1000/home/gl326_green-main.jpg,"Responsive image",generic,200,no
256509144716,1,https://secureimages.channeladvisor.com/images/channeladvisor/channeladvisor_poweredby-en.gif,,missing,200,no
256509144739,0,https://s3.amazonaws.com/DOWS_products/1000x1000/home/sapphire-nail-file.jpg,"Responsive image",generic,200,no
256509144739,1,https://secureimages.channeladvisor.com/images/channeladvisor/channeladvisor_poweredby-en.gif,,missing,200,no
256509144757,0,https://s3.amazonaws.com/DOWS_products/1000x1000/sports_outdoors/camping_hiking/gear_repair/gear_aid_10800_package.jpg,"Responsive image",generic,200,no
256509144757,1,https://secureimages.channeladvisor.com/images/channeladvisor/channeladvisor_poweredby-en.gif,,missing,200,no
256509144778,0,https://s3.amazonaws.com/DOWS_products/1000x1000/sports_outdoors/camping_hiking/gear_repair/36119_odor_eliminator_gallon_stock.jpg,"Responsive image",generic,200,no
256509144778,1,https://secureimages.channeladvisor.com/images/channeladvisor/channeladvisor_poweredby-en.gif,,missing,200,no
256510041675,0,https://images-na.ssl-images-amazon.com/images/I/710jm7wRtgL._SL1500_.jpg,"Responsive image",generic,200,no
256510041675,1,https://secureimages.channeladvisor.com/images/channeladvisor/channeladvisor_poweredby-en.gif,,missing,200,no
256510041680,0,https://s3.amazonaws.com/DOWS_products/1000x1000/camping_outdoors/repair/sbk.jpg,"Responsive image",generic,200,no
256510041680,1,https://secureimages.channeladvisor.com/images/channeladvisor/channeladvisor_poweredby-en.gif,,missing,200,no
256510041695,0,https://s3.amazonaws.com/DOWS_products/1000x1000/tools/AB12_12pc_acid_brush_set_stock1.jpg,"Responsive image",generic,200,no
256510041695,1,https://secureimages.channeladvisor.com/images/channeladvisor/channeladvisor_poweredby-en.gif,,missing,200,no
256510041696,0,https://s3.amazonaws.com/DOWS_products/1000x1000/sports_outdoors/camping_hiking/YC-809-BK_9in1_camping_multitool_detail_04.jpg,"Responsive image",generic,200,no
256510041696,1,https://secureimages.channeladvisor.com/images/channeladvisor/channeladvisor_poweredby-en.gif,,missing,200,no
256510041697,0,https://s3.amazonaws.com/DOWS_products/1000x1000/camping_outdoors/repair/gear_aid_10601_main.jpg,"Responsive image",generic,200,no
256510041697,1,https://secureimages.channeladvisor.com/images/channeladvisor/channeladvisor_poweredby-en.gif,,missing,200,no
256510041710,0,https://s3.amazonaws.com/DOWS_products/1000x1000/covert_tactical/hidden_contents/dissolving-reflection-paper.jpg,"Responsive image",generic,200,no
256510041710,1,https://secureimages.channeladvisor.com/images/channeladvisor/channeladvisor_poweredby-en.gif,,missing,200,no
256510041712,0,https://s3.amazonaws.com/DOWS_products/1000x1000/sports_outdoors/camping_hiking/gear_repair/reviveexspray_2pk.jpg,"Responsive image",generic,200,no
256510041712,1,https://secureimages.channeladvisor.com/images/channeladvisor/channeladvisor_poweredby-en.gif,,missing,200,no
256510041714,0,https://s3.amazonaws.com/DOWS_products/1000x1000/tools/SP40A_angular-scissor-stock.jpg,"Responsive image",generic,200,no
256510041714,1,https://secureimages.channeladvisor.com/images/channeladvisor/channeladvisor_poweredby-en.gif,,missing,200,no
256510041719,0,https://s3.amazonaws.com/DOWS_products/1000x1000/Tools/ESF2036_high_vis_marking_tape_grn_detail_01-1.jpg,"Responsive image",generic,200,no
256510041719,1,https://secureimages.channeladvisor.com/images/channeladvisor/channeladvisor_poweredby-en.gif,,missing,200,no
256510041721,0,https://s3.amazonaws.com/DOWS_products/1000x1000/sports_outdoors/camping_hiking/OD-RB392BB_Reinforced_Belt_Stock4.jpg,"Responsive image",generic,200,no
256510041721,1,https://secureimages.channeladvisor.com/images/channeladvisor/channeladvisor_poweredby-en.gif,,missing,200,no
256510041723,0,https://s3.amazonaws.com/DOWS_products/1000x1000/sports_outdoors/gold_panning/accessories/GP3-SS20_Green_Sand_Scoop_Stock1.jpg,"Responsive image",generic,200,no
256510041723,1,https://secureimages.channeladvisor.com/images/channeladvisor/channeladvisor_poweredby-en.gif,,missing,200,no
256510041735,0,https://s3.amazonaws.com/DOWS_products/1000x1000/toys/A57_BLU_main.jpg,"Responsive image",generic,200,no
256510041735,1,https://secureimages.channeladvisor.com/images/channeladvisor/channeladvisor_poweredby-en.gif,,missing,200,no
256510041750,0,https://s3.amazonaws.com/DOWS_products/1000x1000/sports_outdoors/gold_panning/accessories/GP3-RG60_gold_panning_gloves_stock1.jpg,"Responsive image",generic,200,no
256510041750,1,https://secureimages.channeladvisor.com/images/channeladvisor/channeladvisor_poweredby-en.gif,,missing,200,no
256510041753,0,https://s3.amazonaws.com/DOWS_products/1000x1000/sports_outdoors/camping_hiking/gear_repair/gear_aid_40100_main.jpg,"Responsive image",generic,200,no
256510041753,1,https://secureimages.channeladvisor.com/images/channeladvisor/channeladvisor_poweredby-en.gif,,missing,200,no
256510041759,0,https://s3.amazonaws.com/DOWS_products/1000x1000/sports_outdoors/gold_panning/accessories/SON-POCKETSLUICEBOX-GRN-AMZ-HPN_MAIN.jpg,"Responsive image",generic,200,no
256510041759,1,https://secureimages.channeladvisor.com/images/channeladvisor/channeladvisor_poweredby-en.gif,,missing,200,no
256510041765,0,https://s3.amazonaws.com/DOWS_products/1000x1000/camping_outdoors/repair/rbcf.jpg,"Responsive image",generic,200,no
256510041765,1,https://secureimages.channeladvisor.com/images/channeladvisor/channeladvisor_poweredby-en.gif,,missing,200,no
256510041773,0,https://s3.amazonaws.com/DOWS_products/1000x1000/Sona/SON-STEELDIGGER-GRN-AMZ-HPN_MAIN.jpg,"Responsive image",generic,200,no
256510041789,0,https://s3.amazonaws.com/DOWS_products/1000x1000/sports_outdoors/camping_hiking/gear_repair/large_winchbuckle1.jpg,"Responsive image",generic,200,no
256510041789,1,https://secureimages.channeladvisor.com/images/channeladvisor/channeladvisor_poweredby-en.gif,,missing,200,no
256510041808,0,https://s3.amazonaws.com/DOWS_products/1000x1000/home/9-1251_nail_files_1.jpg,"Responsive image",generic,200,no
256510041808,1,https://secureimages.channeladvisor.com/images/channeladvisor/channeladvisor_poweredby-en.gif,,missing,200,no
256510047585,0,https://s3.amazonaws.com/DOWS_products/1000x1000/home/FL89026TL_storage_stand_stock1.jpg,"Responsive image",generic,200,no
256510047585,1,https://secureimages.channeladvisor.com/images/channeladvisor/channeladvisor_poweredby-en.gif,,missing,200,no
256510047588,0,https://s3.amazonaws.com/DOWS_products/1000x1000/sports_outdoors/camping_hiking/personal_care/OD-WP292BB_waist_belt_main.jpg,"Responsive image",generic,200,no
256510047588,1,https://secureimages.channeladvisor.com/images/channeladvisor/channeladvisor_poweredby-en.gif,,missing,200,no
256510047589,0,https://s3.amazonaws.com/DOWS_products/1000x1000/home/8-54023_main_wh.jpg,"Responsive image",generic,200,no
256510047589,1,https://secureimages.channeladvisor.com/images/channeladvisor/channeladvisor_poweredby-en.gif,,missing,200,no
256510047590,0,https://s3.amazonaws.com/DOWS_products/1000x1000/tools/GC15BP9_24pc_gun_repair_kit_detail_01.jpg,"Responsive image",generic,200,no
256510047590,1,https://secureimages.channeladvisor.com/images/channeladvisor/channeladvisor_poweredby-en.gif,,missing,200,no
256510047592,0,https://s3.amazonaws.com/DOWS_products/1000x1000/camping_outdoors/repair/rbt.jpg,"Responsive image",generic,200,no
256510047592,1,https://secureimages.channeladvisor.com/images/channeladvisor/channeladvisor_poweredby-en.gif,,missing,200,no
256510047593,0,https://s3.amazonaws.com/DOWS_products/1000x1000/tools/DT210_duct_tape_stock1.jpg,"Responsive image",generic,200,no
256510047593,1,https://secureimages.channeladvisor.com/images/channeladvisor/channeladvisor_poweredby-en.gif,,missing,200,no
256510047596,0,https://s3.amazonaws.com/DOWS_products/1000x1000/sports_outdoors/camping_hiking/gear_repair/outerwear/MCN-GARVXPCDWP-BNDL-AMZ_MAIN.jpg,"Responsive image",generic,200,no
256510047596,1,https://secureimages.channeladvisor.com/images/channeladvisor/channeladvisor_poweredby-en.gif,,missing,200,no
256510047597,0,https://s3.amazonaws.com/DOWS_products/1000x1000/sports_outdoors/camping_hiking/gear_repair/gear_aid_10441_main.jpg,"Responsive image",generic,200,no
256510047597,1,https://secureimages.channeladvisor.com/images/channeladvisor/channeladvisor_poweredby-en.gif,,missing,200,no
256510047607,0,https://s3.amazonaws.com/DOWS_products/1000x1000/tools/GC24-66K_pistol_cleaning_kit_stock4.jpg,"Responsive image",generic,200,no
256510047607,1,https://secureimages.channeladvisor.com/images/channeladvisor/channeladvisor_poweredby-en.gif,,missing,200,no
256510047608,0,https://s3.amazonaws.com/DOWS_products/1000x1000/sports_outdoors/camping_hiking/gear_repair/36196_down_cleaner_gallon_stock.jpg,"Responsive image",generic,200,no
256510047608,1,https://secureimages.channeladvisor.com/images/channeladvisor/channeladvisor_poweredby-en.gif,,missing,200,no
256510047609,0,https://s3.amazonaws.com/DOWS_products/1000x1000/tools/MAT-0509_main.jpg,"Responsive image",generic,200,no
256510047609,1,https://secureimages.channeladvisor.com/images/channeladvisor/channeladvisor_poweredby-en.gif,,missing,200,no
256510047611,0,https://s3.amazonaws.com/DOWS_products/1000x1000/sports_outdoors/camping_hiking/personal_care/FA100-EA_100pc_First_Aid_Kit_flat_lay.jpg,"Responsive image",generic,200,no
256510047611,1,https://secureimages.channeladvisor.com/images/channeladvisor/channeladvisor_poweredby-en.gif,,missing,200,no
256510047616,0,https://s3.amazonaws.com/DOWS_products/1000x1000/sports_outdoors/camping_hiking/gear_repair/outerwear/MCN-GARVXPCDWEMRP-BNDL-AMZ_MAIN.jpg,"Responsive image",generic,200,no
256510047616,1,https://secureimages.channeladvisor.com/images/channeladvisor/channeladvisor_poweredby-en.gif,,missing,200,no
256510047618,0,https://s3.amazonaws.com/DOWS_photobucket/dealsonly/Sona/Tweezer5pc.jpg,"Responsive image",generic,200,no
256510047618,1,https://secureimages.channeladvisor.com/images/channeladvisor/channeladvisor_poweredby-en.gif,,missing,200,no
256510047619,0,https://s3.amazonaws.com/DOWS_products/1000x1000/mcnett_test/xlarge_large_80620_GA_ErgoZipperPulls-comp.jpg,"Responsive image",generic,200,no
256510047619,1,https://secureimages.channeladvisor.com/images/channeladvisor/channeladvisor_poweredby-en.gif,,missing,200,no
256510047623,0,https://s3.amazonaws.com/DOWS_products/1000x1000/sports_outdoors/camping_hiking/GC-MAT1812UF_stock4.jpg,"Responsive image",generic,200,no
256510047623,1,https://secureimages.channeladvisor.com/images/channeladvisor/channeladvisor_poweredby-en.gif,,missing,200,no
256510047624,0,https://s3.amazonaws.com/DOWS_products/1000x1000/Tools/BW240_2in_polishing_buff_wheel_detail_01.jpg,"Responsive image",generic,200,no
256510047624,1,https://secureimages.channeladvisor.com/images/channeladvisor/channeladvisor_poweredby-en.gif,,missing,200,no
256510047628,0,https://s3.amazonaws.com/DOWS_products/1000x1000/sports_outdoors/camping_hiking/gear_aid_80640_main_package.jpg,"Responsive image",generic,200,no
256510047646,0,https://s3.amazonaws.com/DOWS_products/1000x1000/sports_outdoors/camping_hiking/gear_repair/40220-SeaDrops-PKG-1.25oz.jpg,"Responsive image",generic,200,no
256510047646,1,https://secureimages.channeladvisor.com/images/channeladvisor/channeladvisor_poweredby-en.gif,,missing,200,no
256510047648,0,https://s3.amazonaws.com/DOWS_products/1000x1000/sports_outdoors/camping_hiking/gear_repair/36198_pro_cleaner_gallon_stock.jpg,"Responsive image",generic,200,no
256510047648,1,https://secureimages.channeladvisor.com/images/channeladvisor/channeladvisor_poweredby-en.gif,,missing,200,no
256510047655,0,https://s3.amazonaws.com/DOWS_products/1000x1000/tools/pill-holder-2.jpg,"Responsive image",generic,200,no
256510047655,1,https://secureimages.channeladvisor.com/images/channeladvisor/channeladvisor_poweredby-en.gif,,missing,200,no
256510047656,0,https://s3.amazonaws.com/DOWS_products/1000x1000/tools/10254HS6_6pc_pick_hook_set_detail_01.jpg,"Responsive image",generic,200,no
256510047656,1,https://secureimages.channeladvisor.com/images/channeladvisor/channeladvisor_poweredby-en.gif,,missing,200,no
256510047660,0,https://s3.amazonaws.com/usurper-products/72609/sEL8BqsuDwFTWdZzkN6OrH0IYofSRe-metaMjYxMjBfc2lsX2dyZWFzZV9tYWluLmpwZw==-.jpg,"Responsive image",generic,200,no
256510047661,0,https://s3.amazonaws.com/DOWS_products/1000x1000/sports_outdoors/camping_hiking/gear_repair/outerwear/MCN-GARVXPCWIWBP-BNDL-AMZ_MAIN.jpg,"Responsive image",generic,200,no
256510047661,1,https://secureimages.channeladvisor.com/images/channeladvisor/channeladvisor_poweredby-en.gif,,missing,200,no
256510047684,0,https://s3.amazonaws.com/DOWS_products/1000x1000/Tools/SGB004_safety_goggles_detail_05-1.jpg,"Responsive image",generic,200,no
256510047684,1,https://secureimages.channeladvisor.com/images/channeladvisor/channeladvisor_poweredby-en.gif,,missing,200,no
256510047690,0,https://s3.amazonaws.com/DOWS_products/1000x1000/toys/702433FB_fingerlings_diary_stock.jpg,"Responsive image",generic,200,no
256510047690,1,https://secureimages.channeladvisor.com/images/channeladvisor/channeladvisor_poweredby-en.gif,,missing,200,no
256510047693,0,https://s3.amazonaws.com/DOWS_products/1000x1000/automotive/FL9115-10W_work_light_stock3.jpg,"Responsive image",generic,200,no
256510047693,1,https://secureimages.channeladvisor.com/images/channeladvisor/channeladvisor_poweredby-en.gif,,missing,200,no
256510047695,0,https://s3.amazonaws.com/DOWS_products/1000x1000/Tools/TW2-405_5pc_tweezer_set_detail_06.jpg,"Responsive image",generic,200,no
256510047695,1,https://secureimages.channeladvisor.com/images/channeladvisor/channeladvisor_poweredby-en.gif,,missing,200,no
256510047696,0,https://s3.amazonaws.com/DOWS_products/1000x1000/undefinedCMS_ceramicstarter_main.jpg,"Responsive image",generic,200,no
256510047696,1,https://secureimages.channeladvisor.com/images/channeladvisor/channeladvisor_poweredby-en.gif,,missing,200,no
256510047702,0,https://s3.amazonaws.com/DOWS_products/1000x1000/camping_outdoors/repair/brp.jpg,"Responsive image",generic,200,no
256510047702,1,https://secureimages.channeladvisor.com/images/channeladvisor/channeladvisor_poweredby-en.gif,,missing,200,no
256510047704,0,https://s3.amazonaws.com/DOWS_products/1000x1000/sports_outdoors/camping_hiking/gear_repair/outerwear/36243-RVX-Wash-InWR-PKG-10oz.jpg,"Responsive image",generic,200,no
256510047704,1,https://secureimages.channeladvisor.com/images/channeladvisor/channeladvisor_poweredby-en.gif,,missing,200,no
256510047719,0,https://s3.amazonaws.com/DOWS_products/1000x1000/sports_outdoors/rope_cord/OD-BSC330_30ft_shock_cord_packaging.jpg,"Responsive image",generic,200,no
256510047719,1,https://secureimages.channeladvisor.com/images/channeladvisor/channeladvisor_poweredby-en.gif,,missing,200,no
256510047916,0,https://s3.amazonaws.com/DOWS_products/1000x1000/camping_outdoors/repair/3br.jpg,"Responsive image",generic,200,no
256510047916,1,https://secureimages.channeladvisor.com/images/channeladvisor/channeladvisor_poweredby-en.gif,,missing,200,no
256510047921,0,https://s3.amazonaws.com/DOWS_products/1000x1000/tools/SP102_ice_tempered_scissors2.jpg,"Responsive image",generic,200,no
256510047921,1,https://secureimages.channeladvisor.com/images/channeladvisor/channeladvisor_poweredby-en.gif,,missing,200,no
256510047923,0,https://s3.amazonaws.com/DOWS_products/1000x1000/tools/JT114RS_ring_sizing_stick_stock1.jpg,"Responsive image",generic,200,no
256510047923,1,https://secureimages.channeladvisor.com/images/channeladvisor/channeladvisor_poweredby-en.gif,,missing,200,no
256510047925,0,https://images-na.ssl-images-amazon.com/images/I/81CAfr7BarL._SL1500_.jpg,"Responsive image",generic,200,no
256510047925,1,https://secureimages.channeladvisor.com/images/channeladvisor/channeladvisor_poweredby-en.gif,,missing,200,no
256510047926,0,https://s3.amazonaws.com/DOWS_products/1000x1000/home/9pc_beauty_toolkit_01.jpg,"Responsive image",generic,200,no
256510047926,1,https://secureimages.channeladvisor.com/images/channeladvisor/channeladvisor_poweredby-en.gif,,missing,200,no
256510047928,0,https://s3.amazonaws.com/DOWS_products/1000x1000/camping_outdoors/repair/meshpatch.jpeg,"Responsive image",generic,200,no
256510047937,0,https://s3.amazonaws.com/DOWS_products/1000x1000/camping_outdoors/repair/shamp.jpg,"Responsive image",generic,200,no
256510047937,1,https://secureimages.channeladvisor.com/images/channeladvisor/channeladvisor_poweredby-en.gif,,missing,200,no
256510047945,0,https://s3.amazonaws.com/DOWS_products/1000x1000/tools/DD2-34-spatula-set.jpg,"Responsive image",generic,200,no
256510047945,1,https://secureimages.channeladvisor.com/images/channeladvisor/channeladvisor_poweredby-en.gif,,missing,200,no
256510047946,0,https://s3.amazonaws.com/DOWS_products/1000x1000/tools/SP104_ice_tempered_scissors3.jpg,"Responsive image",generic,200,no
256510047946,1,https://secureimages.channeladvisor.com/images/channeladvisor/channeladvisor_poweredby-en.gif,,missing,200,no
256510047954,0,https://s3.amazonaws.com/DOWS_products/1000x1000/home/decor/NBB1233SL_string_lights_2.jpg,"Responsive image",generic,200,no
256510047954,1,https://secureimages.channeladvisor.com/images/channeladvisor/channeladvisor_poweredby-en.gif,,missing,200,no
256510047955,0,https://s3.amazonaws.com/DOWS_products/1000x1000/home/42121_callus_remover_blu_main.jpg,"Responsive image",generic,200,no
256510047955,1,https://secureimages.channeladvisor.com/images/channeladvisor/channeladvisor_poweredby-en.gif,,missing,200,no
256510047956,0,https://s3.amazonaws.com/DOWS_products/1000x1000/camping_outdoors/cord/50ftblackpara.jpg,"Responsive image",generic,200,no
256510047956,1,https://secureimages.channeladvisor.com/images/channeladvisor/channeladvisor_poweredby-en.gif,,missing,200,no
256510047965,0,https://s3.amazonaws.com/DOWS_products/1000x1000/sports_outdoors/camping_hiking/gear_repair/71aaGuILjQL._AC_SL1500_.jpg,"Responsive image",generic,200,no
256510047965,1,https://secureimages.channeladvisor.com/images/channeladvisor/channeladvisor_poweredby-en.gif,,missing,200,no
256510047966,0,https://s3.amazonaws.com/DOWS_products/1000x1000/home/1-1-2x1-1-2-zip-bag-action.jpg,"Responsive image",generic,200,no
256510047966,1,https://secureimages.channeladvisor.com/images/channeladvisor/channeladvisor_poweredby-en.gif,,missing,200,no
256510047969,0,https://s3.amazonaws.com/DOWS_products/1000x1000/tools/drill_bits/8283SD-HSS_3pc_nitride_drills_stock3.jpg,"Responsive image",generic,200,no
256510047969,1,https://secureimages.channeladvisor.com/images/channeladvisor/channeladvisor_poweredby-en.gif,,missing,200,no
256510047977,0,https://s3.amazonaws.com/DOWS_products/1000x1000/sports_outdoors/gold_panning/classifiers/Sifter2.jpg,"Responsive image",generic,200,no
256510047977,1,https://secureimages.channeladvisor.com/images/channeladvisor/channeladvisor_poweredby-en.gif,,missing,200,no
256510047983,0,https://s3.amazonaws.com/DOWS_products/1000x1000/sports_outdoors/camping_hiking/FS377_firestarter_main.jpg,"Responsive image",generic,200,no
256510047983,1,https://secureimages.channeladvisor.com/images/channeladvisor/channeladvisor_poweredby-en.gif,,missing,200,no
256510047987,0,https://s3.amazonaws.com/DOWS_products/1000x1000/toys/37073_stock6.jpg,"Responsive image",generic,200,no
256510047987,1,https://secureimages.channeladvisor.com/images/channeladvisor/channeladvisor_poweredby-en.gif,,missing,200,no
256510047992,0,https://s3.amazonaws.com/DOWS_products/1000x1000/camping_outdoors/repair/microcot.jpg,"Responsive image",generic,200,no
256510047994,0,https://s3.amazonaws.com/DOWS_products/1000x1000/camping_outdoors/repair/ab2.jpg,"Responsive image",generic,200,no
256510047998,0,https://s3.amazonaws.com/DOWS_products/1000x1000/tools/Glue_Gun_Stick_Bundle_01.jpg,"Responsive image",generic,200,no
256510047998,1,https://secureimages.channeladvisor.com/images/channeladvisor/channeladvisor_poweredby-en.gif,,missing,200,no
256510048002,0,https://s3.amazonaws.com/DOWS_photobucket/dealsonly/Sona/flexibleBoards1.jpg,"Responsive image",generic,200,no
256510048002,1,https://secureimages.channeladvisor.com/images/channeladvisor/channeladvisor_poweredby-en.gif,,missing,200,no
256510048004,0,https://s3.amazonaws.com/DOWS_products/1000x1000/camping_outdoors/repair/seab2.jpg,"Responsive image",generic,200,no
256510048004,1,https://secureimages.channeladvisor.com/images/channeladvisor/channeladvisor_poweredby-en.gif,,missing,200,no
256510048006,0,https://s3.amazonaws.com/DOWS_products/camping_outdoors/goldProducts/minersMossGreen1.jpg,"Responsive image",generic,200,no
256510048006,1,https://secureimages.channeladvisor.com/images/channeladvisor/channeladvisor_poweredby-en.gif,,missing,200,no
256510048011,0,https://s3.amazonaws.com/DOWS_products/1000x1000/sports_outdoors/camping_hiking/gear_repair/xlarge_orange_toggle.jpg,"Responsive image",generic,200,no
256510048011,1,https://secureimages.channeladvisor.com/images/channeladvisor/channeladvisor_poweredby-en.gif,,missing,200,no
256510048012,0,https://s3.amazonaws.com/DOWS_products/1000x1000/Survival/TC500GD_gold_mylar_blanket_stock_detail_01.jpg,"Responsive image",generic,200,no
256510048012,1,https://secureimages.channeladvisor.com/images/channeladvisor/channeladvisor_poweredby-en.gif,,missing,200,no
256510048021,0,https://s3.amazonaws.com/DOWS_products/1000x1000/home/kitchen/BJ094_jar_grip_helper_main.jpg,"Responsive image",generic,200,no
256510048021,1,https://secureimages.channeladvisor.com/images/channeladvisor/channeladvisor_poweredby-en.gif,,missing,200,no
256510048023,0,https://s3.amazonaws.com/DOWS_products/1000x1000/sports_outdoors/camping_hiking/gear_repair/outerwear/80345_buckle1.jpg,"Responsive image",generic,200,no
256510048023,1,https://secureimages.channeladvisor.com/images/channeladvisor/channeladvisor_poweredby-en.gif,,missing,200,no
256510048028,0,https://s3.amazonaws.com/DOWS_products/1000x1000/tools/AB12_12pc_acid_brush_set_stock1.jpg,"Responsive image",generic,200,no
256510048028,1,https://secureimages.channeladvisor.com/images/channeladvisor/channeladvisor_poweredby-en.gif,,missing,200,no
256510048035,0,https://s3.amazonaws.com/DOWS_products/1000x1000/tools/drill_bits/82616MD_15pc_mini_drill_set_main_01.jpg,"Responsive image",generic,200,no
256510048035,1,https://secureimages.channeladvisor.com/images/channeladvisor/channeladvisor_poweredby-en.gif,,missing,200,no
256510048036,0,https://s3.amazonaws.com/DOWS_products/1000x1000/camping_outdoors/repair/uvp.jpg,"Responsive image",generic,200,no
256510048036,1,https://secureimages.channeladvisor.com/images/channeladvisor/channeladvisor_poweredby-en.gif,,missing,200,no
256510048037,0,https://s3.amazonaws.com/DOWS_photobucket/dealsonly/Sona/RubberHeadClamp.jpg,"Responsive image",generic,200,no
256510048037,1,https://secureimages.channeladvisor.com/images/channeladvisor/channeladvisor_poweredby-en.gif,,missing,200,no
256510048039,0,https://s3.amazonaws.com/DOWS_products/1000x1000/tools/magnifiers/MI120P_10x_loupe_plastic_detail_01amz.jpg,"Responsive image",generic,200,no
256510048039,1,https://secureimages.channeladvisor.com/images/channeladvisor/channeladvisor_poweredby-en.gif,,missing,200,no
256510048040,0,https://s3.amazonaws.com/DOWS_products/1000x1000/sports_outdoors/camping_hiking/gear_repair/gear_aid_10190_main.jpg,"Responsive image",generic,200,no
256510048040,1,https://secureimages.channeladvisor.com/images/channeladvisor/channeladvisor_poweredby-en.gif,,missing,200,no
256510048041,0,https://s3.amazonaws.com/DOWS_products/1000x1000/sports_outdoors/gold_panning/accessories/GP3-PD55_plastic-dropper-stock1.jpg,"Responsive image",generic,200,no
256510048041,1,https://secureimages.channeladvisor.com/images/channeladvisor/channeladvisor_poweredby-en.gif,,missing,200,no
256510048042,0,https://s3.amazonaws.com/DOWS_products/1000x1000/sports_outdoors/camping_hiking/wilderness_tools/WH5-2L_companion_whistles.jpg,"Responsive image",generic,200,no
256510048042,1,https://secureimages.channeladvisor.com/images/channeladvisor/channeladvisor_poweredby-en.gif,,missing,200,no
256510048045,0,https://s3.amazonaws.com/DOWS_products/1000x1000/sports_outdoors/camping_hiking/gear_repair/outerwear/MCN-GARVXDCDWEMRP-BNDL-AMZ_MAIN.jpg,"Responsive image",generic,200,no
256510048045,1,https://secureimages.channeladvisor.com/images/channeladvisor/channeladvisor_poweredby-en.gif,,missing,200,no
256510048046,0,https://s3.amazonaws.com/DOWS_products/1000x1000/Tools/ESF2036_high_vis_marking_tape_red_detail_01.jpg,"Responsive image",generic,200,no
256510048046,1,https://secureimages.channeladvisor.com/images/channeladvisor/channeladvisor_poweredby-en.gif,,missing,200,no
256510048047,0,https://s3.amazonaws.com/DOWS_products/1000x1000/toys/28527MZ_pencils_packaging_01.jpg,"Responsive image",generic,200,no
256510048047,1,https://secureimages.channeladvisor.com/images/channeladvisor/channeladvisor_poweredby-en.gif,,missing,200,no
256510048055,0,https://s3.amazonaws.com/DOWS_products/1000x1000/automotive/CT4B_100pc_cable_ties1.jpg,"Responsive image",generic,200,no
256510048055,1,https://secureimages.channeladvisor.com/images/channeladvisor/channeladvisor_poweredby-en.gif,,missing,200,no
256510048061,0,https://s3.amazonaws.com/DOWS_products/1000x1000/camping_outdoors/repair/oef.jpg,"Responsive image",generic,200,no
256510048061,1,https://secureimages.channeladvisor.com/images/channeladvisor/channeladvisor_poweredby-en.gif,,missing,200,no
256510048062,0,https://s3.amazonaws.com/DOWS_products/1000x1000/electronics/FL998BL_uv_light_lanyard_stock2.jpg,"Responsive image",generic,200,no
256510048063,0,https://s3.amazonaws.com/DOWS_products/camping_outdoors/goldProducts/minersMossBlue1.jpg,"Responsive image",generic,200,no
256510048063,1,https://secureimages.channeladvisor.com/images/channeladvisor/channeladvisor_poweredby-en.gif,,missing,200,no
256510048067,0,https://s3.amazonaws.com/DOWS_products/1000x1000/sports_outdoors/camping_hiking/gear_repair/outerwear/MCN-GARVXDCMRP-BNDL-AMZ_MAIN.jpg,"Responsive image",generic,200,no
256510048067,1,https://secureimages.channeladvisor.com/images/channeladvisor/channeladvisor_poweredby-en.gif,,missing,200,no
256510048070,0,https://s3.amazonaws.com/DOWS_products/1000x1000/mcnett_test/xlarge_dualsnap_bar.jpg,"Responsive image",generic,200,no
256510048082,0,https://s3.amazonaws.com/DOWS_products/1000x1000/tools/795ACPC_brass_center_punch_stock1.jpg,"Responsive image",generic,200,no
256510048082,1,https://secureimages.channeladvisor.com/images/channeladvisor/channeladvisor_poweredby-en.gif,,missing,200,no
256510048092,0,https://s3.amazonaws.com/DOWS_products/1000x1000/camping_outdoors/repair/shp.jpg,"Responsive image",generic,200,no
256510048092,1,https://secureimages.channeladvisor.com/images/channeladvisor/channeladvisor_poweredby-en.gif,,missing,200,no
256510048094,0,https://s3.amazonaws.com/DOWS_products/1000x1000/sports_outdoors/gold_panning/accessories/TestingStone.jpg,"Responsive image",generic,200,no
256510048094,1,https://secureimages.channeladvisor.com/images/channeladvisor/channeladvisor_poweredby-en.gif,,missing,200,no
256510048102,0,https://s3.amazonaws.com/DOWS_products/1000x1000/sports_outdoors/camping_hiking/FL8201-3BB_head_lamp_main.jpg,"Responsive image",generic,200,no
256510048102,1,https://secureimages.channeladvisor.com/images/channeladvisor/channeladvisor_poweredby-en.gif,,missing,200,no
256510608071,0,https://s3.amazonaws.com/DOWS_products/1000x1000/camping_outdoors/repair/aq25.jpg,"Responsive image",generic,200,no
256510608071,1,https://secureimages.channeladvisor.com/images/channeladvisor/channeladvisor_poweredby-en.gif,,missing,200,no
256511081582,0,https://s3.amazonaws.com/DOWS_products/1000x1000/sports_outdoors/camping_hiking/gear_repair/gear_aid_20424_main.jpg,"Responsive image",generic,200,no
256511081582,1,https://secureimages.channeladvisor.com/images/channeladvisor/channeladvisor_poweredby-en.gif,,missing,200,no
256512067987,0,https://s3.amazonaws.com/DOWS_products/1000x1000/sports_outdoors/camping_hiking/orange-disposable-vest-1.jpg,"Responsive image",generic,200,no
256512067987,1,https://secureimages.channeladvisor.com/images/channeladvisor/channeladvisor_poweredby-en.gif,,missing,200,no
256512646263,0,https://s3.amazonaws.com/DOWS_products/1000x1000/camping_outdoors/repair/ab2.jpg,"Responsive image",generic,200,no
256513894850,0,https://s3.amazonaws.com/DOWS_products/1000x1000/tools/wax-carving-pick-12pc-1.jpg,"Responsive image",generic,200,no
256513894850,1,https://secureimages.channeladvisor.com/images/channeladvisor/channeladvisor_poweredby-en.gif,,missing,200,no
256514435510,0,"https://s3.amazonaws.com/DOWS_products/1000x1000/sports_outdoors/camping_hiking/gear_repair/Main & SWCH-T-Tape-Minis-Clear-Comp-01.jpg","Responsive image",generic,200,no
256514435542,0,https://s3.amazonaws.com/DOWS_products/1000x1000/camping_outdoors/repair/810geD3QBLACSL1500.jpg,"Responsive image",generic,200,no
256514435542,1,https://secureimages.channeladvisor.com/images/channeladvisor/channeladvisor_poweredby-en.gif,,missing,200,no
256514435561,0,https://s3.amazonaws.com/DOWS_products/1000x1000/tools/3pc-tweezers-1.jpg,"Responsive image",generic,200,no
256514435561,1,https://secureimages.channeladvisor.com/images/channeladvisor/channeladvisor_poweredby-en.gif,,missing,200,no
256515004658,0,https://s3.amazonaws.com/DOWS_products/1000x1000/sports_outdoors/camping_hiking/gear_repair/gear_aid_11000_main.jpg,"Responsive image",generic,200,no
256515004658,1,https://secureimages.channeladvisor.com/images/channeladvisor/channeladvisor_poweredby-en.gif,,missing,200,no
256515004688,0,https://s3.amazonaws.com/DOWS_products/1000x1000/camping_outdoors/repair/lbk.jpg,"Responsive image",generic,200,no
256515004688,1,https://secureimages.channeladvisor.com/images/channeladvisor/channeladvisor_poweredby-en.gif,,missing,200,no
256519121557,0,https://s3.amazonaws.com/DOWS_products/1000x1000/sports_outdoors/OD-NB35WP__waterproof-notebook-3x5-scale.jpg,"Responsive image",generic,200,no
256519121588,0,https://s3.amazonaws.com/DOWS_products/1000x1000/Tools/OD-NB35WP__waterproof-notebook-3x5-main.jpg,"Responsive image",generic,200,no
256519595025,0,https://s3.amazonaws.com/DOWS_products/1000x1000/sports_outdoors/gold_panning/gold_kit_7pc.jpg,"Responsive image",generic,200,no
256519595025,1,https://secureimages.channeladvisor.com/images/channeladvisor/channeladvisor_poweredby-en.gif,,missing,200,no
256523255142,0,https://s3.amazonaws.com/DOWS_products/1000x1000/sports_outdoors/camping_hiking/gear_repair/outerwear/81fm6y1Hk2L._AC_SL1500_.jpg,"Responsive image",generic,200,no
256523255142,1,https://secureimages.channeladvisor.com/images/channeladvisor/channeladvisor_poweredby-en.gif,,missing,200,no
256525915552,0,https://s3.amazonaws.com/DOWS_products/1000x1000/toys/28528MZ_9pcStationary_main.jpg,"Responsive image",generic,200,no
256525915552,1,https://secureimages.channeladvisor.com/images/channeladvisor/channeladvisor_poweredby-en.gif,,missing,200,no
256525915558,0,https://s3.amazonaws.com/DOWS_products/Hobby_Tools/nailpuller1.jpg,"Responsive image",generic,200,no
256525915558,1,https://secureimages.channeladvisor.com/images/channeladvisor/channeladvisor_poweredby-en.gif,,missing,200,no
256525915570,0,https://s3.amazonaws.com/DOWS_products/1000x1000/tools/BC6B_Bungee_Ball_Black_8pk.jpg,"Responsive image",generic,200,no
256525915570,1,https://secureimages.channeladvisor.com/images/channeladvisor/channeladvisor_poweredby-en.gif,,missing,200,no
256525915604,0,https://s3.amazonaws.com/DOWS_products/1000x1000/tools/folding_knives/KC-COK27022BK_5inch_black_knife_1.jpg,"Responsive image",generic,200,no
256525915604,1,https://secureimages.channeladvisor.com/images/channeladvisor/channeladvisor_poweredby-en.gif,,missing,200,no
256525915613,0,https://s3.amazonaws.com/DOWS_products/1000x1000/tools/electricalClips1.jpg,"Responsive image",generic,200,no
256525915613,1,https://secureimages.channeladvisor.com/images/channeladvisor/channeladvisor_poweredby-en.gif,,missing,200,no
256525915628,0,https://s3.amazonaws.com/DOWS_products/1000x1000/sports_outdoors/gold_panning/accessories/CI112MPH_15-inch-crucible-holder-main.jpg,"Responsive image",generic,200,no
256525915628,1,https://secureimages.channeladvisor.com/images/channeladvisor/channeladvisor_poweredby-en.gif,,missing,200,no
256525915629,0,https://s3.amazonaws.com/DOWS_products/1000x1000/tools/drill_bits/50pcburrset1.jpg,"Responsive image",generic,200,no
256525915629,1,https://secureimages.channeladvisor.com/images/channeladvisor/channeladvisor_poweredby-en.gif,,missing,200,no
256525915632,0,https://s3.amazonaws.com/DOWS_products/1000x1000/tools/folding_knives/KC7099RW_paka_wood_knife_stock.jpg,"Responsive image",generic,200,no
256525915632,1,https://secureimages.channeladvisor.com/images/channeladvisor/channeladvisor_poweredby-en.gif,,missing,200,no
256525915634,0,https://s3.amazonaws.com/DOWS_products/1000x1000/tools/multi-tools/7pc-spatula-set-1.jpg,"Responsive image",generic,200,no
256525915634,1,https://secureimages.channeladvisor.com/images/channeladvisor/channeladvisor_poweredby-en.gif,,missing,200,no
256525915637,0,https://s3.amazonaws.com/DOWS_products/1000x1000/sports_outdoors/camping_hiking/gear_repair/carabiner-jumbo-green_417__1.jpg,"Responsive image",generic,200,no
256525915637,1,https://secureimages.channeladvisor.com/images/channeladvisor/channeladvisor_poweredby-en.gif,,missing,200,no
256525915640,0,https://s3.amazonaws.com/DOWS_products/1000x1000/tools/folding_knives/KC-COK27022SL_5inch_white_knife_5.JPG,"Responsive image",generic,200,no
256525915640,1,https://secureimages.channeladvisor.com/images/channeladvisor/channeladvisor_poweredby-en.gif,,missing,200,no
256525915643,0,https://s3.amazonaws.com/DOWS_products/1000x1000/sports_outdoors/ODCB10L_10L_collapsible_bucket_update_main_01.jpg,"Responsive image",generic,200,no
256525915643,1,https://secureimages.channeladvisor.com/images/channeladvisor/channeladvisor_poweredby-en.gif,,missing,200,no
256525915648,0,https://s3.amazonaws.com/DOWS_products/1000x1000/Tools/RA9228_228pc_rotary_accessory_set_detail_03.jpg,"Responsive image",generic,200,no
256525915648,1,https://secureimages.channeladvisor.com/images/channeladvisor/channeladvisor_poweredby-en.gif,,missing,200,no
256525915652,0,https://s3.amazonaws.com/DOWS_products/1000x1000/covert_tactical/HOOKER_NYLON_HANGING_STRAP_1000x1000.jpg,"Responsive image",generic,200,no
256525915652,1,https://secureimages.channeladvisor.com/images/channeladvisor/channeladvisor_poweredby-en.gif,,missing,200,no
256525915653,0,https://s3.amazonaws.com/DOWS_products/1000x1000/toys/XJ330Z-8_fantasy_food_detail_02.jpg,"Responsive image",generic,200,no
256525915653,1,https://secureimages.channeladvisor.com/images/channeladvisor/channeladvisor_poweredby-en.gif,,missing,200,no
256525915654,0,https://s3.amazonaws.com/DOWS_products/1000x1000/sports_outdoors/gold_panning/accessories/ASR-SLUICEBOXKIT-DLXE-BUN_sluiceboxkit_main_01.JPG,"Responsive image",generic,200,no
256525915654,1,https://secureimages.channeladvisor.com/images/channeladvisor/channeladvisor_poweredby-en.gif,,missing,200,no
256525915656,0,https://s3.amazonaws.com/DOWS_products/1000x1000/tools/fixed_knives/paraneck-knife-neongreen_747_1.jpg,"Responsive image",generic,200,no
256525915656,1,https://secureimages.channeladvisor.com/images/channeladvisor/channeladvisor_poweredby-en.gif,,missing,200,no
256525915657,0,https://s3.amazonaws.com/DOWS_products/1000x1000/tools/10pcTaperedFiles.jpg,"Responsive image",generic,200,no
256525915657,1,https://secureimages.channeladvisor.com/images/channeladvisor/channeladvisor_poweredby-en.gif,,missing,200,no
256525915660,0,https://s3.amazonaws.com/DOWS_products/Tools/holesaw3.jpg,"Responsive image",generic,200,no
256525915660,1,https://secureimages.channeladvisor.com/images/channeladvisor/channeladvisor_poweredby-en.gif,,missing,200,no
256525915661,0,https://s3.amazonaws.com/DOWS_products/1000x1000/sports_outdoors/gold_panning/accessories/GC6060_crucible_2.38_2.38_stock1.jpg,"Responsive image",generic,200,no
256525915661,1,https://secureimages.channeladvisor.com/images/channeladvisor/channeladvisor_poweredby-en.gif,,missing,200,no
256525915662,0,https://s3.amazonaws.com/DOWS_products/1000x1000/sports_outdoors/gold_panning/accessories/GP3-SS20_Green_Sand_Scoop_Stock1.jpg,"Responsive image",generic,200,no
256525915662,1,https://secureimages.channeladvisor.com/images/channeladvisor/channeladvisor_poweredby-en.gif,,missing,200,no
256525915668,0,https://s3.amazonaws.com/DOWS_products/Hobby_Tools/bluntTipScissors.jpg,"Responsive image",generic,200,no
256525915668,1,https://secureimages.channeladvisor.com/images/channeladvisor/channeladvisor_poweredby-en.gif,,missing,200,no
256525915669,0,https://s3.amazonaws.com/DOWS_products/1000x1000/sports_outdoors/camping_hiking/OD-WC205P__collapsible-water-carrier-5gallon-stock1.jpg,"Responsive image",generic,200,no
256525915669,1,https://secureimages.channeladvisor.com/images/channeladvisor/channeladvisor_poweredby-en.gif,,missing,200,no
256525915671,0,https://s3.amazonaws.com/DOWS_products/1000x1000/sports_outdoors/gold_panning/accessories/TweezVialSet.JPG,"Responsive image",generic,200,no
256525915671,1,https://secureimages.channeladvisor.com/images/channeladvisor/channeladvisor_poweredby-en.gif,,missing,200,no
256525915678,0,https://s3.amazonaws.com/DOWS_products/1000x1000/sports_outdoors/44035_main.jpg,"Responsive image",generic,200,no
256525915681,0,https://s3.amazonaws.com/DOWS_products/1000x1000/sports_outdoors/rope_cord/80695_paracord_stock3.jpg,"Responsive image",generic,200,no
256525915681,1,https://secureimages.channeladvisor.com/images/channeladvisor/channeladvisor_poweredby-en.gif,,missing,200,no
256525915682,0,https://s3.amazonaws.com/DOWS_products/camping_outdoors/goldProducts/minersMossGray1.jpg,"Responsive image",generic,200,no
256525915682,1,https://secureimages.channeladvisor.com/images/channeladvisor/channeladvisor_poweredby-en.gif,,missing,200,no
256525915684,0,https://s3.amazonaws.com/DOWS_products/Hobby_Tools/hookandloopblack.jpg,"Responsive image",generic,200,no
256525915684,1,https://secureimages.channeladvisor.com/images/channeladvisor/channeladvisor_poweredby-en.gif,,missing,200,no
256525915685,0,https://s3.amazonaws.com/DOWS_products/1000x1000/electronics/30pc-alkaline-battery.jpg,"Responsive image",generic,200,no
256525915685,1,https://secureimages.channeladvisor.com/images/channeladvisor/channeladvisor_poweredby-en.gif,,missing,200,no
256525915687,0,https://s3.amazonaws.com/DOWS_products/1000x1000/tools/8331JH_chasing_hammer_1.jpg,"Responsive image",generic,200,no
256525915687,1,https://secureimages.channeladvisor.com/images/channeladvisor/channeladvisor_poweredby-en.gif,,missing,200,no
256525915688,0,https://s3.amazonaws.com/DOWS_products/1000x1000/sports_outdoors/camping_hiking/BG-210DSB-BK_black-drawstring-bag-1.jpg,"Responsive image",generic,200,no
256525915688,1,https://secureimages.channeladvisor.com/images/channeladvisor/channeladvisor_poweredby-en.gif,,missing,200,no
256525915691,0,https://s3.amazonaws.com/DOWS_products/1000x1000/tools/multi-tools/PC1212_Paper_Trimmer_Stock1.jpg,"Responsive image",generic,200,no
256525915691,1,https://secureimages.channeladvisor.com/images/channeladvisor/channeladvisor_poweredby-en.gif,,missing,200,no
256525915695,0,https://s3.amazonaws.com/DOWS_products/1000x1000/sports_outdoors/camping_hiking/PCB811KIT-D_paracord_bracelet_kit_2.jpg,"Responsive image",generic,200,no
256525915695,1,https://secureimages.channeladvisor.com/images/channeladvisor/channeladvisor_poweredby-en.gif,,missing,200,no
256525915696,0,https://s3.amazonaws.com/DOWS_products/1000x1000/tools/rotary/100-rotary-tool-open.JPG,"Responsive image",generic,200,no
256525915696,1,https://secureimages.channeladvisor.com/images/channeladvisor/channeladvisor_poweredby-en.gif,,missing,200,no
256525915701,0,https://s3.amazonaws.com/DOWS_products/1000x1000/sports_outdoors/camping_hiking/wilderness_tools/deluxe-steel-camping-utensil-tool-3.jpg,"Responsive image",generic,200,no
256525915701,1,https://secureimages.channeladvisor.com/images/channeladvisor/channeladvisor_poweredby-en.gif,,missing,200,no
256525915704,0,https://s3.amazonaws.com/DOWS_products/Hobby_Tools/15pcArtistbrushes.jpg,"Responsive image",generic,200,no
256525915704,1,https://secureimages.channeladvisor.com/images/channeladvisor/channeladvisor_poweredby-en.gif,,missing,200,no
256525915705,0,https://s3.amazonaws.com/DOWS_products/1000x1000/tools/LeatherPucnhSet.jpg,"Responsive image",generic,200,no
256525915705,1,https://secureimages.channeladvisor.com/images/channeladvisor/channeladvisor_poweredby-en.gif,,missing,200,no
256525915707,0,https://s3.amazonaws.com/DOWS_products/1000x1000/sports_outdoors/camping_hiking/gear_repair/10760_main.jpg,"Responsive image",generic,200,no
256525915707,1,https://secureimages.channeladvisor.com/images/channeladvisor/channeladvisor_poweredby-en.gif,,missing,200,no
256525915709,0,https://s3.amazonaws.com/DOWS_products/1000x1000/toys/PC316_barbie_earrings_stock.jpg,"Responsive image",generic,200,no
256525915709,1,https://secureimages.channeladvisor.com/images/channeladvisor/channeladvisor_poweredby-en.gif,,missing,200,no
256525915710,0,https://s3.amazonaws.com/DOWS_products/1000x1000/tools/BTAA-4_AA_Batteries_4pk.jpg,"Responsive image",generic,200,no
256525915710,1,https://secureimages.channeladvisor.com/images/channeladvisor/channeladvisor_poweredby-en.gif,,missing,200,no
256525915714,0,https://s3.amazonaws.com/DOWS_products/1000x1000/sports_outdoors/camping_hiking/FL8219-5_head_lamp_stock1.jpg,"Responsive image",generic,200,no
256525915714,1,https://secureimages.channeladvisor.com/images/channeladvisor/channeladvisor_poweredby-en.gif,,missing,200,no
256525915716,0,https://s3.amazonaws.com/DOWS_products/1000x1000/sports_outdoors/gold_panning/accessories/GP3-SS20OR_Orange_Scoop_Stock1.jpg,"Responsive image",generic,200,no
256525915716,1,https://secureimages.channeladvisor.com/images/channeladvisor/channeladvisor_poweredby-en.gif,,missing,200,no
256525915721,0,https://s3.amazonaws.com/DOWS_products/1000x1000/tools/hobby_knives/16-pc-hobby-blade-kit-1.jpg,"Responsive image",generic,200,no
256525915721,1,https://secureimages.channeladvisor.com/images/channeladvisor/channeladvisor_poweredby-en.gif,,missing,200,no
256525915723,0,https://s3.amazonaws.com/DOWS_products/Hobby_Tools/storkScissors.jpg,"Responsive image",generic,200,no
256525915723,1,https://secureimages.channeladvisor.com/images/channeladvisor/channeladvisor_poweredby-en.gif,,missing,200,no
256525915724,0,https://s3.amazonaws.com/DOWS_products/1000x1000/Sona/30112UC_utility_knives_all.jpg,"Responsive image",generic,200,no
256525915724,1,https://secureimages.channeladvisor.com/images/channeladvisor/channeladvisor_poweredby-en.gif,,missing,200,no
256525915725,0,https://s3.amazonaws.com/DOWS_products/1000x1000/tools/9122MS_22k-gold-marking-stamp-1.jpg,"Responsive image",generic,200,no
256525915725,1,https://secureimages.channeladvisor.com/images/channeladvisor/channeladvisor_poweredby-en.gif,,missing,200,no
256525915727,0,https://s3.amazonaws.com/DOWS_products/1000x1000/sports_outdoors/camping_hiking/Dogtag-Black.jpg,"Responsive image",generic,200,no
256525915727,1,https://secureimages.channeladvisor.com/images/channeladvisor/channeladvisor_poweredby-en.gif,,missing,200,no
256525915728,0,https://s3.amazonaws.com/DOWS_products/1000x1000/sports_outdoors/PC-SHOT_large-slingshot-iron-frame-3.jpg,"Responsive image",generic,200,no
256525915728,1,https://secureimages.channeladvisor.com/images/channeladvisor/channeladvisor_poweredby-en.gif,,missing,200,no
256525915731,0,https://s3.amazonaws.com/DOWS_products/1000x1000/tools/drill_bits/DH09HS_holesaw_main.jpg,"Responsive image",generic,200,no
256525915731,1,https://secureimages.channeladvisor.com/images/channeladvisor/channeladvisor_poweredby-en.gif,,missing,200,no
256525915734,0,https://s3.amazonaws.com/DOWS_products/1000x1000/sports_outdoors/glow-stick-green-3-pack-2.jpg,"Responsive image",generic,200,no
256525915734,1,https://secureimages.channeladvisor.com/images/channeladvisor/channeladvisor_poweredby-en.gif,,missing,200,no
256525915735,0,https://s3.amazonaws.com/DOWS_products/1000x1000/tools/hobby_knives/M-8088-6-TP_6pc_asstd_kunai_detail_05.jpg,"Responsive image",generic,200,no
256525915735,1,https://secureimages.channeladvisor.com/images/channeladvisor/channeladvisor_poweredby-en.gif,,missing,200,no
256525915736,0,https://s3.amazonaws.com/DOWS_products/1000x1000/tools/magnifiers/soldering-station-3.jpg,"Responsive image",generic,200,no
256525915736,1,https://secureimages.channeladvisor.com/images/channeladvisor/channeladvisor_poweredby-en.gif,,missing,200,no
256525915737,0,https://s3.amazonaws.com/DOWS_products/Hobby_Tools/polishedRotarySawBlades.jpg,"Responsive image",generic,200,no
256525915737,1,https://secureimages.channeladvisor.com/images/channeladvisor/channeladvisor_poweredby-en.gif,,missing,200,no
256525915738,0,https://s3.amazonaws.com/DOWS_products/1000x1000/tools/drill_bits/RA9276_276pc_rotary_set_stock2.jpg,"Responsive image",generic,200,no
256525915738,1,https://secureimages.channeladvisor.com/images/channeladvisor/channeladvisor_poweredby-en.gif,,missing,200,no
256525915740,0,https://s3.amazonaws.com/DOWS_products/1000x1000/sports_outdoors/camping_hiking/71HMgC--szL._AC_SL1500_.jpg,"Responsive image",generic,200,no
256525915740,1,https://secureimages.channeladvisor.com/images/channeladvisor/channeladvisor_poweredby-en.gif,,missing,200,no
256525915744,0,https://s3.amazonaws.com/DOWS_products/1000x1000/sports_outdoors/gold_panning/pans/GP4-20_mini_sifter_stock1.jpg,"Responsive image",generic,200,no
256525915744,1,https://secureimages.channeladvisor.com/images/channeladvisor/channeladvisor_poweredby-en.gif,,missing,200,no
256525915745,0,https://s3.amazonaws.com/DOWS_products/1000x1000/toys/DY1350_main.jpg,"Responsive image",generic,200,no
256525915745,1,https://secureimages.channeladvisor.com/images/channeladvisor/channeladvisor_poweredby-en.gif,,missing,200,no
256525915747,0,https://s3.amazonaws.com/DOWS_products/1000x1000/tools/folding_knives/KFD701_black_pocket_knife_stock1.jpg,"Responsive image",generic,200,no
256525915747,1,https://secureimages.channeladvisor.com/images/channeladvisor/channeladvisor_poweredby-en.gif,,missing,200,no
256525915748,0,https://s3.amazonaws.com/DOWS_products/1000x1000/tools/4-prong-pick-up-tool-1.jpg,"Responsive image",generic,200,no
256525915748,1,https://secureimages.channeladvisor.com/images/channeladvisor/channeladvisor_poweredby-en.gif,,missing,200,no
256525915753,0,https://s3.amazonaws.com/DOWS_products/1000x1000/tools/hobby_knives/H-4849-B_bear_knife_detail_01.jpg,"Responsive image",generic,200,no
256525915753,1,https://secureimages.channeladvisor.com/images/channeladvisor/channeladvisor_poweredby-en.gif,,missing,200,no
256525915756,0,https://s3.amazonaws.com/DOWS_products/1000x1000/automotive/IMGP8156.jpg,"Responsive image",generic,200,no
256525915756,1,https://secureimages.channeladvisor.com/images/channeladvisor/channeladvisor_poweredby-en.gif,,missing,200,no
256525915757,0,https://s3.amazonaws.com/DOWS_products/Hobby_Tools/coarsRiffler1.jpg,"Responsive image",generic,200,no
256525915757,1,https://secureimages.channeladvisor.com/images/channeladvisor/channeladvisor_poweredby-en.gif,,missing,200,no
256525915759,0,https://s3.amazonaws.com/DOWS_products/1000x1000/sports_outdoors/gold_panning/accessories/GP3-PD55_plastic-dropper-stock1.jpg,"Responsive image",generic,200,no
256525915759,1,https://secureimages.channeladvisor.com/images/channeladvisor/channeladvisor_poweredby-en.gif,,missing,200,no
256525915760,0,https://s3.amazonaws.com/DOWS_products/1000x1000/toys/MY9402A_police_mat_lifestyle_02.jpg,"Responsive image",generic,200,no
256525915760,1,https://secureimages.channeladvisor.com/images/channeladvisor/channeladvisor_poweredby-en.gif,,missing,200,no
256525915776,0,https://s3.amazonaws.com/DOWS_products/1000x1000/home/loupe-14x.jpg,"Responsive image",generic,200,no
256525915776,1,https://secureimages.channeladvisor.com/images/channeladvisor/channeladvisor_poweredby-en.gif,,missing,200,no
256525915777,0,https://s3.amazonaws.com/DOWS_products/1000x1000/sports_outdoors/gold_panning/accessories/GP3-19CP_Brass_Coin_Probe_Stock3.jpg,"Responsive image",generic,200,no
256525915777,1,https://secureimages.channeladvisor.com/images/channeladvisor/channeladvisor_poweredby-en.gif,,missing,200,no
256525915779,0,https://s3.amazonaws.com/DOWS_products/1000x1000/home/kitchen/95585_knife_set_stock_3.JPG,"Responsive image",generic,200,no
256525915779,1,https://secureimages.channeladvisor.com/images/channeladvisor/channeladvisor_poweredby-en.gif,,missing,200,no
256525915780,0,https://s3.amazonaws.com/DOWS_products/1000x1000/tools/hobby_knives/HWT258_8in_curved_dagger_RW_detail_02.jpg,"Responsive image",generic,200,no
256525915780,1,https://secureimages.channeladvisor.com/images/channeladvisor/channeladvisor_poweredby-en.gif,,missing,200,no
256525915782,0,https://s3.amazonaws.com/DOWS_photobucket/dealsonly/Sona/EmergencyPunch1.JPG,"Responsive image",generic,200,no
256525915782,1,https://secureimages.channeladvisor.com/images/channeladvisor/channeladvisor_poweredby-en.gif,,missing,200,no
256525915783,0,"https://s3.amazonaws.com/DOWS_photobucket/dealsonly/ASR Packaging/50196_bluesocks_main_01.jpg","Responsive image",generic,200,no
256525915783,1,https://secureimages.channeladvisor.com/images/channeladvisor/channeladvisor_poweredby-en.gif,,missing,200,no
256525915787,0,https://s3.amazonaws.com/DOWS_products/1000x1000/electronics/flashlights/FL9110EL_COB_light_stock4.jpg,"Responsive image",generic,200,no
256525915787,1,https://secureimages.channeladvisor.com/images/channeladvisor/channeladvisor_poweredby-en.gif,,missing,200,no
256525915790,0,https://s3.amazonaws.com/DOWS_products/1000x1000/sports_outdoors/gold_panning/pans/GP1011BL8_8_Inch_Blue_Pan_Stock1.jpg,"Responsive image",generic,200,no
256525915790,1,https://secureimages.channeladvisor.com/images/channeladvisor/channeladvisor_poweredby-en.gif,,missing,200,no
256525915798,0,https://s3.amazonaws.com/DOWS_products/1000x1000/tools/JP17A_crimping_pliers.jpg,"Responsive image",generic,200,no
256525915798,1,https://secureimages.channeladvisor.com/images/channeladvisor/channeladvisor_poweredby-en.gif,,missing,200,no
256525915800,0,https://s3.amazonaws.com/DOWS_products/1000x1000/tools/hobby_knives/PBK105EG_lockback_main.jpg,"Responsive image",generic,200,no
256525915800,1,https://secureimages.channeladvisor.com/images/channeladvisor/channeladvisor_poweredby-en.gif,,missing,200,no
256525915802,0,https://s3.amazonaws.com/DOWS_products/1000x1000/tools/815JSB02_detail.jpg,"Responsive image",generic,200,no
256525915802,1,https://secureimages.channeladvisor.com/images/channeladvisor/channeladvisor_poweredby-en.gif,,missing,200,no
256525915806,0,https://s3.amazonaws.com/DOWS_products/1000x1000/tools/folding_knives/PWT229OR_foldingknife_main_01.jpg,"Responsive image",generic,200,no
256525915806,1,https://secureimages.channeladvisor.com/images/channeladvisor/channeladvisor_poweredby-en.gif,,missing,200,no
256525915807,0,https://s3.amazonaws.com/DOWS_products/1000x1000/sports_outdoors/camping_hiking/jumbo-carabiner-blue.jpg,"Responsive image",generic,200,no
256525915807,1,https://secureimages.channeladvisor.com/images/channeladvisor/channeladvisor_poweredby-en.gif,,missing,200,no
256525915808,0,https://s3.amazonaws.com/DOWS_products/1000x1000/sports_outdoors/camping_hiking/gear_repair/Fishing%20Hook%20Stone.gif,"Responsive image",generic,200,no
256525915808,1,https://secureimages.channeladvisor.com/images/channeladvisor/channeladvisor_poweredby-en.gif,,missing,200,no
256525915818,0,https://s3.amazonaws.com/DOWS_products/Hobby_Tools/10pcNumber53DrillBits.jpg,"Responsive image",generic,200,no
256525915818,1,https://secureimages.channeladvisor.com/images/channeladvisor/channeladvisor_poweredby-en.gif,,missing,200,no
256525915822,0,https://s3.amazonaws.com/DOWS_products/1000x1000/barbecue-fork.jpg,"Responsive image",generic,200,no
256525915822,1,https://secureimages.channeladvisor.com/images/channeladvisor/channeladvisor_poweredby-en.gif,,missing,200,no
256525915826,0,https://s3.amazonaws.com/DOWS_products/1000x1000/tools/3pc-tweezers-1.jpg,"Responsive image",generic,200,no
256525915826,1,https://secureimages.channeladvisor.com/images/channeladvisor/channeladvisor_poweredby-en.gif,,missing,200,no
256525915827,0,https://s3.amazonaws.com/DOWS_products/1000x1000/home/garden/efs2672-12_fly_swatter_stock1.jpg,"Responsive image",generic,200,no
256525915827,1,https://secureimages.channeladvisor.com/images/channeladvisor/channeladvisor_poweredby-en.gif,,missing,200,no
256525915831,0,https://s3.amazonaws.com/DOWS_products/1000x1000/Tools/AS2103A-PNK_deluxe_tool_pouch_12pkt_detail_01.jpg,"Responsive image",generic,200,no
256525915831,1,https://secureimages.channeladvisor.com/images/channeladvisor/channeladvisor_poweredby-en.gif,,missing,200,no
256525915833,0,https://s3.amazonaws.com/DOWS_products/1000x1000/sports_outdoors/gold_panning/GP3-SS22GN_prospector-sand-scoop-blue-main.jpg,"Responsive image",generic,200,no
256525915833,1,https://secureimages.channeladvisor.com/images/channeladvisor/channeladvisor_poweredby-en.gif,,missing,200,no
256525915836,0,https://s3.amazonaws.com/DOWS_products/1000x1000/sports_outdoors/gold_panning/accessories/ASR_15pc_alum_3lbs_paydirt_kit_main_PL.jpg,"Responsive image",generic,200,no
256525915836,1,https://secureimages.channeladvisor.com/images/channeladvisor/channeladvisor_poweredby-en.gif,,missing,200,no
256525915844,0,https://s3.amazonaws.com/DOWS_products/1000x1000/sports_outdoors/camping_hiking/jumbo-carabiner-silver.jpg,"Responsive image",generic,200,no
256525915844,1,https://secureimages.channeladvisor.com/images/channeladvisor/channeladvisor_poweredby-en.gif,,missing,200,no
256525915848,0,https://s3.amazonaws.com/DOWS_products/1000x1000/sports_outdoors/camping_hiking/FL8825-12COB_circularlight_detail_03.jpg,"Responsive image",generic,200,no
256525915848,1,https://secureimages.channeladvisor.com/images/channeladvisor/channeladvisor_poweredby-en.gif,,missing,200,no
256525915849,0,https://s3.amazonaws.com/DOWS_products/1000x1000/sports_outdoors/camping_hiking/hatchet1.jpg,"Responsive image",generic,200,no
256525915849,1,https://secureimages.channeladvisor.com/images/channeladvisor/channeladvisor_poweredby-en.gif,,missing,200,no
256525915851,0,https://s3.amazonaws.com/DOWS_products/1000x1000/home/garden/EFS2672-12_red_swatter_main.JPG,"Responsive image",generic,200,no
256525915851,1,https://secureimages.channeladvisor.com/images/channeladvisor/channeladvisor_poweredby-en.gif,,missing,200,no
256525915852,0,https://s3.amazonaws.com/DOWS_products/1000x1000/tools/folding_knives/KFD20015-37-SP_3in_spring_assist_pocket_knife_detail_01.jpg,"Responsive image",generic,200,no
256525915852,1,https://secureimages.channeladvisor.com/images/channeladvisor/channeladvisor_poweredby-en.gif,,missing,200,no
256525915854,0,https://s3.amazonaws.com/DOWS_products/1000x1000/home/decor/3pc-eagle-dagger.jpg,"Responsive image",generic,200,no
256525915854,1,https://secureimages.channeladvisor.com/images/channeladvisor/channeladvisor_poweredby-en.gif,,missing,200,no
256525915855,0,https://s3.amazonaws.com/DOWS_products/Hobby_Tools/10pcNumber57DrillBits.jpg,"Responsive image",generic,200,no
256525915855,1,https://secureimages.channeladvisor.com/images/channeladvisor/channeladvisor_poweredby-en.gif,,missing,200,no
256525915860,0,https://s3.amazonaws.com/DOWS_products/1000x1000/tools/BC8B-100_bungee_100pc_black_1.jpg,"Responsive image",generic,200,no
256525915860,1,https://secureimages.channeladvisor.com/images/channeladvisor/channeladvisor_poweredby-en.gif,,missing,200,no
256525915861,0,https://s3.amazonaws.com/DOWS_products/1000x1000/toys/JQ2210_RC_dinosaur_GRN_main-02.jpg,"Responsive image",generic,200,no
256525915861,1,https://secureimages.channeladvisor.com/images/channeladvisor/channeladvisor_poweredby-en.gif,,missing,200,no
256525915863,0,https://s3.amazonaws.com/DOWS_products/1000x1000/tools/fixed_knives/KFD672_Machete_Black_Saw_Holes_Stock1.jpg,"Responsive image",generic,200,no
256525915863,1,https://secureimages.channeladvisor.com/images/channeladvisor/channeladvisor_poweredby-en.gif,,missing,200,no
256525915864,0,https://s3.amazonaws.com/DOWS_products/1000x1000/sports_outdoors/gold_panning/accessories/PM6550_black_separator_tool_stock2.jpg,"Responsive image",generic,200,no
256525915864,1,https://secureimages.channeladvisor.com/images/channeladvisor/channeladvisor_poweredby-en.gif,,missing,200,no
256525915865,0,https://s3.amazonaws.com/DOWS_products/1000x1000/sports_outdoors/camping_hiking/MP-4BL_lantern_zapper_stock6.jpg,"Responsive image",generic,200,no
256525915865,1,https://secureimages.channeladvisor.com/images/channeladvisor/channeladvisor_poweredby-en.gif,,missing,200,no
256525915867,0,https://s3.amazonaws.com/DOWS_products/1000x1000/tools/folding_knives/YC-S-365-BK_rescue_knife_detail_04.jpg,"Responsive image",generic,200,no
256525915867,1,https://secureimages.channeladvisor.com/images/channeladvisor/channeladvisor_poweredby-en.gif,,missing,200,no
256525915869,0,https://s3.amazonaws.com/DOWS_products/1000x1000/sports_outdoors/camping_hiking/gear_repair/wildernessguide.jpg,"Responsive image",generic,200,no
256525915869,1,https://secureimages.channeladvisor.com/images/channeladvisor/channeladvisor_poweredby-en.gif,,missing,200,no
256525915872,0,https://s3.amazonaws.com/DOWS_products/1000x1000/sports_outdoors/gold_panning/accessories/CI112MPH_15-inch-crucible-holder-2.jpg,"Responsive image",generic,200,no
256525915872,1,https://secureimages.channeladvisor.com/images/channeladvisor/channeladvisor_poweredby-en.gif,,missing,200,no
256525915874,0,https://s3.amazonaws.com/DOWS_products/1000x1000/toys/23216MIC_detail.JPG,"Responsive image",generic,200,no
256525915874,1,https://secureimages.channeladvisor.com/images/channeladvisor/channeladvisor_poweredby-en.gif,,missing,200,no
256525915879,0,https://s3.amazonaws.com/DOWS_products/1000x1000/sports_outdoors/fillet-knife-1%20copy.jpg,"Responsive image",generic,200,no
256525915879,1,https://secureimages.channeladvisor.com/images/channeladvisor/channeladvisor_poweredby-en.gif,,missing,200,no
256525915880,0,https://s3.amazonaws.com/DOWS_products/1000x1000/Tools/7712WC_wooden_chisel_set_detail_02.jpg,"Responsive image",generic,200,no
256525915880,1,https://secureimages.channeladvisor.com/images/channeladvisor/channeladvisor_poweredby-en.gif,,missing,200,no
256525915882,0,https://s3.amazonaws.com/DOWS_products/1000x1000/tools/fixed_knives/KFD7088-1BL_clip_point_knife_blue.jpg,"Responsive image",generic,200,no
256525915882,1,https://secureimages.channeladvisor.com/images/channeladvisor/channeladvisor_poweredby-en.gif,,missing,200,no
256525915885,0,https://s3.amazonaws.com/DOWS_products/1000x1000/home/tailors_tape.jpg,"Responsive image",generic,200,no
256525915885,1,https://secureimages.channeladvisor.com/images/channeladvisor/channeladvisor_poweredby-en.gif,,missing,200,no
256525915894,0,https://s3.amazonaws.com/DOWS_products/1000x1000/sports_outdoors/camping_hiking/0342310_l.jpg,"Responsive image",generic,200,no
256525915894,1,https://secureimages.channeladvisor.com/images/channeladvisor/channeladvisor_poweredby-en.gif,,missing,200,no
256525915895,0,https://s3.amazonaws.com/DOWS_products/1000x1000/sports_outdoors/camping_hiking/gear_repair/EyeglassRepair1.jpg,"Responsive image",generic,200,no
256525915895,1,https://secureimages.channeladvisor.com/images/channeladvisor/channeladvisor_poweredby-en.gif,,missing,200,no
256525915897,0,https://s3.amazonaws.com/DOWS_products/1000x1000/automotive/ratchetdriver.jpg,"Responsive image",generic,200,no
256525915897,1,https://secureimages.channeladvisor.com/images/channeladvisor/channeladvisor_poweredby-en.gif,,missing,200,no
256525915902,0,https://s3.amazonaws.com/DOWS_products/Knives_Blades/Pocket/%24%28KGrHqJ%2C%21iwE2KFwy04QBNo4Qjj39Q%7E%7E_12.JPG,"Responsive image",generic,200,no
256525915902,1,https://secureimages.channeladvisor.com/images/channeladvisor/channeladvisor_poweredby-en.gif,,missing,200,no
256525915904,0,https://s3.amazonaws.com/DOWS_products/1000x1000/home/telescoping-duster-extended.jpg,"Responsive image",generic,200,no
256525915904,1,https://secureimages.channeladvisor.com/images/channeladvisor/channeladvisor_poweredby-en.gif,,missing,200,no
256525915906,0,https://s3.amazonaws.com/DOWS_products/1000x1000/Tools/7712WC_wooden_chisel_set_detail_02.jpg,"Responsive image",generic,200,no
256525915906,1,https://secureimages.channeladvisor.com/images/channeladvisor/channeladvisor_poweredby-en.gif,,missing,200,no
256525915907,0,https://s3.amazonaws.com/DOWS_photobucket/dealsonly/Sona/RazorComb3.JPG,"Responsive image",generic,200,no
256525915907,1,https://secureimages.channeladvisor.com/images/channeladvisor/channeladvisor_poweredby-en.gif,,missing,200,no
256525915909,0,https://s3.amazonaws.com/DOWS_products/1000x1000/tools/hobby_knives/H-4852-XX_animal_dagger_parent_01.jpg,"Responsive image",generic,200,no
256525915909,1,https://secureimages.channeladvisor.com/images/channeladvisor/channeladvisor_poweredby-en.gif,,missing,200,no
256525915914,0,https://s3.amazonaws.com/DOWS_products/camping_outdoors/goldProducts/minersMossGreen1.jpg,"Responsive image",generic,200,no
256525915914,1,https://secureimages.channeladvisor.com/images/channeladvisor/channeladvisor_poweredby-en.gif,,missing,200,no
256525915915,0,https://s3.amazonaws.com/DOWS_products/1000x1000/camping_outdoors/repair/10760-T-Tape-Minis-Comp.jpg,"Responsive image",generic,200,no
256525915915,1,https://secureimages.channeladvisor.com/images/channeladvisor/channeladvisor_poweredby-en.gif,,missing,200,no
256525915928,0,https://s3.amazonaws.com/DOWS_products/Tools/stoneHammer.jpg,"Responsive image",generic,200,no
256525915928,1,https://secureimages.channeladvisor.com/images/channeladvisor/channeladvisor_poweredby-en.gif,,missing,200,no
256525915929,0,https://s3.amazonaws.com/DOWS_products/1000x1000/sports_outdoors/camping_hiking/wilderness_tools/xlarge_80660_GA_7Strand550Cord_comp.jpg,"Responsive image",generic,200,no
256525915929,1,https://secureimages.channeladvisor.com/images/channeladvisor/channeladvisor_poweredby-en.gif,,missing,200,no
256525922766,0,https://s3.amazonaws.com/DOWS_products/1000x1000/sports_outdoors/camping_hiking/gear_repair/carabiner-jumbo-pink_466__1.jpg,"Responsive image",generic,200,no
256525922766,1,https://secureimages.channeladvisor.com/images/channeladvisor/channeladvisor_poweredby-en.gif,,missing,200,no
256525922794,0,https://s3.amazonaws.com/DOWS_products/1000x1000/sports_outdoors/gold_panning/accessories/GP3-SS22GN_prospector-sand-scoop-green-main.jpg,"Responsive image",generic,200,no
256525922794,1,https://secureimages.channeladvisor.com/images/channeladvisor/channeladvisor_poweredby-en.gif,,missing,200,no
256525922804,0,https://s3.amazonaws.com/DOWS_products/1000x1000/sports_outdoors/gold_panning/accessories/GP3-SS20BK_Black_Scoop_Stock1.jpg,"Responsive image",generic,200,no
256525922804,1,https://secureimages.channeladvisor.com/images/channeladvisor/channeladvisor_poweredby-en.gif,,missing,200,no
256525927096,0,https://s3.amazonaws.com/DOWS_products/1000x1000/sports_outdoors/camping_hiking/gear_repair/carabiner-jumbo-silver_843__1.jpg,"Responsive image",generic,200,no
256525927096,1,https://secureimages.channeladvisor.com/images/channeladvisor/channeladvisor_poweredby-en.gif,,missing,200,no
256525927112,0,https://s3.amazonaws.com/DOWS_products/1000x1000/sports_outdoors/gold_panning/accessories/GP3-SS20OR_Orange_Scoop_Stock1.jpg,"Responsive image",generic,200,no
256525927112,1,https://secureimages.channeladvisor.com/images/channeladvisor/channeladvisor_poweredby-en.gif,,missing,200,no
256525927147,0,https://s3.amazonaws.com/DOWS_products/1000x1000/sports_outdoors/gold_panning/accessories/GP3-SS22OR_stock1.jpg,"Responsive image",generic,200,no
256525927147,1,https://secureimages.channeladvisor.com/images/channeladvisor/channeladvisor_poweredby-en.gif,,missing,200,no
256526374819,0,https://s3.amazonaws.com/DOWS_products/1000x1000/sports_outdoors/camping_hiking/gear_repair/jumbo-carabiner-black.jpg,"Responsive image",generic,200,no
256526374819,1,https://secureimages.channeladvisor.com/images/channeladvisor/channeladvisor_poweredby-en.gif,,missing,200,no
256526374832,0,https://s3.amazonaws.com/DOWS_products/1000x1000/sports_outdoors/camping_hiking/gear_repair/carabiner-jumbo-black_544__1.jpg,"Responsive image",generic,200,no
256526374832,1,https://secureimages.channeladvisor.com/images/channeladvisor/channeladvisor_poweredby-en.gif,,missing,200,no
256529104112,0,https://s3.amazonaws.com/DOWS_products/1000x1000/sports_outdoors/camping_hiking/gear_repair/reviveexspray.jpg,"Responsive image",generic,200,no
256529104112,1,https://secureimages.channeladvisor.com/images/channeladvisor/channeladvisor_poweredby-en.gif,,missing,200,no
256529646593,0,https://s3.amazonaws.com/DOWS_products/1000x1000/camping_outdoors/repair/bo3.jpg,"Responsive image",generic,200,no
256546386816,0,https://s3.amazonaws.com/DOWS_products/1000x1000/Professional_Equipment/UVLED_UV_flashlight_main_04.jpg,"Responsive image",generic,200,no
256546386816,1,https://secureimages.channeladvisor.com/images/channeladvisor/channeladvisor_poweredby-en.gif,,missing,200,no
256546395553,0,https://s3.amazonaws.com/DOWS_photobucket/dealsonly/Sona/magextension10.jpg,"Responsive image",generic,200,no
256546395553,1,https://secureimages.channeladvisor.com/images/channeladvisor/channeladvisor_poweredby-en.gif,,missing,200,no
257016930958,0,https://s3.amazonaws.com/DOWS_products/1000x1000/camping_outdoors/repair/seag.jpg,"Responsive image",generic,200,no
257016930958,1,https://secureimages.channeladvisor.com/images/channeladvisor/channeladvisor_poweredby-en.gif,,missing,200,no
257018082936,0,https://s3.amazonaws.com/usurper-products/20465/OB572_bug_zapper_main.jpg,"Responsive image",generic,200,no
257348082301,0,https://s3.amazonaws.com/usurper-products/31785/HWT258_8in_curved_dagger_SL_detail_02.jpg,"Responsive image",generic,200,no
