item_id,sku,category_id,title,varied_by,upc,gtin,Essential
256508244407,SON-GRCSS50HPSI-50HPS-GRN2,15913,"Gold Rush Sifting Classifier Sieve Mini 6 Inch Prospect Pan 50 Holes Per Sq Inch",,,,no
256508244410,SON-J65XCKCWHGP-XL-PURPLE,52373,"Jumbo 6.5"" XL Carabiner Key Chain  - Purple",,,706569256123,yes
256508244417,SON-BLE-BBQMATS-BLK-2PC,20725,"Beille Black BBQ Grill Accessories Reusable Non Stick Grilling Mats 13x15"" 2pk",,,810058485830,yes
256508244422,MCN-ODORELIMINATOR-GALLON-PZ,27363,"Gear Aid Wash-In Odor Eliminator - 1 Gallon",,,021563361193,yes
256508244425,SON-UTTHDFSSP-1025-WDN,262020,"Universal Tool Texturising Hammer Dual Face Square Stripe Patterns Wooden Handle",,,060886360629,yes
256508244429,SON-HACBPCMTS-8PC,116496,"Basic Pottery Kit Clay Molding Hobby Arts and Craft Tool Set for Beginners 8pc",,,706569062021,yes
256508244430,SON-AOLWSC-55E-OPQ,181415,"Large Translucent Waterproof Camping Storage Container -  5.5 Inch",,,706569069020,yes
256508244435,SON-PFSWKC-2PC-4-ORNG,178055,"(2 Piece) ASR Outdoor Plastic Funnel Set with Key Chains for Camping Hiking",,,060886614326,yes
256508244448,SON-MAGNIFYINGTWEEZER-1PK,15913,"Magnifying Tweezer 4X Magnification for Gold Prospecting Mining",,,,no
256508244454,SON-PONCHO-GRN,181415,"ASR Outdoor Emergency Poncho Green Polyethylene Rain Gear Camping One Size",,,810058483492,yes
256508244456,SON-425SHTTNSB-425,28171,"Shear Scissors Blades Sharp Heat Treated Thread Nipper 4.25 inches",,,140273718612,yes
256508244457,SON-BFTOUMT-MED-BLCK,20725,"ASR Outdoor Extendable Marshmallow Toaster Telescoping BBQ Fork Camping Utensil",,,793691628898,yes
256508244458,SON-AOSPRB100F-100F-BLCK,177902,"Survival Multi-Purpose Paracord Rope Black - 100 ft",,,706569074734,yes
256508244466,SON-OTRSCMP-STD-YLLW,36114,"Outdoor Thermal Mat Heat Reflective Sleeping Pad Insulated Winter Chill",,,706569065336,yes
256508244468,SON-SGSURSB-10PC-11-MTL,104229,"10pc Sterile Surgical Grade Replacement Scalpel Blades Universal Fit - Size 11",,,702286912267,yes
256508244478,SON-DAMAGEDSCREWEXTRACTOR-4PC,50382,"Universal Tool Damaged Screw Extractor Set - 4 Pieces Assorted Sizes",,,060886284604,yes
256508244481,SON-AOSPRORT100FT-100FT-RFLCTVORNG,177902,"Survival Multi-Purpose Paracord Rope Reflective Tracer Orange - 100ft",,,706569074765,yes
256508244500,SON-6MMWBHWBACA-BL,50814,"Universal Water Bottle Holder With Blue Aluminum Carabiner Clip Attachment",,,706569967647,yes
256508244506,SON-PJEGFTSD-7PC-SML-SLVR,262020,"Precision Jeweler Eye Glasses Flat Tip Screw Driver - 7pc",,,706569056426,yes
256508244508,SON-AOTFSSMFOU23I-23-BLCK,178983,"Tri Fold Steel Shovel Multi Functional Outdoor Use 23 Inch",,,706569074185,yes
256508244509,SON-DBSRT-12PC-SML-SLVR-IR-TT,260207,"ToolTreaux Diamond Coated Cutting Burrs Set Assorted Rotary Tools 12pc 150 Grit",,,810058482846,yes
256508244543,SON-AOUFDSVHVLG-ONE-GRN,88433,"Safety Disposable Vest High Visibility One Size Fits Most Lime Green",,,706569081589,yes
256476123885,MCN-GADWNCLN10OZ-10OZ-HVAR,259621,"GEAR AID Revivex Down Cleaner and Wash for Jackets and Sleeping Bags, 10 fl oz",,,0021563362879,yes
256476123930,SON-UTPEBS-3PC-123814I-GRY,50382,"Universal Tool Professional Power Extension Socket Bits for Drills 3pc Set",,,785220012100,yes
256508250506,SON-AOSPROG100F-100F-ODGRN,177902,"Survival Multi-Purpose Paracord Rope OD Green- 100 ft",,,706569074741,yes
256508701414,SON-MINERMOSS-12X36GRY-HPNR,15913,"SE GP-MT415-1GR 12” x 36” Grey Miner’s Moss (Sluice Box Matting)",,,,no
256508701447,ASR-BFTOU-BUN-3PK-STD-SLVR,20725,"ASR Outdoor Telescopic BBQ Fork 2 Prong Outdoor Cooking Utensil - 3 Pack",,,844124192971,yes
256508701474,ASR-SO4BGMN-BUN-2PC-2PK-LG-BLCK,20725,"Set of 4 Non-Stick BBQ Grill Mats Reusable Easy to Clean",,,,yes
256508701517,CHAINSAW-SHARPENING-BURR-3-16,85915,"3/16"" File Chain Saw Blade Diamond Sharpening Burr Shank 120 Grit",,,060886493525,yes
256509144716,KOL-FRUITVEGGIEPEELER-PARENT,20641,"Universal Handy Helpers Fruit and Vegetable Peeler Dishwasher Safe (2 Colors)",,,,yes
256509144716,KOL-FRUITVEGGIEPEELER-GRN,20641,"Universal Handy Helpers Fruit and Vegetable Peeler Dishwasher Safe (2 Colors)",Color,,731015171460,yes
256509144716,KOL-FRUITVEGGIEPEELER-RED,20641,"Universal Handy Helpers Fruit and Vegetable Peeler Dishwasher Safe (2 Colors)",Color,,731015171460,yes
256509144739,SON-7SNFBT-STD-SLVR,178960,"Sapphire Nail File Manicure Pedicure Tool Beauty and Personal Care",,,706569114720,yes
256509144757,MCN-GATTMCFSTP-2PC-3X5-CLR-PARENT,177895,"GEAR AID Tenacious Tape Patches Vinyl, Fabric Repair, Clear, 3"" x 5"" Patches",,,,yes
256509144757,MCN-GATTMCFSTP-2PC-3X5-CLR,177895,"GEAR AID Tenacious Tape Patches Vinyl, Fabric Repair, Clear, 3"" x 5"" Patches",Style,,021563108002,yes
256509144757,MCN-GATTMCFSTP-2PC-3X5-CLR-2PK,177895,"GEAR AID Tenacious Tape Patches Vinyl, Fabric Repair, Clear, 3"" x 5"" Patches",Style,,021563108019,yes
256509144778,MCN-ODORELIMINATOR-GALLON,27363,"GEAR AID Revivex Odor Eliminator for Tents, Footwear and Sports Gear, 1 Gallon",,,021563361193,yes
256443890038,SON-AO14IBGRGTGP-12-BLCK,15913,"Black 14 Inch Gold Mining Pan for Gold Prospecting 2 Riffle Types",,,,no
256510041675,SON-7IN1SURVIVALWHISTLE-ODGRN,181415,"7 in 1 Survival Whistle Multi-Case with LED Flashlight Compass Mirror - Green",,,706569064766,yes
256510041680,MCN-GARNASFWAWK-KIT-PARENT,27362,"GEAR AID Revivex Suede, Nubuck and Fabric Boot Care Kit with Protector Spray",,,,yes
256510041680,MCN-GARNASFWAWK-SPECIAL-2PK-TAG,27362,"GEAR AID Revivex Suede, Nubuck and Fabric Boot Care Kit with Protector Spray",Style,,021563367003,yes
256510041680,MCN-GARNASFWAWK-KIT-SPECIAL-TAG,27362,"GEAR AID Revivex Suede, Nubuck and Fabric Boot Care Kit with Protector Spray",Style,,021563367706,yes
256510041695,SON-ACIDBRUSHSET-12PC1,183161,"SE AB12 Acid Brush Set, 1/2""",,,706569121209,yes
256510041696,NPT-ASRO-9IN1SURVIVALKNIFE-BLK,75236,"ASR Outdoor 9 in 1 Multitool Folding Pocket Knife with G10 Handle, Black",,,810058482938,yes
256510041697,MCN-GASSRASS-2OZ,183125,"GEAR AID Seam Grip FC Fast Cure Sealant for Tents, Clear, 2 fl oz",,,021563106015,yes
256510041710,SHM-KIDFUN-REFLECTIONPAPER,20164,"32 Sheet Disappearing Notebook Dissolving Message Note Pad - Reflection Paper",,,032281614645,yes
256510041712,MET-GEARAIDREVIVEXSPRAY-AMZN,8504,"GEAR AID Revivex Suede Protector, Water Repellent for Shoe, Boots, 4 fl oz, 2pk",,,215631917294,yes
256510041714,SON-ANGULAR-SCISSORS,101915,"Embroidery Shears Sewing Tailors Sharp Scissors Craft and Hobby Kelly Angular",,,706569017229,yes
256510041719,SON-16FTHVMRNG-16F-NNGRN,8504,"16ft High Visibility Marking Ribbon PVC Material Outdoor Layout - Neon Green",,,883166841027,yes
256510041721,SON-SPORTS-BELT-8INCH,158951,"Sports Belt 8 Inch Expanding Pocket Black Reflective Strips Running Hiking",,,706569089875,yes
256510041723,SON-AO85IGPSSFGP-LG-GRN-HPNR,163824,"ASR Outdoor ASRO85GSS-359 Sand Scoop for Metal Detecting",,,0074994346185,yes
256510041735,LST-KARAOKE-KEYBOARD-A57,64602,"KidPlay Karaoke Keyboard - Blue",,,688999000579,yes
256510041750,SON-AOBRGFGP-2PC-ONE-BLCK-HPNR,15913,"SE GP3-RG60 Prospector's Choice Gold Panning Rubber Gloves",,,,no
256510041753,MCN-MMESQAS12O-12OZ-PARENT,27362,"GEAR AID Anti-Fog Spray for All Goggles, Masks and Eyewear, 0.5 fl oz",,,,yes
256510041753,MCN-MMESQAS12O-12OZ-CLR,27362,"GEAR AID Anti-Fog Spray for All Goggles, Masks and Eyewear, 0.5 fl oz",Style,,021563401011,yes
256510041753,MCN-MMESQAS12O-12OZ-CLR-2PK,27362,"GEAR AID Anti-Fog Spray for All Goggles, Masks and Eyewear, 0.5 fl oz",Style,,215631211576,yes
256510041759,SON-POCKETSLUICEBOX-GRN-AMZ-HPN,15913,"SE Prospector’s Choice Pocket Sized Sluice Box - GP-SB36PT",,,,no
256510041765,MCN-MRLBCCC-4OZ,28133,"GEAR AID Revivex Boot, Shoe Cleaner, Leather Suede Fabric, Concentrated, 4 fl oz",,,021563362503,yes
256510041773,SON-STEELDIGGER-GRN-AMZ-HPN,118867,"Metal Detector 12"" Serrated Edge Digger, Garden Weed Lawn Mower Tool",,,,yes
256510041789,MCN-WINCHBUCKLE-PARENT,181379,"GEAR AID Hip Adjust Buckle, 1"", 1.5"", Black",,,,yes
256510041789,MCN-GAHBWBK1INCH-2PC-15-BLCK-AMZN,181379,"GEAR AID Hip Adjust Buckle, 1"", 1.5"", Black",Style,,021563804201,yes
256510041789,MCN-WINCHBUCKLE-1INCH-HPNR,181379,"GEAR AID Hip Adjust Buckle, 1"", 1.5"", Black",Style,,021563804102,yes
256510041808,DLX-NAILFILES-18PC,11872,"Home Essentials Nail Files Buffers Emery Boards Beauty Tools Set Mani Pedi 18pc",,,855569002404,yes
256510047585,SON-PHONESTAND-FL89026TL,112581,"Universal Rechargeable Phone Stand Table Lamp Touch Switch 120 Lumen",,,060886114291,yes
256510047588,SON-WAISTTRAVELBELT-BLK,98968,"Water Resistant Storage Belt Waist Travel Pouch Adjustable Buckle",,,706569089530,yes
256510047589,DEL-EXFOLBATHMITT-WHITE,45452,"Exfoliating Bath Mitt Shower Loofah Accessory - White",,,060886950639,yes
256510047590,SON-GUNCLEANKIT-24PC,22700,"24 Piece set ASR Outdoor Gun Cleaning Kit Brass Punches Brushes and Patches",,,855569007218,yes
256510047592,MCN-MGARBS-4O-CLR,8504,"GEAR AID Revivex Rubber Boot Treatment and Neoprene Protector, 4 fl oz",,,021563226003,yes
256510047593,SON-GRAYDUCTTAPE-30FT,183125,"Gray Duct Tape 2 Inch Wide High Quality Adhesive Gear - 30ft Roll",,,706569092448,yes
256510047596,MCN-GARVXPCDWP-BNDL-AMZ,8504,"GEAR AID Care Kit with Revivex Pro Cleaner and Durable Water Repellent Spray",,,021563368031,yes
256510047597,MCN-SEAM-SEALANT-SILNYLON-PATCHES-BUN,36120,"Seam Grip SIL Silicone Sealant and Silnylon Patches for Silnylon Tents and Tarps",,,021563104417,yes
256510047607,SON-PISTOLKIT-66PC,22700,"ASR Outdoor 66pc Pistol Cleaning Kit In Zippered Shell Case",,,855569000790,yes
256510047608,MCN-DOWNCLEANER-GALLON,27363,"GEAR AID Revivex Down Cleaner and Wash for Jackets and Sleeping Bags, 1 Gallon",,,021563361964,yes
256510047609,HAWK-SLFHEALMAT-GR,16507,"Universal Hobby Cutting Mat 5""x9"" Self-Repairing - Green",,,"Does not apply",yes
256510047611,SON-FIRSTAIDKIT-100PC,75035,"100 PC Emergency Waterproof First Aid Dry Sack Kit Camping Outdoors",,,706569096705,yes
256510047616,MCN-GARVXPCDWEMRP-BNDL-AMZ,8504,"GEAR AID Care Kit with Pro Cleaner,Water Repellent Spray and Mini Patches",,,021563368055,yes
256510047618,SON-HTSSS-5PC-SML-GRY,122718,"Universal 5pc Hobby Tweezer Set Stainless Steel",,,706569240580,yes
256510047619,MCN-MGAZP-2E-BLCK,8504,"GEAR AID Zipper Pulls, Backpack Bag Repair, Set of 2",,,021563806205,yes
256510047623,SON-GUNCLMAT-18IN,177907,"American Flag Non-Slip Gun and Electronics Cleaning Mat Washable 18 Inch",,,855569005962,yes
256510047624,SON-POLISHINGWHEEL-2IN,42266,"Universal Tool Cloth Polishing Buff Wheel 2 Inch Diameter Soft Muslin",,,060886426516,yes
256510047628,MCN-STRAP-TENDER-AMZN,36109,"GEAR AID Strap Tender for 1"" Webbing",,,021563806403,yes
256510047646,MCN-MESENTL-SEADROP-PARENT,71161,"GEAR AID Sea Drops Anti-fog and Cleaner for Dive and Snorkel Masks, 1.25 fl oz",,,,yes
256510047646,MCN-MMESDAALCD125O-C-WHT,71161,"GEAR AID Sea Drops Anti-fog and Cleaner for Dive and Snorkel Masks, 1.25 fl oz",Style,,021563402209,yes
256510047646,MCN-MESENTL-SEADROP-2PK-1,71161,"GEAR AID Sea Drops Anti-fog and Cleaner for Dive and Snorkel Masks, 1.25 fl oz",Style,,021563402209,yes
256510047648,MCN-PROCLEANER-GALLON,27363,"GEAR AID Revivex Pro Cleaner Wash for GORE-TEX Jackets Tents Outdoor Gear, 1 Gal",,,021563361988,yes
256510047655,SON-KCIPHAC-275-ASSRTD,75041,"Key Chain ID Pill Holder Plastic Coated Interior O Ring Cap (Assorted Colors)",,,706569012507,yes
256510047656,SON-HOOKSNPICKS-6PC,303,"ToolTreaux Hook and Pick Precision Automotive Tool Set Puller Removers 6 Pieces",,,810058489210,yes
256510047660,MCN-MMESG14OPMARL,29574,"GEAR AID Silicone Grease, Rubber Conditioner and Lubricant for Dive Gear 0.25 oz",,,021563261202,yes
256510047661,MCN-GARVXPCWIWBP-BNDL-AMZ,8504,"GEAR AID Care Kit with Pro Cleaner, Wash-In Water Repellent and Mini Patches",,,021563368048,yes
256510047684,SON-SAFETYGOGGLES,67019,"Safety Goggles Eye Protection",,,706569596472,yes
256510047690,4SN-FINGERLINGS-DIARY-10408,45112,"Fingerlings Secret Diary Girls Journal Set",,,191537024338,yes
256510047693,SON-LEDWORKLIGHT-LARGE-BLACKORANGE,183393,"Durable Portable Work Light Indoor Outdoor Multi Use Black 750 Lumen",,,706569092547,yes
256510047695,SON-HTSSS-5PC-SML-GRY-2,122718,"5pc Universal Tweezer Set Stainless Steel, 5""",,,829957493815,yes
256510047696,SHM-CERAMICMICROSTRIKER-WHT-STD,166126,"Ceramic Non-Metal Micro Striker Create Sparks Emergency Fire Starter",,,060886706014,yes
256510047702,MCN-PCSTUCCS-550-100-PARENT,50816,"GEAR AID 550 Paracord and Carabiner 7 Strand Utility Camping, Reflective, 100 ft",,,,yes
256510047702,MCN-PCSTUCCS-550-BLCK-R-100FT,50816,"GEAR AID 550 Paracord and Carabiner 7 Strand Utility Camping, Reflective, 100 ft",Color,,021563806922,yes
256510047702,MCN-PCSTUCCS-550-CAMO-100FT,50816,"GEAR AID 550 Paracord and Carabiner 7 Strand Utility Camping, Reflective, 100 ft",Color,,021563806908,yes
256510047702,MCN-PCSTUCCS-550-ORNG-R-100FT,50816,"GEAR AID 550 Paracord and Carabiner 7 Strand Utility Camping, Reflective, 100 ft",Color,,021563806915,yes
256510047704,MCN-WASH-IN-10-OZ-AMZN,27362,"GEAR AID Wash-in Water Repellent, Concentrated Formula for Outerwear, 10 fl oz",,,021563362435,yes
256510047719,SON-SHOCKCORD-30FT,109492,"ASR Outdoor Elastic Shock Cord Natural Rubber 30 Feet 3mm Diameter - Black",,,855569007577,yes
256510047916,MCN-PCSTUCCS-550-30-PARENT,50816,"GEAR AID 550 Paracord and Carabiner 7 Strand Utility, Camping, Reflective, 30 ft",,,,yes
256510047916,MCN-PCSTUCCS-550-BLCK-R-30FT,50816,"GEAR AID 550 Paracord and Carabiner 7 Strand Utility, Camping, Reflective, 30 ft",Color,,021563806731,yes
256510047916,MCN-PCSTUCCS-550-CAMO-30FT,50816,"GEAR AID 550 Paracord and Carabiner 7 Strand Utility, Camping, Reflective, 30 ft",Color,,021563806700,yes
256510047916,MCN-PCSTUCCS-550-ORNG-R-30FT,50816,"GEAR AID 550 Paracord and Carabiner 7 Strand Utility, Camping, Reflective, 30 ft",Color,,021563806724,yes
256510047921,SON-ICE-TEMPERED-SCISSOR-SP102,101915,"Universal Tool Ice Tempered S Steel Salon Hairdressing Barber Scissor 5.5 inch",,,060886496809,yes
256510047923,SON-RINGSIZESTICK-10IN,262020,"SE JT114RS 10"" Aluminum Ring Stick",,,706569004953,yes
256510047925,SON-155BSSMRWZSS-155E-BLCK,73522,"Recurved Blade Machete with Zigzag Serrated Spine and Paracord Handle 15""",,,,no
256510047926,4SN-BEAUTYTOOLKIT-9PC-BUN,11872,"ToolTreaux Beauty Tool Kit Nail Clipper Brush Eyelash Curler Pore Cleaner - 9pc",,,810058484611,yes
256510047928,MCN-MBMPRK-STD-PARENT,36120,"GEAR AID Tenacious Tape Mesh Patches for Tent and Bug Screen Repair, 3"" Rounds",,,,yes
256510047928,MCN-MBMPRK-STD-AMZN-2PK,36120,"GEAR AID Tenacious Tape Mesh Patches for Tent and Bug Screen Repair, 3"" Rounds",Style,,0021563106657,yes
256510047928,MCN-MBMPRK-STD-BLCK-AMZN1,36120,"GEAR AID Tenacious Tape Mesh Patches for Tent and Bug Screen Repair, 3"" Rounds",Style,,0021563106657,yes
256510047937,MET-WETSUITSHAMPOO-AMZN-HPN,1300,"GEAR AID Wetsuit Cleaner and Conditioner for Neoprene, Concentrated, 10 fl oz",,,021563301403,yes
256510047945,SON-SSDESWCT-SML-CHRM,183319,"Spatula Wax Carver Ceramic Pottery Double Ended Tool Set",,,706569003765,yes
256510047946,SON-ICE-TEMPERED-SCISSOR-SP105,101915,"Universal Tool Ice Tempered S Steel Salon Hairdressing Barber Scissor 7.5 inch",,,060886345220,yes
256510047954,SON-CINEMA-LIGHTBOX-20BX,183394,"Hanging Cinema String Light Boxes - 90 Characters, 20 Boxes",,,706569092790,yes
256510047955,4SN-CALLUSREMOV-BLU-42121,11872,"Home Essentials Manicure Pedicure Foot Scrubber Foot File Callus Remover - Blue",,,810058483119,yes
256510047956,MCN-PCUCCH-325-PARENT,50816,"GEAR AID 325 Paracord and Carabiner, 3mm Utility Cord for Camping & Hiking, 50ft",,,,yes
256510047956,MCN-PCUCCH-325-BLCK-50FT,50816,"GEAR AID 325 Paracord and Carabiner, 3mm Utility Cord for Camping & Hiking, 50ft",Style,,021563806809,yes
256510047956,MCN-PCUCCH-325-BLCK-50FT-2PK,50816,"GEAR AID 325 Paracord and Carabiner, 3mm Utility Cord for Camping & Hiking, 50ft",Style,,021563807202,yes
256510047965,MCN-MEMNORABC-2OZ-CLR-2,260134,"GEAR AID Revivex Odor Eliminator for Tents, Footwear and Sports Gear, 2 fl oz",,,021563361322,yes
256510047966,SON-100PKZIPLOCKBAG-PARENT,43504,"100 Pieces Self Locking Plastic Bags 2mm Thick All Purpose Storage Various Sizes",,,,yes
256510047966,SON-15X15SLPB-100PC-15X15-CLR,43504,"100 Pieces Self Locking Plastic Bags 2mm Thick All Purpose Storage Various Sizes","Item Height; Item Length; Item Width; Size",,706569071580,yes
256510047966,SON-3X3SLPB-100PC-3X3-CLR,43504,"100 Pieces Self Locking Plastic Bags 2mm Thick All Purpose Storage Various Sizes","Item Height; Item Length; Item Width; Size",,706569064933,yes
256510047966,SON-3X4SLPB-100PC-3X4-CLR,43504,"100 Pieces Self Locking Plastic Bags 2mm Thick All Purpose Storage Various Sizes","Item Height; Item Length; Item Width; Size",,706569044638,yes
256510047966,SON-6X9SLPB-100PC-6X9-CLR,43504,"100 Pieces Self Locking Plastic Bags 2mm Thick All Purpose Storage Various Sizes","Item Height; Item Length; Item Width; Size",,706569044676,yes
256510047966,SON-8IX10IZLB-100PC-LG-CLR,43504,"100 Pieces Self Locking Plastic Bags 2mm Thick All Purpose Storage Various Sizes","Item Height; Item Length; Item Width; Size",,706569044683,yes
256510047966,SON-4X4SLPB-100PC-4X4-CLR,43504,"100 Pieces Self Locking Plastic Bags 2mm Thick All Purpose Storage Various Sizes","Item Height; Item Length; Item Width; Size",,706569044645,yes
256510047969,SON-STEPDRILLBITS-3PC,50382,"High Speed Steel Step Drill Bits Locking Hex Shank Assorted - 3pc",,,706569089097,yes
256510047977,SON-GR6ISPP40HSI-6IN-GRN-HPNR,15913,"SE GP4-40 5.5"" Mini Stackable Sifting Pan, 40 Holes/Square Inch",,,,no
256510047983,SON-IFESFS-STD-BLCK,100237,"Instant Fire Starter Outdoor Survival Magnesium Compact Striking Stick",,,841862716322,yes
256510047987,4SN-JOJOTOOTHBRUSH-CAP,67421,"JoJo Siwa Brush Buddies Kids Toothbrush Ultra Soft Bristles with Plastic Cap",,,852064006265,yes
256510047992,MCN-ULCOMMICFIBTOW-PARENT-HPN,181398,"GEAR AID Quick Dry Microfiber Towel for Travel, Camping and Sports, L, 30"" x 50""",,,,yes
256510047992,MCN-UCMAAFDOTCL-LG-CYT,181398,"GEAR AID Quick Dry Microfiber Towel for Travel, Camping and Sports, L, 30"" x 50""","Color; MPN",,021563440317,yes
256510047992,MCN-UCMAAFDOTGL-LG-GRN,181398,"GEAR AID Quick Dry Microfiber Towel for Travel, Camping and Sports, L, 30"" x 50""","Color; MPN",,021563440348,yes
256510047992,MCN-MOMUAQDGTNBL-2PC-NVYBL-3,181398,"GEAR AID Quick Dry Microfiber Towel for Travel, Camping and Sports, L, 30"" x 50""","Color; MPN",,021563440416,yes
256510047992,MCN-MUAMOPTG-LRG-GRN-VAR-1,181398,"GEAR AID Quick Dry Microfiber Towel for Travel, Camping and Sports, L, 30"" x 50""","Color; MPN",,021563681550,yes
256510047992,MCN-OMTUAQDGTCBL-LG-CBLT-VAR-1,181398,"GEAR AID Quick Dry Microfiber Towel for Travel, Camping and Sports, L, 30"" x 50""","Color; MPN",,021563681512,yes
256510047992,MCN-MUCMT-LG,181398,"GEAR AID Quick Dry Microfiber Towel for Travel, Camping and Sports, L, 30"" x 50""","Color; MPN",,021563440348,yes
256510047992,MCN-MOMUAQDGTML-2PC-30X50,181398,"GEAR AID Quick Dry Microfiber Towel for Travel, Camping and Sports, L, 30"" x 50""","Color; MPN",,713425595142,yes
256510047994,MCN-AKUADIVEKNIFE-BLACK-E2N,29577,"GEAR AID Akua Blunt Tip Paddle Knife with 3"" Serrated Blade and Sheath, Black",,,021563620603,yes
256510047998,SON-TT-GLUEGUNSTICKKIT-15PC-BUN,183124,"ToolTreaux 10 Watt Mini Glue Gun and Hot Glue Sticks Crafting Supplies Kit, 15pc",,,810058483935,yes
256510048002,SON-TCFPKCB12IX15I-BUN-4PC-4PK-CLR,46282,"Flexible Plastic Kitchen Cutting Board 12 Inch x 15 Inch - 4pk",,,706569062052,yes
256510048004,MCN-MMESBDMPT125OZ-2,29574,"GEAR AID Sea Buff Dive Mask and Slate Cleaner, 1.25 fl oz",,,021563408317,yes
256510048006,SON-MINERMOSS-12X36GRN-HPNR,15913,"SE GP-MT415-2GG 12” x 36” Green Miner’s Moss (Sluice Box Matting)",,,,no
256510048011,MET-PCLC-PARENT,181379,"GEAR AID Ellipse Cord Locks, Black, Orange",,,,yes
256510048011,MCN-GAPCLC-2PC-C-ORNG-AMZN,181379,"GEAR AID Ellipse Cord Locks, Black, Orange","Color; Style",,021563803105,yes
256510048011,MCN-PCLCFBRAJ316INCH-2PC-C-BLCK-AMZ-HPN,181379,"GEAR AID Ellipse Cord Locks, Black, Orange","Color; Style",,021563803006,yes
256510048011,MCN-PCLCFBRAJ316INCH-2PK-BUN,181379,"GEAR AID Ellipse Cord Locks, Black, Orange","Color; Style",,215631853646,yes
256510048011,MET-PCLC-BUN-2PC-3PK-C-ORNG,181379,"GEAR AID Ellipse Cord Locks, Black, Orange","Color; Style",,215631238757,yes
256510048012,HWK-MYLAR-BLANKET,181412,"ASR Outdoor First Aid Bug Out Emergency Light Mylar Foil Space Blanket",,,060886950608,yes
256510048021,SON-JAROPENER-BJ094,20688,"Beille Rubber 4 in 1 Non Slip Multipurpose Adjustable Easy Grip Jar Opener Tool",,,810058482181,yes
256510048023,MCN-DABUCKLE-PARENT,181379,"GEAR AID Dual Adjust Replacement Buckle Kit, Various Sizes, Multi-pack",,,,yes
256510048023,MCN-DABUCKLE-58INCH,181379,"GEAR AID Dual Adjust Replacement Buckle Kit, Various Sizes, Multi-pack","Size; MPN; Style",,021563803457,yes
256510048023,GEARAID-DUALADJ-6BUCKLESET-2INCH,181379,"GEAR AID Dual Adjust Replacement Buckle Kit, Various Sizes, Multi-pack","Size; MPN; Style",,215638721184,yes
256510048023,MCN-DABUCKLE-2INCH-HPNR,181379,"GEAR AID Dual Adjust Replacement Buckle Kit, Various Sizes, Multi-pack","Size; MPN; Style",,021563803853,yes
256510048023,MCN-DABUCKLE-34INCH-HPNR,181379,"GEAR AID Dual Adjust Replacement Buckle Kit, Various Sizes, Multi-pack","Size; MPN; Style",,021563803556,yes
256510048023,MCN-DABUCKLE-58INCH-6PK,181379,"GEAR AID Dual Adjust Replacement Buckle Kit, Various Sizes, Multi-pack","Size; MPN; Style",,215638645572,yes
256510048028,SON-ACIDBRUSHSET-12PC,183161,"Universal Tool Acid Brush Set 6 Inch Metal Handle for Acid Glue Paste 12pc Set",,,060886617273,yes
256510048035,SON-TTX-DRILLBITS-15PC,50382,"Tooltreaux High Speed Stainless Steel Drill Bits Set 1.05 to 2mm 15 Pieces",,,810058480675,yes
256510048036,MCN-MUTPARMSDGS4OZ-4OZ-CLR-4,159151,"GEAR AID UV Protectant and Conditioner for Plastic, Vinyl, Rubber, Nylon 4 fl oz",,,021563227956,yes
256510048037,SON-U3IRHC-MED-SLVR,88433,"Universal Rubber Head Clamps 3 Inch Secure Lever Lock Metal Body Outdoor 1pk",,,706569037746,yes
256510048039,SON-JEWELLOUPE-10XP-TT,262020,"ToolTreaux 10X Jewelers Loupe 25mm Diameter Glass Lens Magnifier Plastic",,,810058485380,yes
256510048040,MCN-MGAAWRKWP25OZ-PARENT,177876,"GEAR AID Aquaseal FD and Tenacious Tape Kit for Wader and Vinyl Repair, 0.25 oz",,,,yes
256510048040,MCN-MGAAWRKWP25OZ-5PC-STD-BLCK,177876,"GEAR AID Aquaseal FD and Tenacious Tape Kit for Wader and Vinyl Repair, 0.25 oz",Style,,021563101904,yes
256510048040,MCN-MGAAWRKWP25OZ-5PC-STD-BLCK-2PK,177876,"GEAR AID Aquaseal FD and Tenacious Tape Kit for Wader and Vinyl Repair, 0.25 oz",Style,,215632516441,yes
256510048040,MCN-MGAAWRKWP25OZ-5PC-STD-BLCK-3PK,177876,"GEAR AID Aquaseal FD and Tenacious Tape Kit for Wader and Vinyl Repair, 0.25 oz",Style,,215632020030,yes
256510048041,SON-PLASTICDROPPERS-50PACK-BUN-HPNR,15913,"SE GP3-PD55 Prospector's Choice Plastic Disposable Droppers (50 PC.)",,,,no
256510048042,SON-COMPANIONWHISTLES-ORG,181414,"Hiking Companion Whistles Emergency Survival Tools 105 dB Rating",,,706569088007,yes
256510048045,MCN-GARVXDCDWEMRP-BNDL-AMZ,8504,"GEAR AID Revivex Down Care Kit w/ Down Cleaner, Water Repellent, Repair Patches",,,021563368079,yes
256510048046,SON-16FTHVMRR-16F-RD,8504,"16ft High Visibility Marking Ribbon - Red",,,738498861123,yes
256510048047,UPD-INCRED-2-PENCIL-6PK,102953,"Disney Pixar Incredibles 2 Personalized Pencils Hero Super Star Awesome 6 Pack",,,060886350385,yes
256510048055,SON-CABLE-TIES-CT4B,57007,"Universal Home 100 Count 4"" Cable Wire Hose Zip Ties",,,060886578024,yes
256510048061,MCN-ODORREMOVER-10OZ-AMZN,29574,"GEAR AID Revivex Odor Eliminator for Tents, Footwear and Sports Gear, 10 fl oz",,,021563361353,yes
256510048062,SON-UVBLACKLIGHT-BLK,16037,"Portable UV Black Light with LED Flashlight Verify IDS Passports Cards",,,706569060591,yes
256510048063,SON-MINERMOSS-12X36BLU-HPNR,15913,"SE GP-MT415-3BL 12” x 36” Blue Miner’s Moss (Sluice Box Matting)",,,,no
256510048067,MCN-GARVXDCMRP-BNDL-AMZ,8504,"GEAR AID Revivex Down Care Kit for Outdoors, Down Cleaner and Repair Patches",,,021563368062,yes
256510048070,MCN-MGARBDSB-1-BLCK,36109,"GEAR AID Dual Snap Bar Buckle, 1"", Black",,,021563804904,yes
256510048082,SON-CENTERPUNCH-BRS,50380,"Universal Hobby Automatic Spring Loaded Center Punch Brass Body Hole Marker",,,060886157939,yes
256510048092,MCN-POSHDFGCMWS-2PC-C-BLCK-AMZN,8504,"GEAR AID Snap Hooks, Set of 2, Black",,,021563806304,yes
256510048094,SON-AOPMTSFGP-SML-GRY-HPNR,262020,"SE JT-GT26 Small Precious Metal Testing Stone",,,706569066012,yes
256510048102,SON-COBHEADLAMP-100LUM,106984,"ASR Outdoor Slim 3-Stage Headlamp Ultrabright 150 Lumen COB Flood Light",,,855569003531,yes
256444840061,ASR-MEDIUMSIZECARABINERSKEEP,50814,"Aluminum Colored Carabiner Key Chain Spring Clip Medium Size Assorted Colors 6pk",,,706569293913,yes
256510608071,MCN-MGAUCA25O-SML,27362,"GEAR AID Aquaseal UV Adhesive for Instant Wader and Drysuit Repair, 0.25 oz",,,021563106121,yes
256376275265,MCN-SEAMGRIP-REPAIRKIT-PARENT,36120,"GEAR AID Seam Grip WP Field Repair Kit for Tents and Outdoor Gear, Clear 0.25 oz",,,,yes
256376275265,MCN-SGFRKFGA-SML,36120,"GEAR AID Seam Grip WP Field Repair Kit for Tents and Outdoor Gear, Clear 0.25 oz",Style,,021563105919,yes
256376275265,MCN-SGFRKFGA-SML-2PK,36120,"GEAR AID Seam Grip WP Field Repair Kit for Tents and Outdoor Gear, Clear 0.25 oz",Style,,021563105919,yes
256511081582,MCN-REVIVX-SEAMGRIPFC-BUNDLE-HPNR,36120,"GEAR AID Tent Waterproofing Spray and Sealer for Nylon Tents, Fast Cure Kit",,,021563204247,yes
257016930958,MCN-SEAGLD-AMZN-PARENT,71161,"GEAR AID Sea Gold Anti-Fog Gel Coating for SCUBA Dive Masks, 1.25 fl oz",,,,yes
257016930958,MCN-SEAGOLDGEL-2PK-AMZN-HPNR,71161,"GEAR AID Sea Gold Anti-Fog Gel Coating for SCUBA Dive Masks, 1.25 fl oz",Style,,215631069337,yes
257016930958,MCN-SEAGOLDGEL-AMZN-HPNR,71161,"GEAR AID Sea Gold Anti-Fog Gel Coating for SCUBA Dive Masks, 1.25 fl oz",Style,,021563408515,yes
256446183294,MET-AIDREVIVEXWATERPROOFING-COMBOKIT-2,310,"Gear Aid Revivex Durable Water Proofing Pro Cleaner Combo Kit 10oz",,,181624308168,yes
256446183296,SON-GRCSS20HPSI-6-GRN-HPNR,15913,"SE GP4-20 5.5"" Mini Stackable Sifting Pan, 20 Holes/Square Inch",,,,no
256446183297,MCN-MTRFT-3X20E-PARENT,36120,"GEAR AID Tenacious Tape Reflective, Jackets, Outdoor Gear, 3"" x 20"", Silver",,,,yes
256446183297,MCN-MTRFT-3X20E-RFLCTV,36120,"GEAR AID Tenacious Tape Reflective, Jackets, Outdoor Gear, 3"" x 20"", Silver",Style,,0021563107852,yes
256446183297,MCN-MTRFT-3X20E-RFLCTV-HPN-2PK,36120,"GEAR AID Tenacious Tape Reflective, Jackets, Outdoor Gear, 3"" x 20"", Silver",Style,,0021563107852,yes
256446183331,MCN-GARVXPC-DWP169OZ-BNDL-AMZ,8504,"GEAR AID Care Kit with Revivex Pro Cleaner & 16oz Durable Water Repellent Spray",,,021563368086,yes
256446183341,MCN-GARPC10OZ-10OZ-36299,27362,"GEAR AID Revivex Pro Cleaner for GORE-TEX Jackets, Tents, Outdoor Gear, 10 fl oz",,,021563362992,yes
256446183347,MCN-MMEBLBCC10O-10OZ-3,29574,"GEAR AID Revivex Cleaner & Conditioner for BCD SCUBA and Dive Equipment 10 fl oz",,,021563341201,yes
256446183378,SON-FOLDINGSLUICEBOX-SLV,15913,"Aluminum Folding Sluice Box for Gold Prospecting Carpet Miners Moss",,,,no
256446183403,SON-ICE-TEMPERED-SCISSOR-SP102-4PK,101915,"4 Pack Universal Tool Tempered Steel Salon Hairdressing Barber Scissor 5.5 inch",,,060886496809,yes
256446183412,MCN-MGARWRLGAC-4O,259189,"GEAR AID Revivex Leather Water Repellent for Shoes and Boots, 4 fl oz",,,021563362602,yes
256446183413,MCN-SSTSHDWS15OZ-SML-CLR,8504,"GEAR AID Seam Grip Silicone Sealant for Silnylon Tents and Tarps, Clear 1.5 oz",,,021563104400,yes
256446183433,SON-SLUICE-BOX-AMZN-HPNR,163824,"SE GP-SB32 Prospector's Choice Green Lightweight Sluice Box, 30""",,,706569083729,yes
256446183453,MCN-TTAPE-SILNYLON-3X5-PARENT,36120,"GEAR AID Tenacious Tape Silnylon Patches for Silicone Tent, Tarp Repair, 3""x5""",,,,yes
256446183453,MCN-TTAPE-SILNYLON-3X5,36120,"GEAR AID Tenacious Tape Silnylon Patches for Silicone Tent, Tarp Repair, 3""x5""",Style,,021563106701,yes
256446183453,MCN-TTAPE-SILNYLON-3X5-2PK,36120,"GEAR AID Tenacious Tape Silnylon Patches for Silicone Tent, Tarp Repair, 3""x5""",Style,,215631015952,yes
256446183460,SON-UTWBPSWAT-9PC-STD-RD-2,183150,"Deluxe 9 Piece Wood Burning Pen Tool Hobby & Craft Kit",,,706569957303,yes
256446183485,MCN-TACMICRTERTOWEL-PARENT-HPN-2,181398,"GEAR AID Quick Dry Microfiber Towel for Travel, Camping, Sports, XL, 35” x 62”",,,,yes
256446183485,MCN-UCMAAFDOTCEL-XL-CYT,181398,"GEAR AID Quick Dry Microfiber Towel for Travel, Camping, Sports, XL, 35” x 62”","Color; MPN",,021563440324,yes
256446183485,MCN-MOMUAQDGTGX-2PC-35X62-GRN-VAR-1,181398,"GEAR AID Quick Dry Microfiber Towel for Travel, Camping, Sports, XL, 35” x 62”","Color; MPN",,021563681567,yes
256446183485,MCN-MOMUAQDGTMGX-2PC,181398,"GEAR AID Quick Dry Microfiber Towel for Travel, Camping, Sports, XL, 35” x 62”","Color; MPN",,021563440355,yes
256446183485,MCN-MOMUAQDGTNBX-2PC-NVYBL-2,181398,"GEAR AID Quick Dry Microfiber Towel for Travel, Camping, Sports, XL, 35” x 62”","Color; MPN",,021563440423,yes
256446183485,MCN-MOMUAQDGTMX-2PC-35X62,181398,"GEAR AID Quick Dry Microfiber Towel for Travel, Camping, Sports, XL, 35” x 62”","Color; MPN",,021563681321,yes
256446183485,MCN-UCMAAFDOTSEL-XL,181398,"GEAR AID Quick Dry Microfiber Towel for Travel, Camping, Sports, XL, 35” x 62”","Color; MPN",,021563440386,yes
256446183505,MCN-TENTAPE-GEARPATCHES-PARENT,36120,"GEAR AID Tenacious Tape Wildlife Patches for Jackets, Tent, Gear Repair 3"" x 20""",,,,yes
256446183505,MCN-GATTMCFSTP-SQUIRRL,36120,"GEAR AID Tenacious Tape Wildlife Patches for Jackets, Tent, Gear Repair 3"" x 20""","Color; Size",,021563108101,yes
256446183505,MCN-TTAPEOUTDOOR-BLK,36120,"GEAR AID Tenacious Tape Wildlife Patches for Jackets, Tent, Gear Repair 3"" x 20""","Color; Size",,021563108958,yes
256446183505,MCN-GATTMCFSTP-SQUIRRL-2PK,36120,"GEAR AID Tenacious Tape Wildlife Patches for Jackets, Tent, Gear Repair 3"" x 20""","Color; Size",,021563108101,yes
256446183505,MCN-MGATTWP-STD-BLCK-2,36120,"GEAR AID Tenacious Tape Wildlife Patches for Jackets, Tent, Gear Repair 3"" x 20""","Color; Size",,021563108200,yes
256446183505,MCN-MGATTWP-STD-BLCK-2PK,36120,"GEAR AID Tenacious Tape Wildlife Patches for Jackets, Tent, Gear Repair 3"" x 20""","Color; Size",,021563108200,yes
256446183505,MCN-TTAPEOUTDOOR-BLK-2PK,36120,"GEAR AID Tenacious Tape Wildlife Patches for Jackets, Tent, Gear Repair 3"" x 20""","Color; Size",,021563108958,yes
256446183524,MCN-IMFRKSDWR-3PC-10X6-BLCK-PARENT,29574,"GEAR AID Tenacious Tape Iron-On Neoprene Wetsuit Repair Patch, 6""x 10"", Black",,,,yes
256446183524,MCN-IMFRKSDWR-3PC-10X6-BLCK,29574,"GEAR AID Tenacious Tape Iron-On Neoprene Wetsuit Repair Patch, 6""x 10"", Black",Style,,021563161106,yes
256446183524,MCN-IMFRKSDWR-3PC-10X6-BLCK-2PK,29574,"GEAR AID Tenacious Tape Iron-On Neoprene Wetsuit Repair Patch, 6""x 10"", Black",Style,,215631494962,yes
256446183545,MCN-ELSTIC-SHOCKCORD-HPNR,36120,"GEAR AID Elastic Shock Cord for Tent Poles and Jackets, 84"", Black",,,021563806502,yes
256446186491,MCN-GASSRASS-2OZ-BUN-2PK,183125,"GEAR AID Seam Grip FC Fast Cure Sealant for Tents, Clear, 2 fl oz, 2 pack",,,215631225030,yes
256110410273,MCN-MGAIWS,27362,"GEAR AID Revivex Instant Waterproofing Spray, Tents, Shoes, Outdoor Fabric, 5 oz",,,021563204209,yes
256512067987,SON-UFDSVHVO-29-ORNG,183080,"Universal Safety Disposable Vest High Visibility One Size Fits Most Orange",,,706569081572,yes
257018082936,SON-AORUBZ500FR-11-BLCK,181040,"ASR Outdoor 360 Degree Standard Plug-in UV Light Bug Zapper Metal Hanging Hook",,,060886488668,yes
256512646263,MCN-AKUADIVEKNIFE-BLACK,29577,"GEAR AID Akua Blunt Tip Paddle Knife with 3"" Serrated Blade, Sheath Green/Black",,,021563620603,yes
256378769153,SON-SLINGSHOT-2PC,27363,"Wrist Brace Slingshot with Adjustable Iron Frame - Ammo Included",,,706569046212,yes
256012360865,MCN-MMESC4OZNCB,29574,"GEAR AID Aquaseal NEO Contact Cement for Neoprene and Wetsuit Repair, 4 fl oz",,,021563144147,yes
256513894850,SON-DSSWCCPASSWC-625X25-SLVR,116496,"Dual Sided 12pc Wax Clay Carving Pick Spatula Tool Set with Case Arts and Crafts",,,706569088700,yes
256514435510,MCN-TTAPEREPAIRPATCHES-AMZ-PARENT,36120,"GEAR AID Tenacious Tape No-Sew Mini Repair Patches for Jackets, Tents 1.5""x2.5""",,,,yes
256514435510,MCN-MINIPATCH-CLR-AMZN,36120,"GEAR AID Tenacious Tape No-Sew Mini Repair Patches for Jackets, Tents 1.5""x2.5""","Color; Size",,002156310750,yes
256514435510,MCN-MINIPATCH-CLR-AMZN-2PK,36120,"GEAR AID Tenacious Tape No-Sew Mini Repair Patches for Jackets, Tents 1.5""x2.5""","Color; Size",,215631799319,yes
256514435510,MCN-MINIPATCH-CLRBLK-AMZN,36120,"GEAR AID Tenacious Tape No-Sew Mini Repair Patches for Jackets, Tents 1.5""x2.5""","Color; Size",,021563107609,yes
256514435510,MCN-MINIPATCH-CLRBLK-AMZN-2PK,36120,"GEAR AID Tenacious Tape No-Sew Mini Repair Patches for Jackets, Tents 1.5""x2.5""","Color; Size",,215631759535,yes
256514435510,MCN-MINITAPE-PATCHES-BLK-AMZN,36120,"GEAR AID Tenacious Tape No-Sew Mini Repair Patches for Jackets, Tents 1.5""x2.5""","Color; Size",,021563863147,yes
256514435510,MCN-MINITAPE-PATCHES-BLK-AMZN-2PK,36120,"GEAR AID Tenacious Tape No-Sew Mini Repair Patches for Jackets, Tents 1.5""x2.5""","Color; Size",,021563857597,yes
256514435542,MCN-REVIVX-SEAMGRIPTF-BUNDLE-HPNR,36120,"GEAR AID Tent Waterproofing Spray and Sealer for Nylon Tents, Tent Fabric Kit",,,021563204230,yes
256514435561,SON-JUMBOTWEEZER-4PC-IR-TT,122718,"ToolTreaux Stainless Steel Jumbo Tweezer Set Serrated Tips Secure Grip - 3pc",,,810058486493,yes
256546386816,SHM-UV9LF-SML-BLCK,16037,"ASR Federal 21 Bulb UV Light LED Flashlight Black Light Crime Scene Investigate",,,060886592747,yes
256380454290,MCN-NIGLO-PARENT,52373,"GEAR AID Ni Glo 2"" Glowing Keychain for Camping, SCUBA, Fishing, Multi Colors",,,,yes
256380454290,MCN-NIGLO-CLR1PK-91500,52373,"GEAR AID Ni Glo 2"" Glowing Keychain for Camping, SCUBA, Fishing, Multi Colors","Color; Size",,021563915006,yes
256380454290,MCN-NIGLO-ORG1PK-91502,52373,"GEAR AID Ni Glo 2"" Glowing Keychain for Camping, SCUBA, Fishing, Multi Colors","Color; Size",,021563915020,yes
256380454290,MCN-NIGLO-YLW1PK-91504,52373,"GEAR AID Ni Glo 2"" Glowing Keychain for Camping, SCUBA, Fishing, Multi Colors","Color; Size",,021563915044,yes
256380454290,MCN-NIGLO-YLW2PK-91504,52373,"GEAR AID Ni Glo 2"" Glowing Keychain for Camping, SCUBA, Fishing, Multi Colors","Color; Size",,215631572073,yes
256380454290,MCN-NIGLO-ORG2PK-91502,52373,"GEAR AID Ni Glo 2"" Glowing Keychain for Camping, SCUBA, Fishing, Multi Colors","Color; Size",,215631544506,yes
256546395553,SON-MEBH-10PC-SML-SLVR,50382,"10Pack Standard Hex Shank Magnetic Bit Extension Holder for Power Tools",,,706569655629,yes
256515004658,MCN-SEAMGRIP-TF-PARENT,36120,"GEAR AID Seam Grip TF Tent Fabric Sealer for Waterproofing, Clear, 4 fl oz",,,,yes
256515004658,MCN-MGATSPWS-S-CLR,36120,"GEAR AID Seam Grip TF Tent Fabric Sealer for Waterproofing, Clear, 4 fl oz",Style,,021563110005,yes
256515004658,MCN-MGATSPWS-S-CLR-2PK,36120,"GEAR AID Seam Grip TF Tent Fabric Sealer for Waterproofing, Clear, 4 fl oz",Style,,215631508935,yes
256515004688,MCN-GARLBGCK-PARENT,106123,"GEAR AID Revivex Leather Boot Care Kit with Cleaner, Brush and Cloth",,,,yes
256515004688,MCN-GARLBGCK-4PC-7X5-3,106123,"GEAR AID Revivex Leather Boot Care Kit with Cleaner, Brush and Cloth",Style,,021563367713,yes
256515004688,MCN-GARLBGCK-TAG-SPECIAL-2PK,106123,"GEAR AID Revivex Leather Boot Care Kit with Cleaner, Brush and Cloth",Style,,"Does not apply",yes
255682695078,SON-AO8IBGRGTGP-8-GREEN,15913,"Green 8 Inch Gold Mining Pan for Gold Prospecting 2 Riffle Types",,,,no
256224656914,SON-GRCSS30HPSI-6-GRN-1,15913,"Gold Rush Sifting Classifier Sieve Mini 6 Inch Prospect Pan 30 Holes per Sq Inch",,,,no
256485432774,MCN-MTODLCS25OWCC-2PC-C-CLR,27362,"GEAR AID Op Drops Anti-Fog and Lens Cleaner for Eyewear and Optics, 0.25 oz",,,0021563440539,yes
256016084770,MCN-ZIPPER-LUBE-91120,159151,"GEAR AID Zipper Wax and Lubricant Stick for Drysuits and Wetsuits, 4.5g",,,0021563271102,yes
255343573163,SON-GOLDMAT-GP-SB35-MAT-AMZ-HPN,15913,"SE GP-SB35-MAT Prospector's Choice 10""x27"" Trimmable Riffled Sluice Box Matting",,,,no
256264332056,MCN-GAMEAACCRA-3PC-SML-CLR-PARENT,36120,"GEAR AID Aquaseal FD Flexible Durable Repair Adhesive, Cure Accelerator, 0.75 oz",,,,yes
256264332056,MCN-GAMEAACCRA-3PC-SML-CLR-1,36120,"GEAR AID Aquaseal FD Flexible Durable Repair Adhesive, Cure Accelerator, 0.75 oz",Style,,021563111101,yes
256264332056,MCN-GAMEAACCRA-3PC-SML-CLR-1-2PK,36120,"GEAR AID Aquaseal FD Flexible Durable Repair Adhesive, Cure Accelerator, 0.75 oz",Style,,215631525727,yes
256519121557,SON-WATERPROOF-NOTEBOOK,8504,"Waterproof Field Notebook Pocket Size 3x5 with Pencil 50 Sheet Outdoor Pad",,,706569089806,yes
256519121588,SON-WATERPROOF-NOTEBOOK-IR-TT,20164,"ASR Outdoor Waterproof Notebook Memo Pad with Pencil",,,,yes
255290973091,SON-GOLDSANDSCOOP-BLACK-HPNR,163824,"SE GP3-SS20 Black Prospector's Choice Plastic Sand Scoop For Metal Detecting",,,706569090055,yes
256519595025,SON-GOLDKITCOP-7PC-KIT-EBAY-HPN,15913,"7pc Beginner Gold Panning Kit with 1/2 Classifier Screen, Gold Pan, Snuffer",,,,no
254913999821,SON-7DCFFS6DG-6PC-7E-RD,178974,"Diamond Coated Flat File Set 6 Different Grits 7""",,,706569024449,yes
256523255142,MCN-GAMEAACCRA-3PC-SML-CLR,8504,"Gear Aid Aquaseal Cotol-240 Combo Urethane Repair Adhesive and Cure Accelerator",,,021563111149,yes
255353500529,MCN-GARDWR-169OZ-36226,8504,"GEAR AID Revivex Durable Water Repellent (DWR) Spray for Reproofing Jackets",,,021563362268,yes
255457181082,MCN-SEAMGRIPWP-PARENT,36120,"GEAR AID Seam Grip Waterproof Sealant Adhesive for Tents, Outdoors, Clear, 1 oz",,,,yes
255457181082,MCN-GASG1OZGRT-1OZT-CLR,36120,"GEAR AID Seam Grip Waterproof Sealant Adhesive for Tents, Outdoors, Clear, 1 oz",Style,,021563105100,yes
255457181082,MCN-GASG1OZGRT-1OZT-CLR-2PK,36120,"GEAR AID Seam Grip Waterproof Sealant Adhesive for Tents, Outdoors, Clear, 1 oz",Style,,215631660190,yes
255457181082,MCN-GASG1OZGRT-1OZT-CLR-3PK,36120,"GEAR AID Seam Grip Waterproof Sealant Adhesive for Tents, Outdoors, Clear, 1 oz",Style,,215631588838,yes
254847472929,MCN-SCNRKFDGWPAB-2OZ-BLCK,29574,"GEAR AID Aquaseal NEO Contact Cement for Neoprene and Wetsuit Repair, 1.5 fl oz",,,0021563141108,yes
256525915552,UPD-INCRED-2-STATIONERY-9PC,261068,"Disney Pixar Incredibles 2 9 pc Stationary Set UPD-INCRED-2-STATIONERY-9PC",,,077764285288,yes
256525915558,SON-15IFSCFNP-15-ORNG,88433,"Heavy Duty Flat Nail Puller Forged Steel Cats Paw Carpenters 15 Inches",,,706569071580,yes
256525915570,ASR-ASROUTDOORBLACKSTRETCH,36120,"Black Stretch Cord Utility Tie with Black Ball - 100 Pack",,,,yes
256525915604,SON-5INFOLDINGKNIFE-BLK,48818,"Thumb Assisted Folding Knife Belt Clip Seat Belt Cutter Window Punch",,,,no
256525915613,SON-20ITLWAC-10PC-STD-RD,88433,"10pc Insulated Test Lead with Alligator Clips Set 20 Inch",,,706569043136,yes
256525915628,SON-AO15IPHCT-15-CHRM,8504,"Metalworking Ceramic Crucible Tongs Melt Precious Metals 15 Inch",,,706569072785,yes
256525915629,SON-DBSRT40G-50PC-STD-YLLW,50382,"SE 8235DD4 Diamond Burr Set 46 Grit, 50-Piece",,,706569041835,yes
256525915632,SON-PAKAWOODKNIFE-3IN,7306,"Paka Wood Pocket Knife Folding Blade 440 Stainless Steel Clip Point",,,706569521207,yes
256525915634,SON-SSSWCTS-7PC,183319,"Spatula Wax Carver Ceramic Pottery Double Ended Tool Set for Crafts Sewing 7pc",,,706569003840,yes
256525915637,CARABINER-JUMBO-GREEN,13362,"Jumbo Aluminum Utility Carabiner With Grip - Green 7 Inch",,,706569073263,yes
256525915640,SON-5INFOLDINGKNIFE-SLV,48818,"Thumb Assisted Folding Knife Belt Clip Seat Belt Cutter Punch Silver",,,,no
256525915643,SON-COLLAPSBUCKET-10L-OD-CB10L,163824,"ASR Outdoor Large Collapsible 10L Bucket Water Container Gold Panning Bucket",,,810058486134,yes
256525915648,SON-UDRTASSPC-228PC-MTL,260207,"228pc Universal Deluxe Rotary Tool Accessory Set for Sanding Polishing Cutting",,,753951452625,yes
256525915652,FLL-HNHSTBAT,177887,"Flatline Ops Nylon Hanging Strap Bag Attachment Snap Hook (Tan)",,,123340096226,yes
256525915653,LST-PICNICFOOD-XJ330Z-8,158746,"Kidplokio Kids Pretend Play Food Set Fun Picnic Plastic Food Utensils Assorted,",,,810058484802,yes
256525915654,SON-FOLDINGSLUICEBOXBACKPACK-BUN,15913,"ASR Outdoor 2pc Portable Sluice Box with Gold Panning Backpack Combo Set - Black",,,,no
256525915656,PARANECK-KNIFE-NEONGREEN,310,"ASR Tactical 6"" Survival Knife with Sheath 550 Paracord Wrapped Handle Full",,,823564581255,yes
256525915657,SON-TDFS-10PC-55L-SLVR,178974,"Professional Quality Tapered Diamond File Assorted Grits 10 Piece Set",,,706569742640,yes
256525915660,SON-DHCSDBS-6PC,50382,"Diamond Drill Bit Hole Saw Set Core 5/32 - 1/2"" Tile Glass Marble - 6pc",,,706569050424,yes
256525915661,SON-GRAPHITECRUCIBLES-PARENT,31726,"Universal Tool Graphite Crucible for Melting Gold and Silver (Many Sizes)",,,,yes
256525915661,SON-GRAPHITECRUCIBLE-2375,31726,"Universal Tool Graphite Crucible for Melting Gold and Silver (Many Sizes)","Model; MPN; Size",,706569072655,yes
256525915661,SON-UTGCFGM15B15I-15X15-CHRCL,31726,"Universal Tool Graphite Crucible for Melting Gold and Silver (Many Sizes)","Model; MPN; Size",,706569072617,yes
256525915661,SON-UTGCFGM25B25I-25X25-CHRCL,31726,"Universal Tool Graphite Crucible for Melting Gold and Silver (Many Sizes)","Model; MPN; Size",,706569072662,yes
256525915661,SON-UTGCFGM25B65I-25X65-CHRCL,31726,"Universal Tool Graphite Crucible for Melting Gold and Silver (Many Sizes)","Model; MPN; Size",,706569072570,yes
256525915661,SON-UTGCFGM25BI-25X5-CHRCL,31726,"Universal Tool Graphite Crucible for Melting Gold and Silver (Many Sizes)","Model; MPN; Size",,706569072563,yes
256525915661,SON-UTGCFGM2B2I-2X2-CHRCL,31726,"Universal Tool Graphite Crucible for Melting Gold and Silver (Many Sizes)","Model; MPN; Size",,706569072631,yes
256525915662,SON-AO85IGPSSFGP-SCOOP-LG-GRNE,15913,"Green Sifting Sand Scoop w/ Holes Plastic Beach Hand Trowel for Metal Detecting",,,,no
256525915668,SON-6IBSPSSS-6-SLVR,28171,"Stainless Steel Scissors Heavy Duty 6 inch Blade Blunt Tip",,,706569070569,yes
256525915669,COLLAPSIBLE-WATER-CARRIER-5-GALLON,181409,"Collapsible Water Storage Carrier with Handle 5 Gallon",,,706569089837,yes
256525915671,SON-GR4XTVCSACK-5PC-SML-BLCK,11704,"ASR Outdoor Prospecting Magnifying Tweezer & Vial Kit - 4x Magnification",,,706569684605,yes
256525915678,MCNETT-MICROTERRY-TOWEL-4009-BUN-1,181398,"GEAR AID Quick Dry Microfiber Towel for Travel, Camping, OD Green, XL, 35"" x 62""",,,215631389756,yes
256525915681,MCN-PCXHD-1100-BLCK-RFLCT-100FT-BUN,181413,"Gear Aid Paracord and Carabiner 5.5 mm Heavy-Duty Cord for Camping - 100 Feet",,,810058487261,yes
256525915682,SON-12X36IGMMSBM-12X36-GRY-SM-4,15913,"12x36in Grey Miners Moss 10mm Thick Sluice Box Matting Gold Prospecting",,,,no
256525915684,SON-HALSAST40I34WB-2PC-40-BLCK,75564,"Hook and Loop Self Adhesive Sewing Tape 40 Inch 3/4 Wide for Arts Crafts - Black",,,706569055290,yes
256525915685,SON-ABCBFER-SML-SLVR,50602,"Assorted Button Cell Batteries for Electronic Repairs 30 Piece",,,0706569049800,yes
256525915687,SON-CHASHING-HAMMER-8331JH,183133,"Home Hobby Chasing & Goldsmith Hammer",,,706569088922,yes
256525915688,SON-AOMDBWSB-17X125-BLCK,87122,"Black Drawstring Security Strings Bag with Stopper",,,706569087130,yes
256525915691,SON-UT12IPT-LG-BL-2,183235,"Paper Trimmer 12 Inch Cutting Board Magnetic with Grid Guide Base",,,706569048971,yes
256525915695,SON-PARACORDBRACELETKIT-1OPC,181413,"Assorted Camo Design Paracord Bracelet Kit with Buckles 10ft Each",,,706569092455,yes
256525915696,SON-UTPSCRASIWB-LG-TN,260207,"100pc Polish Sand Cut Rotary Accessory Set in Wooden Box",,,706569960532,yes
256525915701,SON-DHDCUT-2PC-4-SLVR,75236,"7 Function Deluxe Heavy Duty Camping Utensil Multi Tool",,,0706569048803,yes
256525915704,SON-ABSAS-15PC-A-BLCK,57209,"Artist Painting Brushes Set Assorted Sizes 15pc",,,706569302516,yes
256525915705,SON-HDLHPS-6PC-C-SLVR,50380,"Universal Heavy Duty Leather Hollow Punch Set - 6pc",,,0186001948913,yes
256525915707,MCN-GATTMRPBAC-6PC-BLK,177895,"Tenacious Tape Fabric Repair Mini Patches Outdoor Hiking - Black",,,766359242118,yes
256525915710,SON-HDASB-MED-BL,50602,"4pk Heavy Duty AA Steadfast Batteries",,,706569463446,yes
256525915709,KOL-BARBIE-STAR-EARRINGS-PC316,19172,"Barbie Gold Star Earrings",,,060886186649,yes
256525915714,SON-MULTI-COLOR-HEADLAMP-FL8219-5,106984,"Multi Color Outdoor 4 in 1 Head Lamp - 350 Lumen",,,706569093186,yes
256525915716,SON-GOLDSANDSCOOP-ORANGE-HPNR,163824,"SE GP3-SS20 Orange Prospector's Choice Plastic Sand Scoop For Metal Detecting",,,706569090062,yes
256525915721,SON-PHWWKS-16PC-STD-BL,75564,"Hobby Knife Precision Set for Cutting Sculpting Craft Hobby& DIY - 3 Handles &",,,706569813753,yes
256525915723,SON-35ISTSSSTS-35-SLVR,28171,"Tailors Stork Craft Scissors Straight Sharp Tip - 3.5 inch",,,706569070583,yes
256525915724,UNV-UHAOUKK-BUN-6PK-S-ASSRTD,39057,"6 Pack Utility Knives Home and Office Razor Blades",,,829147663110,yes
256525915725,SON-UT22KGMS-3625L-BLCK,31726,"22K Gold Marking Stamp for Jewelry Metalworking Arts and Crafts",,,706569067293,yes
256525915727,SON-ADTMGBKC-SML-ASSRTD,156462,"Aluminum Dog Tags Engraveable Blank Key Chains Military Identification",,,,no
256525915728,SON-AOSBFS-10-BLCK,117141,"Single Band Folding Slingshot Molded Grip Leather Pouch",,,0706569014341,yes
256525915731,SON-DIAMONDHOLESAW-80GRT,122838,"SE DH09HS Diamond Hole Saw Set (10 Pc.)",,,706569092165,yes
256525915734,ASR-ASROUTDOORGREENGLOW,159091,"ASR Outdoor Green Glow Sticks - 3 Pack",,,706569058864,yes
256525915735,NPT-ASTKUNAI-6PC,73522,"ASR Outdoor 6 Piece 6.5 Inch Ninja Kunai Set Assorted Colors With Sheath Set",,,,no
256525915736,SON-HHMHDSS4XM-5X3X25,262020,"Helping Hand Magnifier Heavy Duty Soldering Station - 4x Magnification",,,706569082920,yes
256525915737,SON-HSSSBAM-2PC-SLVR,122838,"2pc Mini High Speed Steel Saw Blade And Mandrel 1/4 Inch Arbor Size .8mm",,,706569759457,yes
256525915740,SON-3IN1CAMP-UTENSIL-2PK,87133,"ASR Outdoor (2-Pack) Camping Utensil Set Army Military MRE Chow Set",,,855569004781,yes
256525915744,SON-GRCSS20HPSI-6-GRN,15913,"ASR Outdoor 6"" Inch Mini Gold Panning Classifier Sift 20 Holes per Square Inch",,,,no
256525915738,SON-ROTARY-TOOL-KIT-RA9276,262020,"Universal Hobby Rotary Tool Set w/ Revolving Stand - 276pc",,,706569093094,yes
256525915745,UPD-PRINCESSHAIRBACKPACK-SM,19172,"Disney Princess Girls Deluxe Hair Accessory Backpack Set - Pink",,,807716673500,yes
256525915747,SON-POCKETKNIFE-BLK,178084,"Folding Pocket Knife Drop Point Blade with Pouch",,,706569075311,yes
256525915748,SON-45IPT-45-SLVR-2,31726,"4 Prong Metal Pick-Up Tool Hobby Crafts Jewelry Making with Case 4.5 Inch",,,706569860788,yes
256525915753,NPT-BEARKNIFE-BLACK,73522,"ASR Outdoor Collectible Dagger Bowie Knife Etched Bear Sheath Ergonomic Handle",,,,no
256525915756,SON-DKBSBS-3PC-SML-ASSRTD,116005,"Universal Diamond Knife and Blade Sharpening Block Set 3 Piece",,,,yes
256525915757,SON-WRRFSDE175MM-10PC-SML-SLVR,178974,"Wood Rasp Coarse Cut Riffler File Set Double Ended Bearing Steel 175mm 10pc",,,706569001723,yes
256525915759,SON-PLASTICDROPPERS-50PACK-BUN,15913,"ASR Outdoor 50 Pack 3ml 5.5"" Inch Pipette Droppers for Gold Panning Dredging",,,,no
256525915760,XGI-URBANPLAYMAT-POLICE-KP-IH,19100,"Kidplokio 8pc Urban City Police Friction Powered Toy Cars with Play Mat, Blue,",,,810058480279,yes
256525915776,SON-JEL14XMFPHCP-14X-BLCK,262020,"Jewelers Eye Loupe 14X Magnification for Precision Hobby Arts and Craft Projects",,,706569122640,yes
256525915777,SON-AOBCP-SML-RD,163824,"ASR Outdoor Brass Probe Tool",,,706569080674,yes
256525915779,4SN-BLACKKNIFESET-4PC,177005,"Universal Home 4-piece Black Kitchen Knife Set",,,795229955858,yes
256525915780,NPT-BLKKNIFE-HWT258RW,179793,"ASR Tactical Full Tang Clip Point Blade Slim Kydex Sheath Hook Handle - Rainbow",,,810058484116,yes
256525915782,SON-OEHWPASBC-2,20763,"Orange Emergency Hammer Window Punch and Seat Belt Cutter",,,752416095636,yes
256525915783,SVT-SOUTHWESTSOCKS-BLU,181362,"Crew Socks One Size Fits Most Southwest Pattern Blue",,,757347501966,yes
256525915787,SON-500-LUMEN-WORKLIGHT,183904,"Multipurpose Emergency Work Light - 500 Lumen 5w COB 12SMD",,,060886899808,yes
256525915790,SON-AO10IBGRGTGPDR-10-BL,15913,"Blue 10 Inch Gold Mining Pan for Gold Prospecting 2 Riffle Types",,,,no
256525915798,SON-BEADCRIMPPLIER-BLUE,134765,"Universal Hobby Mini Bead Crimping Pliers Carbon Steel Jewelry Making Tool",,,706569088823,yes
256525915800,NPT-8INPOCKETKNIFE-EAG,7306,"ASR Outdoor 8"" Eagle Head Pocket Knife",,,657040639853,yes
256525915802,SON-JEWELERSSAWBLADES04-144PK,122838,"Premium Jewelers Saw Blades 0/4 Size - 144pc Set",,,706569058574,yes
256525915806,NPT-EMSPOCKETKNIFE-ORG,75236,"ASR Outdoor 8"" Pocket Knife - Orange",,,608866650744,yes
256525915807,SON-J65XCKCWHGB-XL-BL-2,3628,"ASR Outdoor Jumbo Carabiner - 6.5"" Dark Blue",,,,no
256525915808,SON-SFKFHSS-P-GRY,66826,"Small Field Knife Pocket Fishing Tackle Box Grooved Angle Sharpening Stone",,,706569063813,yes
256525915818,SON-53HSSDB116IS-10PC-5316-SLVR,50382,"High Speed Steel Drill Bits 1/16 Inch Shank #53 10pc",,,706569825343,yes
256525915822,SON-BFTOU-MED-BLCK,20725,"BBQ Fork Telescoping 2 Prong Cooking Utensil - Camping Accessories",,,706569072761,yes
256525915826,SON-LSTTSWC1210A8I-4PC-14X4X25-SLVR,23782,"Serrated Tweezer Tong Set with Case- 12, 10, and 8 Inch 3pc Large",,,706569017687,yes
256525915827,SON-EXTEND-FLYSWATTER-ASSRT,181042,"Extendable Fly Swatter Durable Telescopic Pole Anti Slip",,,706569071825,yes
256525915831,HWK-TBPHDPSLFHAN-9P-PNK,42362,"9 Pocket Tool Belt Pouch Heavy Duty Suede Leather For Hammer Nails, Pink",,,191721514614,yes
256525915833,SON-AO125IBPSSFGP-LG-BL,88433,"Sand Scooper Heavy Duty Plastic for Metal Detecting 12.5 Inch Blue",,,706569081800,yes
256525915836,ASR-15PC-3LB-PAYDIRT-ALUMINUM,15913,"ASR Outdoor 3lb Paydirt Backpack Gold Panning Kit Mini Auminum Sluice Box, 15pc",,,,no
256525915844,SON-J65XCKCWHGCS-XL-SLVR-3,50814,"ASR Outdoor Jumbo Carabiner - Chrome Silver",,,706569073263,yes
256525915848,SON-LIGHT-FL8825-12COB,159092,"COB LED Circular Lighting Module - 12 Bulb 240 Lumen",,,706569092066,yes
256525915849,NPT-HDCAHWSB-2PC-STD-BLCK,75234,"ASR Outdoor Heavy Duty Camp Axe Hatchet with Sheath- Survival Prep",,,151288531745,yes
256525915851,SON-EXTEND-FLYSWATTER-RED,181042,"Extendable Fly Swatter - Durable Telescopic Pole-Anti Slip- Red",,,706569071825,yes
256525915852,SON-POCKET-KNIFE-KFD702,48818,"ASR Outdoor 3.75 Inch Black Aluminium Body Pocket Knife",,,,no
256525915854,ASR-EDACS-BUN-3PC-MED-BNDL,73522,"Bald Eagle Dagger 3pc American Flag Knife Collector Set",,,,no
256525915855,SON-57HSSDB116IS-10PC-5716-SLVR,50382,"High Speed Steel Drill Bits 1/16 Inch Shank 10pc 57",,,706569825749,yes
256525915860,SON-BLACKSTRETCHBALLS-100PK-8IN,85917,"Black Stretch Cord with Black Ball 8 Inch Length - 100 Pack",,,706569037135,yes
256525915861,LST-KPKO-DANCEDINO-JQ2210-GRN,84912,"Kidplokio RC Remote Control Dinosaur T Rex Toys for Boys, LED Lights Sounds,",,,810058481849,yes
256525915863,SON-AO155IMWSAH-155-BLCK-WSH,42576,"Stainless Steel Machete 15.5 Inch Serrated Blade Paracord Handle",,,706569075564,yes
256525915864,SON-MSPT-8LBS,262020,"Magnetic Separator Pick Up Tool Industrial Quality 8 lbs Quick Release Handle -",,,0706569068115,yes
256525915865,SON-ZAPPER-MP-4BL,168867,"Water Proof Camping Rechargable 360 Degree Bug Zapper Lantern",,,706569093247,yes
256525915867,NPT-OPENRESCUEKNIFE-SILVER,48818,"ASR Outdoor 8.25 Inch Rescue Knife with Belt Clip Seat Belt Cutter",,,,no
256494150722,MET-WETSUITSHAMPOO-ODOR-BUN,29574,"GEAR AID Wetsuit Cleaner and Conditioner for Neoprene, Concentrated, Odor Kit",,,021563301410,yes
256525915869,MCN-WILDERNESSTRAVELGUIDE,75035,"Gear Aid Wilderness Travel Medicine Emergency Guide",,,140381825196,yes
256525915872,SON-15CPHTFMM-MED-BRWN,20661,"Hardwood Handled 15"" Goldsmith Crucible Pot Holder With Adjustable Steel Tongs",,,706569072785,yes
256525915874,UPD-MICKEY-JUMP-ROPE,62134,"Disney Kids Jump Rope - Mickey Mouse Roadsters",,,,yes
256525915879,SON-FFKWSAFH6I-2PC-6,159926,"Fishing Fillet Knife with Sheath and Floating Handle for Outdoor Sports - 6 Inch",,,706569532135,yes
256525915880,SON-PWCCS-13PC-STD-BLCK,178972,"12pc Professional Wood Carving Chisel Set Various Blades Woodworking Clay and",,,706569628005,yes
256525915882,SON-NECKKNIFE-BLU,75235,"Fixed Blade Tanto Point Hunting Neck Knife - Blue 4 Inch",,,706569090550,yes
256525915885,SON-5FT60IRTSMT,28171,"Retractable Sewing Tape Measure 60 inch Tailor Seamstress Accessory",,,706569013405,yes
256525915894,ASR-ETB84X-BUN-24PK-84X52-SLVR,181415,"(24 Pack) Emergency Blanket Insulated Thermal Reflector Retains Body Heat",,,820307946241,yes
256525915895,SON-CEGRKCFFAKOG-11PC-SML-CLR,117039,"Compact Eye Glass Repair Case Kit 11pc",,,706569758177,yes
256525915897,SON-RSSWMB-16PC-65X5X5E-2,42255,"16pc Ratchet Screwdriver Grip Handle Set with Magnetized Bits",,,127394734509,yes
256525915902,SON-SSMFUPKWCP-2PC,75236,"Multi Function Stainless Steel Utility Pocket Knife w/ Carrying Pouch",,,706569006599,yes
256525915904,SON-FLEXIDUSTER-GRN,29509,"Extendable Flexible Feather Duster For Home And Office Cleaning - Green",,,706569073423,yes
256525915906,SON-PWCCS-13PC-STD-BLCK-BUN-TT,13871,"ToolTreaux Woodcarving Chisel Set Professional Craft and Hobby Tools - 12 Pieces",,,,no
256525915907,UNV-URCHCTFTW6EB-BUN-4PK-8,101915,"Unisex Razor Comb Home Hair Cut Thinning Feathering Trimming 6 Extra Blades 4pk",,,706569310030,yes
256525915909,DOY-WILD-ANIMAL-DAGGER-SET-BNDLE,73522,"3pc Fantasy Dragon Dagger Set Medieval Decorative Knife Collectible Display",,,,no
256525915914,SON-12X36IGMMSBM-12X36-GRN-SM-3,15913,"12x36in Green Miners Moss 10mm Thick Sluice Box Matting Gold Prospecting",,,,no
256525915915,MCN-GATTMRPC-6PC-3X5-CLR,8504,"Tenacious Tape Mini Repair Patches Technical Camping and Hiking - Clear",,,606017437374,yes
256525915928,SON-STONEHAMMER-10IN-HPNR,20763,"SE 8372SH Stone Hammer, 10""",,,,yes
256525915929,MCN-MGAUSS7STRAND-15-MCH,8504,"Gear Aid Ultra Strong 7-Strand 550 Paracord for Outdoor Camping Hiking Survival",,,021563307764,yes
256525922766,CARABINER-JUMBO-PINK,13362,"Jumbo Aluminum Utility Carabiner With Grip - Pink 7 Inch",,,706569073263,yes
256525922794,SON-AO125IGPSSFGP-LG-GRN,88433,"Sand Scooper Heavy Duty Plastic for Metal Detecting 12.5 Inch Green",,,706569081817,yes
256525922804,SON-GOLDS-LARGE-SCOOP-BLK,15913,"Large Sifting Sand Scoop w/ Holes Plastic Beach Hand Trowel for Metal Detecting",,,,no
256525927096,CARABINER-JUMBO-SILVER,13362,"Jumbo Aluminum Utility Carabiner With Grip - Silver 7 Inch",,,706569073263,yes
256525927112,SON-GOLDS-LARGE-SCOOP-ORNG,15913,"Large Sifting Scoop Pay Dirt Hand Trowel for Gold Panning - Orange",,,,no
256525927147,SON-AO125IGPSSFGP-LG-ORG,15913,"ASR Outdoor 12.5 Inch Orange Heavy Duty Plastic Gold Panning Sand Scoop",,,,no
255033244446,SON-CKK12ITSHSR-12E-SLVR,116005,"Chefs Kitchen Home Knife Sharpening T13 Steel Rod Industrial Grade - 12 inch",,,879645135244,yes
256526374819,ASR-GRIPREDKEEPSPORTING,45237,"Jumbo 6.5 Inch Carabiner Key Chain with Grip - 2 Pack Black and Silver",,,706569073263,yes
256526374832,CARABINER-JUMBO-BLACK,13362,"Jumbo Aluminum Utility Carabiner with Grip - Black 7 Inch",,,706569073263,yes
256495157311,MCN-MTCARTRC-5FT-CLR-PARENT,36120,"GEAR AID Tenacious Tape Repair for Tents and Vinyl, Clear Roll, 1.5""x 60""",,,,yes
256495157311,MCN-MTCARTRC-5FT-CLR,36120,"GEAR AID Tenacious Tape Repair for Tents and Vinyl, Clear Roll, 1.5""x 60""",Style,,021563107708,yes
256495157311,MCN-MTCARTRC-5FT-CLR-2PK,36120,"GEAR AID Tenacious Tape Repair for Tents and Vinyl, Clear Roll, 1.5""x 60""",Style,,021563153118,yes
256462817220,SON-GOLDMAT-GP-SB35-MAT,26261,"ASR Outdoor Riffled Rubber Sluice Box Matting. 27"" x 10""",,,706569093100,yes
256462817259,SON-11ISCCMTWCC-20PC-SML-SLVR,75236,"11 Function Credit Card Sized Multi-tool - 20 Pack",,,706569071566,yes
256462817275,SON-TCFPKCB12IX15I-BUN-2PC-2PK-CLR-4PACK,46282,"Thin Clear Flexible Plastic Kitchen Cutting Board 12 Inch x 15 Inch (4 Pack)",,,706569062052,yes
256462820576,CARABINER-JUMBO-BLUE,13362,"Jumbo Aluminum Utility Carabiner With Grip - Blue 7 Inch",,,706569073263,yes
256462854889,SON-AO155IMWSAH-155-BLCK-2,73522,"ASR Outdoor Stainless Steel Machete 15.5 Inch Serrated Blade Paracord Handle",,,,no
256462854948,SON-POCKETSLUICEBOX-GRN,15913,"ASR Outdoor 12"" Pocket Sluice Box Gold Prospecting Fine Gold Recovery Equipment",,,,no
256462854977,SON-STEELDIGGER-GRN,15913,"ASR Outdoor 13"" Inch Steel Gold Panning Trowel Digger Pay Dirt",,,,no
256496193766,SON-20OZERPMH-STD,20763,"Gold Rush Prospecting Ergonomic 20oz Rock Pick Mining Hammer",,,706569061444,yes
256201111293,MCN-GARDWP10OZ-10OZ-CLR-3,310,"GEAR AID Revivex Durable Water Repellent Spray for Reproofing Jackets, 10.5 oz",,,021563362213,yes
256529646593,MCN-BURIDIVEKNIFE-PARENT,75235,"GEAR AID Buri Drop Point Knife with Sheath, 3"" Blade, Orange/Black",,,,yes
256529646593,MCN-BURIDIVEKNIFE-ORG-HPN-1,75235,"GEAR AID Buri Drop Point Knife with Sheath, 3"" Blade, Orange/Black",Color,,021563620559,yes
256529646593,MCN-BURIDIVEKNIFE-BLK-HPN-1,75235,"GEAR AID Buri Drop Point Knife with Sheath, 3"" Blade, Orange/Black",Color,,021563620504,yes
256529104112,MCN-GARSOWFP4OZ-4OZ,8504,"GEAR AID Revivex Suede Protector, Water Repellent for Shoe, Boots, 4 fl oz",,,021563362701,yes
256277420435,SON-AO8IBGRGTGP-8-BLCK1,15913,"Black 8 Inch Gold Mining Pan for Gold Prospecting 2 Riffle Types",,,,no
254735959828,MCN-AQUASEAL-PARENT,29574,"GEAR AID Aquaseal FD Flexible Repair Adhesive for Outdoor Gear and Vinyl, Clear",,,,yes
254735959828,MCN-GAAUAS-34OZ-CLR,29574,"GEAR AID Aquaseal FD Flexible Repair Adhesive for Outdoor Gear and Vinyl, Clear",Size,,021563101102,yes
254735959828,MCN-GAAUAS-34OZ-CLR-2PK,29574,"GEAR AID Aquaseal FD Flexible Repair Adhesive for Outdoor Gear and Vinyl, Clear",Size,,021563101133,yes
254735959828,MCN-MGAA8OZWGRA-8OZ-CLR,29574,"GEAR AID Aquaseal FD Flexible Repair Adhesive for Outdoor Gear and Vinyl, Clear",Size,,021563107142,yes
254735968039,MCN-TENACIOUSTAPE-PARENT-AMZ,36120,"GEAR AID Tenacious Tape Ripstop Nylon Repair Tape for Fabric and Vinyl, 3"" x 20""",,,,yes
254735968039,MCN-2PK-TTAPE-CLR-HVAR-AMZ,36120,"GEAR AID Tenacious Tape Ripstop Nylon Repair Tape for Fabric and Vinyl, 3"" x 20""","Color; Size",,021563106466,yes
254735968039,MCN-GATTCRRATP-C-CLR-AMZ,36120,"GEAR AID Tenacious Tape Ripstop Nylon Repair Tape for Fabric and Vinyl, 3"" x 20""","Color; Size",,021563106916,yes
254735968039,MCN-GATTFRTP-20X3-PLTNM-AMZ,36120,"GEAR AID Tenacious Tape Ripstop Nylon Repair Tape for Fabric and Vinyl, 3"" x 20""","Color; Size",,021563106961,yes
254735968039,MCN-TTAPE-PLTNM-2PK-HVAR-AMZ,36120,"GEAR AID Tenacious Tape Ripstop Nylon Repair Tape for Fabric and Vinyl, 3"" x 20""","Color; Size",,021563808704,yes
254735968039,MCN-TTAPE-COYOTE-1PK-10667-EBAY,36120,"GEAR AID Tenacious Tape Ripstop Nylon Repair Tape for Fabric and Vinyl, 3"" x 20""","Color; Size",,021563106671,yes
254735968039,MCN-TTAPE-OD-GREEN-1PK-10668-EBAY,36120,"GEAR AID Tenacious Tape Ripstop Nylon Repair Tape for Fabric and Vinyl, 3"" x 20""","Color; Size",,021563106688,yes
254735968039,MCN-TTAPE-COYOTE-1PK-10667-EBAY-2PK,36120,"GEAR AID Tenacious Tape Ripstop Nylon Repair Tape for Fabric and Vinyl, 3"" x 20""","Color; Size",,021563106671,yes
254735968039,MCN-TTAPE-OD-GREEN-1PK-10668-EBAY-2PK,36120,"GEAR AID Tenacious Tape Ripstop Nylon Repair Tape for Fabric and Vinyl, 3"" x 20""","Color; Size",,021563106688,yes
254735968039,MCN-TTAPE-20X3-SAGEGRN-AMZ,36120,"GEAR AID Tenacious Tape Ripstop Nylon Repair Tape for Fabric and Vinyl, 3"" x 20""","Color; Size",,021563106954,yes
254735968039,MCN-TTAPE-SGR-2PK-HPN-AMZ,36120,"GEAR AID Tenacious Tape Ripstop Nylon Repair Tape for Fabric and Vinyl, 3"" x 20""","Color; Size",,021563106954,yes
254735968039,MCN-GATTFRTB-SML-BLCK-AMZ,36120,"GEAR AID Tenacious Tape Ripstop Nylon Repair Tape for Fabric and Vinyl, 3"" x 20""","Color; Size",,021563106893,yes
254735968039,MCN-BLCK-TTAPE-2PK-AMZ,36120,"GEAR AID Tenacious Tape Ripstop Nylon Repair Tape for Fabric and Vinyl, 3"" x 20""","Color; Size",,021563106893,yes
254735968039,MCN-MTCARTR-STD-RD-2-AMZ,36120,"GEAR AID Tenacious Tape Ripstop Nylon Repair Tape for Fabric and Vinyl, 3"" x 20""","Color; Size",,021563106879,yes
254735968039,MCN-MTCARTY-STD-YLLW-2-AMZ,36120,"GEAR AID Tenacious Tape Ripstop Nylon Repair Tape for Fabric and Vinyl, 3"" x 20""","Color; Size",,021563106510,yes
254735968039,MCN-TTAPE-ORG-1PK-AMZ,36120,"GEAR AID Tenacious Tape Ripstop Nylon Repair Tape for Fabric and Vinyl, 3"" x 20""","Color; Size",,021563106787,yes
254735968039,MCN-TTAPE-ORG-2PK-AMZ,36120,"GEAR AID Tenacious Tape Ripstop Nylon Repair Tape for Fabric and Vinyl, 3"" x 20""","Color; Size",,021563106794,yes
254735968039,MCN-TTAPE-RED-2PK-HPN-AMZ,36120,"GEAR AID Tenacious Tape Ripstop Nylon Repair Tape for Fabric and Vinyl, 3"" x 20""","Color; Size",,021563106879,yes
254735968039,MCN-YELLOWTTAPE-2PACK-AMZ,36120,"GEAR AID Tenacious Tape Ripstop Nylon Repair Tape for Fabric and Vinyl, 3"" x 20""","Color; Size",,021563106862,yes
254735978393,MCN-FSABRA-1OZ-CLR-PARENT,106124,"GEAR AID Aquaseal SR Shoe and Boot Repair Adhesive, Clear Glue, 1 oz",,,,yes
254735978393,MCN-FSABRA-1OZ-CLR,106124,"GEAR AID Aquaseal SR Shoe and Boot Repair Adhesive, Clear Glue, 1 oz",Style,,021563104103,yes
254735978393,MCN-FSABRA-1OZ-CLR-2PK,106124,"GEAR AID Aquaseal SR Shoe and Boot Repair Adhesive, Clear Glue, 1 oz",Style,,215631554666,yes
254735978393,MCN-FSABRA-1OZ-CLR-3PK,106124,"GEAR AID Aquaseal SR Shoe and Boot Repair Adhesive, Clear Glue, 1 oz",Style,,215631063502,yes
256500167211,SON-3IN1CUSKFS-3PC-ONE-SLVR,87133,"Camping Utensil Set Knife Fork Spoon",,,706569062588,yes
256329855168,SON-AO14IBGRGTGP-12-BL,15913,"Blue 14 Inch Gold Mining Pan for Gold Prospecting 2 Riffle Types",,,,no
256468957823,SON-PARACORD-PARENT,181413,"ASR Outdoor Survival Paracord Rope 100ft (10 Colors)",,,,yes
256468957823,SON-100FTGNGPR550LBS-100FT-NNGRN,181413,"ASR Outdoor Survival Paracord Rope 100ft (10 Colors)","Color; MPN",,706569075281,yes
256468957823,SON-PARACORD-100-7-GREY,181413,"ASR Outdoor Survival Paracord Rope 100ft (10 Colors)","Color; MPN",,706569091779,yes
256468957823,SON-PARACORD-100-7-KHAKI,181413,"ASR Outdoor Survival Paracord Rope 100ft (10 Colors)","Color; MPN",,706569091786,yes
256468957823,SON-PARACORD-100-7-TAN-CAMO,181413,"ASR Outdoor Survival Paracord Rope 100ft (10 Colors)","Color; MPN",,706569091816,yes
256470598809,SON-B14GRGTGP-14-BLCK,15913,"Gold Rush Gravity Trap Gold Pan High Impact Flexible Plastic - BLACK 14 inch",,,,no
256470598874,SON-CUTBRD12X15-VARZ-4PK,46282,"Thin Clear Flexible Cutting Board Chopping Mat - 12"" x 15"" (4 Pack)",,,706569062052,yes
256470598892,SON-G10GRGTGP-10-GRN,15913,"Green 10"" Gold Rush Gravity Trap Gold Pan - High Impact Plastic Mining Tool",,,,no
256470598910,SON-AOPMTSFGP-SML-GRY,15913,"Precious Metal Testing Stone for Gold Panning 2 Inch",,,,no
256470618737,ZKT-TKRHBCCFZ-SML-BLCK,52373,"Zak Tool ZT55-C Tactical Key Ring Holder Connector Clip for Law Enforcement",,,819673010373,yes
256470618745,MCN-REFLTTAPEPATCH-PARENT,36120,"GEAR AID Tenacious Tape Reflective Patches for Jackets, Outdoor Gear, Silver",,,,yes
256470618745,MCN-REFLTTAPEPATCH-GRY,36120,"GEAR AID Tenacious Tape Reflective Patches for Jackets, Outdoor Gear, Silver",Style,,0021563108972,yes
256470618745,MCN-REFLTTAPEPATCH-GRY-2PK,36120,"GEAR AID Tenacious Tape Reflective Patches for Jackets, Outdoor Gear, Silver",Style,,0021563108972,yes
257348082301,NPT-CHRKNIFE-HWT258CH,179793,"ASR Tactical Full Tang Clip Point Blade Slim Kydex Sheath Hook Handle - Chrome",,,810058480002,yes
256504787666,SON-URCHCTFTW6EB-8,101915,"Unisex Razor Comb Home Hair Cut Thinning Trimming with Extra Blades",,,706569310030,yes
256249413299,MCN-CAMOFORM-EBAY2-PARENT,177911,"GEAR AID Camo Form Self-Cling Reusable Camouflage Wrap 2"" x 144"", Various Colors",,,,yes
256249413299,MCN-MCFMOOSACGW-MSSYOKOBSSSN-E2,177911,"GEAR AID Camo Form Self-Cling Reusable Camouflage Wrap 2"" x 144"", Various Colors",Color,,021563195033,yes
256249413299,MCN-MTCFKHGW-STD-E2,177911,"GEAR AID Camo Form Self-Cling Reusable Camouflage Wrap 2"" x 144"", Various Colors",Color,,021563195507,yes
256249413299,MCN-MTCFRHDFWMOD-STD-CM-E2,177911,"GEAR AID Camo Form Self-Cling Reusable Camouflage Wrap 2"" x 144"", Various Colors",Color,,021563195026,yes
256249413299,MCN-MTPFWCFWD-STD-E2,177911,"GEAR AID Camo Form Self-Cling Reusable Camouflage Wrap 2"" x 144"", Various Colors",Color,,021563194128,yes
256249413299,MCN-MPCLAWFHAOSE-SML-PNK-2,177911,"GEAR AID Camo Form Self-Cling Reusable Camouflage Wrap 2"" x 144"", Various Colors",Color,,750643038099,yes
256249413299,MCN-MCFSRHDFW-STD-E2,177911,"GEAR AID Camo Form Self-Cling Reusable Camouflage Wrap 2"" x 144"", Various Colors",Color,,021563197013,yes
256249413299,MCN-MTCFRHFWDD-STD-DSRTDGTL-E2,177911,"GEAR AID Camo Form Self-Cling Reusable Camouflage Wrap 2"" x 144"", Various Colors",Color,,021563194135,yes
256249413299,MCN-MCFMCWRHDFW-STD-CM-E2,177911,"GEAR AID Camo Form Self-Cling Reusable Camouflage Wrap 2"" x 144"", Various Colors",Color,,021563194180,yes
256508244300,SON-RKBRPRBF8828HK-12PC-SML-SLVR,39057,"Razor Knife Blade Refill Pack Replacement Blades for 8828 Hobby Knife 10pc",,,075611882819,yes
256508244301,SON-TROWELKNEELINGPADCOMBO,75669,"Foam Kneeling Pad and Hand Trowel Shovel Outdoor Home Garden Combo Set",,,060886032274,yes
256508244302,SON-AOUFSVLG-ONE-GRN,88433,"Universal Fit Safety Vest High Visibility Lime Green Reflective",,,706569088540,yes
256508244303,MCN-WASHINREPELLENT-GALLON,8504,"GEAR AID Wash-in Water Repellent, Concentrated Formula for Outerwear, 1 Gallon",,,021563361704,yes
256508244305,SON-DOUBLEENDEDSTEELSPATULA,185171,"Double Ended Stainless Steel Spatula",,,791077445824,yes
256508244309,MCN-MOMUAQDGTNBX-2PC-35X62-NVYBL,40587,"Microfiber Ultra Absorbent Quick Dry Gym Towel Outdoor - Navy Blue XL",,,714094351213,yes
256508244319,SON-TS2ISSCS-6PC,20761,"ToolTreaux 2 Inch Metal Spring Heavy Duty Clamps Set Rubber Tipped Grip 6pc",,,640230649749,yes
256508244326,SON-AO6MMSSBBSS-6MM-CHRM,117141,"ASR Outdoor 6mm Sling Shot Ball Bearings Steel 50 Piece Set",,,060886894261,yes
256508244327,SON-WBSTAS-28PC-28PC-BRNZ,46413,"Wood Burning Wood Working and Assorted Soldering Tips Stencil Set Crafting 28pc",,,0671495062608,yes
256508244336,SON-82SSSS-BUN-HPN,43220,"Two Sided Knife Sharpener Sharpening Stone 8""",,,,no
256508244342,SON-TWEEZERSET-4PC,122718,"Universal Tool Stainless Steel Tweezer Set Assorted Tips Precision Tools - 4pc",,,060886967767,yes
256508244345,UNI-ZIP-CABLE-WHITE-4MM,181076,"Universal Utility Cable Zip Tie Cable White 4MM 100pk 12in",,,706569281248,yes
256508244347,SDT-HEAVYDUTYSTEADFASTBATTERIES,50602,"Heavy Duty AA Steadfast Batteries - 12 Pack",,,111135357201,yes
256508244348,SON-DTCBAU-12PC-SML-WHT-2,29509,"Disposable Towels Compact Compressed Biodegradable and Unscented - 12 Pack",,,821882469781,yes
256508244356,SON-ESSBL-LG-SLVR,87100,"Emergency Sleeping Bag Mylar Insulated Heat Light Weight 84x36 Inch",,,706569026405,yes
256508244360,UNV-TCFPKCB-BUN-2PC-3PK-12B15-CLR-6PACK,46282,"Thin Clear Flexible Plastic Kitchen Cutting Board 12 Inch x 15 Inch (6 Pack)",,,0783152306410,yes
256508244362,SON-AOPAKR-SML-SLVR,52373,"ASR Outdoor Brass Body Nickel Plated Pull Apart Key Ring Travel Accessory",,,060886470083,yes
256508244367,SON-UT12IPT-LG-BL,183235,"SE Paper Trimmer 12 Inch Cutting Board Magnetic with Grid Guide Base",,,060886988649,yes
256508244370,SON-EIGHT-PC-STENCIL,183100,"8 Pc Template Stencil Set Drawing Arts and Crafts Ovals Circles Squares",,,106873247174,yes
256508244371,SON-13IPOCSCHS-3PC-13-SLVR-6PK,75237,"6 Pack Portable Outdoor Camping Survival Wire Hand Saw With Two 35 cm Blades",,,671628984562,yes
256508244379,SON-BGMN-LG-BLCK,20725,"BBQ Grill Mat Non-Stick Heavy Duty Outdoor Patio Eating and Cooking Tools - 2Pk",,,706569820614,yes
256508244380,UNV-CCPW2XM-BUN-2PK,39478,"Credit Card Sized Magnifier - 2x Magnification",,,706569012569,yes
256508244384,SON-GRCSS10HPSI-6-GRN,15913,"Gold Rush Sifting Classifier Sieve Mini 6 Inch Prospect Pan 10 Holes per Sq Inch",,,,no
256508244390,SON-AO40LWRDS,29576,"Outdoor Camping Dry Sack 40L Waterproof Bag, 9 Inch Diameter Around",,,629858500526,yes
256508244391,SON-UMLDSHS-BLCK,183080,"Medical Lightweight Diagnostic Non Chill Single Head Stethoscope 30in Universal",,,864694921276,yes
256508244394,SON-35STORK-SCISSORS-IR-TT,183191,"ToolTreaux Straight Blade Stainless Steel Stork Embroidery Scissors - 3.5 Inch",,,810058486837,yes
256508244395,SON-GRCSS100HPSI-6-GRN,15913,"ASR Outdoor 6"" Inch Mini Gold Panning Classifier Sift 100 Holes per Square Inch",,,,no
256508244398,SHM-PSHKBZTB-SML-BLCK,39665,"Zak Tool Universal Handcuff Key Pocket Pen Security Device ZT-14, Black",,,,no
