item_id,sku,aspect,contaminated_approved_value,reverted_to_ethans_raw_value
126386406454,TWL-TECHNORA-400LBS-BLCK-100-FT,Size,100 ft,100ft
126386406454,TWL-TECHNORA-400LBS-BLCK-1000-FT,Size,1000 ft,1000ft
126386406454,TWL-TECHNORA-400LBS-BLCK-25-FT,Size,25 ft,25ft
126386406454,TWL-TECHNORA-400LBS-BLCK-50-FT,Size,50 ft,50ft
126386406454,TWL-TECHNORA-400LBS-BLCK-500-FT-RDX,Size,500 ft,500ft
126450542814,UPD-CHRBP-AVG-SIAVB,Size,15 in,15 Inch
126450542814,UPD-CHRBP-BBY-STAY,Size,15 in,15 Inch
126450542814,UPD-CHRBP-HK-ABYI,Size,11 in,11 Inch
126450542814,UPD-CHRBP-MIC-KMAC,Size,15 in,15 Inch
126450542814,UPD-CHRBP-MIN-PLMI,Size,11 in,11 Inch
126495661368,DOY-CERAMIC-WHT-10PK-18MM-TT,Size,18 mm,18mm
126495661368,DOY-CERAMIC-WHT-10PK-9MM-TT,Size,9 mm,9mm
127088986267,SON-ASRO-BUCKETCLASSIFER-7PC-BUN,Size,1/4 in,"1/4"""
127088986267,SON-ASRO-BUCKETCLASSIFER-7PC-BUN-12,Size,1/2 in,"1/2"""
127088986267,SON-ASRO-BUCKETCLASSIFER-7PC-BUN-120,Size,1/20 in,"1/20"""
127088986267,SON-ASRO-BUCKETCLASSIFER-7PC-BUN-18,Size,1/8 in,"1/8"""
127196591598,SON-ASRO-11INPLASTICSTAKES-ORG-10PK-BUN,Length,11 in,11 Inch
127196591598,SON-ASRO-11INPLASTICSTAKES-ORG-20PK-BUN,Length,11 in,11 Inch
127196591598,SON-ASRO-11INPLASTICSTAKES-ORG-4PK-BUN,Length,11 in,11 Inch
127196591598,SON-ASRO-11INPLASTICSTAKES-ORG-6PK-BUN,Length,11 in,11 Inch
127196591598,SON-ASRO-11INPLASTICSTAKES-ORG-8PK-BUN,Length,11 in,11 Inch
127196591598,SON-ASRO-16INPLASTICSTAKES-ORG-10PK-BUN,Length,16 in,16 Inch
127196591598,SON-ASRO-16INPLASTICSTAKES-ORG-20PK-BUN,Length,16 in,16 Inch
127196591598,SON-ASRO-16INPLASTICSTAKES-ORG-4PK-BUN,Length,16 in,16 Inch
127196591598,SON-ASRO-16INPLASTICSTAKES-ORG-6PK-BUN,Length,16 in,16 Inch
127196591598,SON-ASRO-16INPLASTICSTAKES-ORG-8PK-BUN,Length,16 in,16 Inch
127264606664,4SN-STAIN-REMOVER-16OZ-2PK-BUN,Size,16 oz,16oz
127264606664,4SN-STAIN-REMOVER-16OZ-BUN,Size,16 oz,16oz
127264606664,4SN-STAIN-REMOVER-22OZ,Size,22 oz,22oz
127264606664,4SN-STAIN-REMOVER-GAL,Size,1 gal,1 Gallon
127389838864,HAWK-SLFHEALMAT-BL,Size,5 in x 9 in,"5"" x 9"""
127389838864,HAWK-SLFHEALMAT-BL-12,Size,9 in x 12 in,"9"" x 12"""
127389838864,HAWK-SLFHEALMAT-GR,Size,5 in x 9 in,"5"" x 9"""
127389838864,HAWK-SLFHEALMAT-GR-12,Size,9 in x 12 in,"9"" x 12"""
127389878144,SON-CHSAW-SHARPENBURR-316-IR-TT,Size,3/16 in,"3/16"""
127389878144,SON-CHSAW-SHARPENBURR-34-IR-TT,Size,5/32 in,"5/32"""
127389878144,SON-CHSAW-SHARPENBURR-732-IR-TT,Size,7/32 in,"7/32"""
127389878171,HWK-TAILORSSCISSORS-12IN-V,Size,12 in,12 inch
127389878171,HWK-TAILORSSCISSORS-8IN-V,Size,8 in,8 inch
127389878171,SON-TAILORSSCISSORS-10IN-IR-TT,Size,10 in,10 inch
127389878175,SON-ASRO-6OZFLASKFUNNEL-BUN,Size,6 oz,6oz
127389878175,SON-ASRO-8OZFLASKFUNNEL-BUN,Size,8 oz,8oz
127389878201,DOY-NORALACE-BLACK-1200-3FT,Size,36 in (4-5 Eyelets),"36"" (4-5 Eyelets)"
127389878201,DOY-NORALACE-BLACK-1200-4FT,Size,48 in (6-7 Eyelets),"48"" (6-7 Eyelets)"
127389878201,DOY-NORALACE-BLACK-1200-5FT,Size,60 in (7-8 Eyelets),"60"" (7-8 Eyelets)"
127389878201,DOY-NORALACE-BLACK-1200-6FT,Size,72 in (8-9 Eyelets),"72"" (8-9 Eyelets)"
127389878201,DOY-NORALACE-BLACK-1200-7FT,Size,84 in (9-10 Eyelets),"84"" (9-10 Eyelets)"
127389878201,DOY-NORALACE-BLACK-1200-8FT,Size,96 in (10-11 Eyelets),"96"" (10-11 Eyelets)"
127389878201,DOY-NORALACE-BLACK-1200-9FT,Size,108 in (11-12 Eyelets),"108"" (11-12 Eyelets)"
127389878201,DOY-NORALACE-TAN-1200-3FT,Size,36 in (4-5 Eyelets),"36"" (4-5 Eyelets)"
127389878201,DOY-NORALACE-TAN-1200-4FT,Size,48 in (6-7 Eyelets),"48"" (6-7 Eyelets)"
127389878201,DOY-NORALACE-TAN-1200-5FT,Size,60 in (7-8 Eyelets),"60"" (7-8 Eyelets)"
127389878201,DOY-NORALACE-TAN-1200-6FT,Size,72 in (8-9 Eyelets),"72"" (8-9 Eyelets)"
127389878201,DOY-NORALACE-TAN-1200-7FT,Size,84 in (9-10 Eyelets),"84"" (9-10 Eyelets)"
127389878201,DOY-NORALACE-TAN-1200-8FT,Size,96 in (10-11 Eyelets),"96"" (10-11 Eyelets)"
127389878201,DOY-NORALACE-TAN-1200-9FT,Size,108 in (11-12 Eyelets),"108"" (11-12 Eyelets)"
127389946577,ASRO-TECHNORA-950-ROPE-NATURAL-100FT,Item Weight,0.24 lb,0.2400
127389946577,ASRO-TECHNORA-950-ROPE-NATURAL-100FT,Size,100 ft,100ft
127389946577,ASRO-TECHNORA-950-ROPE-NATURAL-200FT,Item Weight,0.5 lb,0.5000
127389946577,ASRO-TECHNORA-950-ROPE-NATURAL-200FT,Size,200 ft,200ft
127389946577,ASRO-TECHNORA-950-ROPE-NATURAL-25FT,Item Weight,0.06 lb,0.0600
127389946577,ASRO-TECHNORA-950-ROPE-NATURAL-25FT,Size,25 ft,25ft
127389946577,ASRO-TECHNORA-950-ROPE-NATURAL-500FT,Item Weight,0.7 lb,0.7000
127389946577,ASRO-TECHNORA-950-ROPE-NATURAL-500FT,Size,500 ft,500ft
127389946577,ASRO-TECHNORA-950-ROPE-NATURAL-50FT,Item Weight,0.12 lb,0.1200
127389946577,ASRO-TECHNORA-950-ROPE-NATURAL-50FT,Size,50 ft,50ft
235054823492,ASR-AOSBPRBS500FT-BUN-500PK-500F-BLCK,Size,500 ft,500 feet
235054823492,ASR-AOSOGPRBS500FT-BUN-500PK-500F-OLVDRB,Size,500 ft,500 feet
235054823492,SON-550LBSSSPRRO100FT-100FT-ORNG,Size,100 ft,100 feet
235054823492,SON-AOSPRB100F-100F-BLCK,Size,100 ft,100 feet
235054823492,SON-AOSPRFC100FT-100FT-GRN,Size,100 ft,100 feet
235054823492,SON-AOSPROG100F-100F-ODGRN,Size,100 ft,100 feet
235397488898,PLC-550-BLACK-45IN,Size,45 in,45 inches
235397488898,PLC-550-BLACK-54IN,Size,54 in,54 inches
235397488898,PLC-550-BLACK-60IN,Size,60 in,60 inches
235397488898,PLC-550-BLACK-72IN,Size,72 in,72 inches
235397488898,PLC-550-BLACK-81IN,Size,81 in,81 inches
235397488898,PLC-550-BROWN-45IN,Size,45 in,45 inches
235397488898,PLC-550-BROWN-54IN,Size,54 in,54 inches
235397488898,PLC-550-BROWN-60IN,Size,60 in,60 inches
235397488898,PLC-550-BROWN-72IN,Size,72 in,72 inches
235397488898,PLC-550-BROWN-81IN,Size,81 in,81 inches
235397488898,PLC-550-ODGREEN-45IN,Size,45 in,45 inches
235397488898,PLC-550-ODGREEN-54IN,Size,54 in,54 inches
235397488898,PLC-550-ODGREEN-60IN,Size,60 in,60 inches
235397488898,PLC-550-ODGREEN-72IN,Size,72 in,72 inches
235397488898,PLC-550-ODGREEN-81IN,Size,81 in,81 inches
235397488898,PLC-550-TAN-45IN,Size,45 in,45 inches
235397488898,PLC-550-TAN-54IN,Size,54 in,54 inches
235397488898,PLC-550-TAN-60IN,Size,60 in,60 inches
235397488898,PLC-550-TAN-72IN,Size,72 in,72 inches
235397488898,PLC-550-TAN-81IN,Size,81 in,81 inches
235399090909,KEVLAR-200-CORD-BLUE-1000FT,Size,1000 ft,1000ft
235399090909,KEVLAR-200-CORD-BLUE-100FT,Size,100 ft,100ft
235399090909,KEVLAR-200-CORD-BLUE-25FT,Size,25 ft,25ft
235399090909,KEVLAR-200-CORD-BLUE-500FT,Size,500 ft,500ft
235399090909,KEVLAR-200-CORD-BLUE-50FT,Size,50 ft,50ft
235399090909,KEVLAR-200-CORD-NATURAL-1000FT,Size,1000 ft,1000ft
235399090909,KEVLAR-200-CORD-NATURAL-100FT,Size,100 ft,100ft
235399090909,KEVLAR-200-CORD-NATURAL-25FT,Size,25 ft,25ft
235399090909,KEVLAR-200-CORD-NATURAL-500FT,Size,500 ft,500ft
235399090909,KEVLAR-200-CORD-NATURAL-50FT,Size,50 ft,50ft
235441319364,SON-15X15SLPB-100PC-15X15-CLR,Size,1.5 in x 1.5 in,"1.5"" x 1.5"""
235441319364,SON-2X2SLPB-100PC-2X2-CLR,Size,2 in x 2 in,"2"" x 2"""
235441319364,SON-3X3SLPB-100PC-3X3-CLR,Size,3 in x 3 in,"3"" x 3"""
235441319364,SON-3X4SLPB-100PC-3X4-CLR,Size,3 in x 4 in,"3"" x 4"""
235441319364,SON-4X5SLPB-100PC-4X5-CLR,Size,4 in x 5 in,"4"" x 5"""
235441319364,SON-5X6SLPB-100PC-5X6-CLR,Size,5 in x 6 in,"5"" x 6"""
235441319364,SON-5X7SLPB-100PC-5X7-CLR,Size,5 in x 7 in,"5"" x 7"""
235441319364,SON-6X9SLPB-100PC-6X9-CLR,Size,6 in x 9 in,"6"" x 9"""
235441319364,SON-8IX10IZLB-100PC-LG-CLR,Size,8 in x 10 in,"8"" x 10"""
235483317325,VECTRAN-600LB-CORD-CHILD-NATURAL-100FT,Size,100 ft,100ft
235483317325,VECTRAN-600LB-CORD-CHILD-NATURAL-25FT,Size,25 ft,25ft
235483317325,VECTRAN-600LB-CORD-CHILD-NATURAL-500FT,Size,500 ft,500ft
235483317325,VECTRAN-600LB-CORD-CHILD-NATURAL-50FT,Size,50 ft,50ft
235515601661,ASR-TCSR600LBBS500FTB-BUN-500PK-500FT-BL,Size,500 ft,500ft
235515601661,TWL-TCSR600LBS-25FT-BLCK,Size,25 ft,25ft
235515601661,TWL-TCSR600LBSB-100FT-BLCK,Size,100 ft,100ft
235515601661,TWL-TCSR600LBSB-50FT-BLCK,Size,50 ft,50ft
236344962465,DOY-NORALACE-BLACK-2500-3FT,Size,36 in (4-5 Eyelets),"36"" (4-5 Eyelets)"
236344962465,DOY-NORALACE-BLACK-2500-4FT,Size,48 in (6-7 Eyelets),"48"" (6-7 Eyelets)"
236344962465,DOY-NORALACE-BLACK-2500-5FT,Size,60 in (7-8 Eyelets),"60"" (7-8 Eyelets)"
236344962465,DOY-NORALACE-BLACK-2500-6FT,Size,72 in (8-9 Eyelets),"72"" (8-9 Eyelets)"
236344962465,DOY-NORALACE-BLACK-2500-7FT,Size,84 in (9-10 Eyelets),"84"" (9-10 Eyelets)"
236344962465,DOY-NORALACE-BLACK-2500-8FT,Size,96 in (10-11 Eyelets),"96"" (10-11 Eyelets)"
236344962465,DOY-NORALACE-BLACK-2500-9FT,Size,108 in (11-12 Eyelets),"108"" (11-12 Eyelets)"
236344962465,DOY-NORALACE-TAN-2500-3FT,Size,36 in (4-5 Eyelets),"36"" (4-5 Eyelets)"
236344962465,DOY-NORALACE-TAN-2500-4FT,Size,48 in (6-7 Eyelets),"48"" (6-7 Eyelets)"
236344962465,DOY-NORALACE-TAN-2500-5FT,Size,60 in (7-8 Eyelets),"60"" (7-8 Eyelets)"
236344962465,DOY-NORALACE-TAN-2500-6FT,Size,72 in (8-9 Eyelets),"72"" (8-9 Eyelets)"
236344962465,DOY-NORALACE-TAN-2500-7FT,Size,84 in (9-10 Eyelets),"84"" (9-10 Eyelets)"
236344962465,DOY-NORALACE-TAN-2500-8FT,Size,96 in (10-11 Eyelets),"96"" (10-11 Eyelets)"
236344962465,DOY-NORALACE-TAN-2500-9FT,Size,108 in (11-12 Eyelets),"108"" (11-12 Eyelets)"
236345031472,SON-AOSBPRBS1FT-100F-BLCK,Size,100 ft,100ft
236345031472,SON-AOSBPRBS1FT-25F-BLCK,Size,25 ft,25ft
236345031472,SON-AOSBPRBS1FT-50F-BLCK,Size,50 ft,50ft
236345031472,SON-AOSBPRBS500FT-PZ,Size,500 ft,500ft
236345031472,SON-AOSOGPRBS-500F-OLVDRBGRN,Size,500 ft,500ft
236345031472,SON-AOSOGPRBS1FT-100F-OLVDRBGRN,Size,100 ft,100ft
236345031472,SON-AOSOGPRBS1FT-25F-OLVDRBGRN,Size,25 ft,25ft
236345031472,SON-AOSOGPRBS1FT-50F-OLVDRBGRN,Size,50 ft,50ft
236345031472,SON-PARACORDRORANGE-100FT,Size,100 ft,100ft
236345031472,SON-PARACORDRORANGE-25FT,Size,25 ft,25ft
236345031472,SON-PARACORDRORANGE-500FT,Size,500 ft,500ft
236345031472,SON-PARACORDRORANGE-50FT,Size,50 ft,50ft
236345056410,SON-DRYSACK15L-GRN,Size,15 L,15L
236345056410,SON-DRYSACK20L-GRY,Size,20 L,20L
236345056438,VECTRAN-200LB-CORD-CHILD-BLACK-1000FT,Size,1000 ft,1000ft
236345056438,VECTRAN-200LB-CORD-CHILD-BLACK-100FT,Size,100 ft,100ft
236345056438,VECTRAN-200LB-CORD-CHILD-BLACK-25FT,Size,25 ft,25ft
236345056438,VECTRAN-200LB-CORD-CHILD-BLACK-500FT,Size,500 ft,500ft
236345056438,VECTRAN-200LB-CORD-CHILD-BLACK-50FT,Size,50 ft,50ft
236345056438,VECTRAN-200LB-CORD-CHILD-NATURAL-1000FT,Size,1000 ft,1000ft
236345056438,VECTRAN-200LB-CORD-CHILD-NATURAL-100FT,Size,100 ft,100ft
236345056438,VECTRAN-200LB-CORD-CHILD-NATURAL-25FT,Size,25 ft,25ft
236345056438,VECTRAN-200LB-CORD-CHILD-NATURAL-500FT,Size,500 ft,500ft
236345056438,VECTRAN-200LB-CORD-CHILD-NATURAL-50FT,Size,50 ft,50ft
236345069172,SPECTRA-ROPE-325LB-CHILD-BLACK-1000FT,Size,1000 ft,1000ft
236345069172,SPECTRA-ROPE-325LB-CHILD-BLACK-100FT,Size,100 ft,100ft
236345069172,SPECTRA-ROPE-325LB-CHILD-BLACK-25FT,Size,25 ft,25ft
236345069172,SPECTRA-ROPE-325LB-CHILD-Black-50FT,Size,50 ft,50ft
236345069172,SPECTRA-ROPE-325LB-CHILD-ORANGE-1000FT,Size,1000 ft,1000ft
236345069172,SPECTRA-ROPE-325LB-CHILD-ORANGE-100FT,Size,100 ft,100ft
236345069172,SPECTRA-ROPE-325LB-CHILD-ORANGE-25FT,Size,25 ft,25ft
236345069172,SPECTRA-ROPE-325LB-CHILD-ORANGE-500FT,Size,500 ft,500ft
236345069172,SPECTRA-ROPE-325LB-CHILD-ORANGE-50FT,Size,50 ft,50ft
236345069172,SPECTRA-ROPE-325LB-CHILD-YELLOW-1000FT,Size,1000 ft,1000ft
236345069172,SPECTRA-ROPE-325LB-CHILD-YELLOW-100FT,Size,100 ft,100ft
236345069172,SPECTRA-ROPE-325LB-CHILD-YELLOW-25FT,Size,25 ft,25ft
236345069172,SPECTRA-ROPE-325LB-CHILD-YELLOW-500FT,Size,500 ft,500ft
236345069172,SPECTRA-ROPE-325LB-CHILD-Yellow-50FT,Size,50 ft,50ft
236345069172,SPECTRA-ROPE-325LBZ-CHILD-BLACK-500FT,Size,500 ft,500ft
236345069184,DOY-NORALACE-BLACK-3FT,Size,36 in (4-5 Eyelets),"36"" (4-5 Eyelets)"
236345069184,DOY-NORALACE-BLACK-4FT,Size,48 in (6-7 Eyelets),"48"" (6-7 Eyelets)"
236345069184,DOY-NORALACE-BLACK-5FT,Size,60 in (7-8 Eyelets),"60"" (7-8 Eyelets)"
236345069184,DOY-NORALACE-BLACK-6FT,Size,72 in (8-9 Eyelets),"72"" (8-9 Eyelets)"
236345069184,DOY-NORALACE-BLACK-7FT,Size,84 in (9-10 Eyelets),"84"" (9-10 Eyelets)"
236345069184,DOY-NORALACE-BLACK-8FT,Size,96 in (10-11 Eyelets),"96"" (10-11 Eyelets)"
236345069184,DOY-NORALACE-BLACK-9FT,Size,108 in (11-12 Eyelets),"108"" (11-12 Eyelets)"
236345069184,DOY-NORALACE-YELLOW-3FT,Size,36 in (4-5 Eyelets),"36"" (4-5 Eyelets)"
236345069184,DOY-NORALACE-YELLOW-4FT,Size,48 in (6-7 Eyelets),"48"" (6-7 Eyelets)"
236345069184,DOY-NORALACE-YELLOW-5FT,Size,60 in (7-8 Eyelets),"60"" (7-8 Eyelets)"
236345069184,DOY-NORALACE-YELLOW-6FT,Size,72 in (8-9 Eyelets),"72"" (8-9 Eyelets)"
236345069184,DOY-NORALACE-YELLOW-7FT,Size,84 in (9-10 Eyelets),"84"" (9-10 Eyelets)"
236345069184,DOY-NORALACE-YELLOW-8FT,Size,96 in (10-11 Eyelets),"96"" (10-11 Eyelets)"
236345069184,DOY-NORALACE-YELLOW-9FT,Size,108 in (11-12 Eyelets),"108"" (11-12 Eyelets)"
236345137233,4SN-BLE-SSOAKWOODROLLINGPIN-13INCH,Size,13 in,13 Inch
236345137233,4SN-BLE-SSOAKWOODROLLINGPIN-17INCH,Size,17 in,17 Inch
236345146199,DOY-PARALACE-BLACK-3FT,Size,36 in (4-5 Eyelets),"36"" (4-5 Eyelets)"
236345146199,DOY-PARALACE-BLACK-4FT,Size,48 in (6-7 Eyelets),"48"" (6-7 Eyelets)"
236345146199,DOY-PARALACE-BLACK-5FT,Size,60 in (7-8 Eyelets),"60"" (7-8 Eyelets)"
236345146199,DOY-PARALACE-BLACK-6FT,Size,72 in (8-9 Eyelets),"72"" (8-9 Eyelets)"
236345146199,DOY-PARALACE-BLACK-7FT,Size,84 in (9-10 Eyelets),"84"" (9-10 Eyelets)"
236345146199,DOY-PARALACE-BLACK-8FT,Size,96 in (10-11 Eyelets),"96"" (10-11 Eyelets)"
236345146199,DOY-PARALACE-BLACK-9FT,Size,108 in (11-12 Eyelets),"108"" (11-12 Eyelets)"
236345146199,DOY-PARALACE-GLOW-3FT,Size,36 in (4-5 Eyelets),"36"" (4-5 Eyelets)"
236345146199,DOY-PARALACE-GLOW-4FT,Size,48 in (6-7 Eyelets),"48"" (6-7 Eyelets)"
236345146199,DOY-PARALACE-GLOW-5FT,Size,60 in (7-8 Eyelets),"60"" (7-8 Eyelets)"
236345146199,DOY-PARALACE-GLOW-6FT,Size,72 in (8-9 Eyelets),"72"" (8-9 Eyelets)"
236345146199,DOY-PARALACE-GLOW-7FT,Size,84 in (9-10 Eyelets),"84"" (9-10 Eyelets)"
236345146199,DOY-PARALACE-GLOW-8FT,Size,96 in (10-11 Eyelets),"96"" (10-11 Eyelets)"
236345146199,DOY-PARALACE-GLOW-9FT,Size,108 in (11-12 Eyelets),"108"" (11-12 Eyelets)"
236345146199,DOY-PARALACE-KHAKI-3FT,Size,36 in (4-5 Eyelets),"36"" (4-5 Eyelets)"
236345146199,DOY-PARALACE-KHAKI-4FT,Size,48 in (6-7 Eyelets),"48"" (6-7 Eyelets)"
236345146199,DOY-PARALACE-KHAKI-5FT,Size,60 in (7-8 Eyelets),"60"" (7-8 Eyelets)"
236345146199,DOY-PARALACE-KHAKI-6FT,Size,72 in (8-9 Eyelets),"72"" (8-9 Eyelets)"
236345146199,DOY-PARALACE-KHAKI-7FT,Size,84 in (9-10 Eyelets),"84"" (9-10 Eyelets)"
236345146199,DOY-PARALACE-KHAKI-8FT,Size,96 in (10-11 Eyelets),"96"" (10-11 Eyelets)"
236345146199,DOY-PARALACE-KHAKI-9FT,Size,108 in (11-12 Eyelets),"108"" (11-12 Eyelets)"
236345146199,DOY-PARALACE-ODGREEN-3FT,Size,36 in (4-5 Eyelets),"36"" (4-5 Eyelets)"
236345146199,DOY-PARALACE-ODGREEN-4FT,Size,48 in (6-7 Eyelets),"48"" (6-7 Eyelets)"
236345146199,DOY-PARALACE-ODGREEN-5FT,Size,60 in (7-8 Eyelets),"60"" (7-8 Eyelets)"
236345146199,DOY-PARALACE-ODGREEN-6FT,Size,72 in (8-9 Eyelets),"72"" (8-9 Eyelets)"
236345146199,DOY-PARALACE-ODGREEN-7FT,Size,84 in (9-10 Eyelets),"84"" (9-10 Eyelets)"
236345146199,DOY-PARALACE-ODGREEN-8FT,Size,96 in (10-11 Eyelets),"96"" (10-11 Eyelets)"
236345146199,DOY-PARALACE-ODGREEN-9FT,Size,108 in (11-12 Eyelets),"108"" (11-12 Eyelets)"
236345146199,DOY-PARALACE-REFORANGE-3FT,Size,36 in (4-5 Eyelets),"36"" (4-5 Eyelets)"
236345146199,DOY-PARALACE-REFORANGE-4FT,Size,48 in (6-7 Eyelets),"48"" (6-7 Eyelets)"
236345146199,DOY-PARALACE-REFORANGE-5FT,Size,60 in (7-8 Eyelets),"60"" (7-8 Eyelets)"
236345146199,DOY-PARALACE-REFORANGE-6FT,Size,72 in (8-9 Eyelets),"72"" (8-9 Eyelets)"
236345146199,DOY-PARALACE-REFORANGE-7FT,Size,84 in (9-10 Eyelets),"84"" (9-10 Eyelets)"
236345146199,DOY-PARALACE-REFORANGE-8FT,Size,96 in (10-11 Eyelets),"96"" (10-11 Eyelets)"
236345146199,DOY-PARALACE-REFORANGE-9FT,Size,108 in (11-12 Eyelets),"108"" (11-12 Eyelets)"
236345146199,DOY-PARALACE-SOLIDGREY-3FT,Size,36 in (4-5 Eyelets),"36"" (4-5 Eyelets)"
236345146199,DOY-PARALACE-SOLIDGREY-4FT,Size,48 in (6-7 Eyelets),"48"" (6-7 Eyelets)"
236345146199,DOY-PARALACE-SOLIDGREY-5FT,Size,60 in (7-8 Eyelets),"60"" (7-8 Eyelets)"
236345146199,DOY-PARALACE-SOLIDGREY-6FT,Size,72 in (8-9 Eyelets),"72"" (8-9 Eyelets)"
236345146199,DOY-PARALACE-SOLIDGREY-7FT,Size,84 in (9-10 Eyelets),"84"" (9-10 Eyelets)"
236345146199,DOY-PARALACE-SOLIDGREY-8FT,Size,96 in (10-11 Eyelets),"96"" (10-11 Eyelets)"
236345146199,DOY-PARALACE-SOLIDGREY-9FT,Size,108 in (11-12 Eyelets),"108"" (11-12 Eyelets)"
236345146199,DOY-PARALACE-TANCAMO-3FT,Size,36 in (4-5 Eyelets),"36"" (4-5 Eyelets)"
236345146199,DOY-PARALACE-TANCAMO-4FT,Size,48 in (6-7 Eyelets),"48"" (6-7 Eyelets)"
236345146199,DOY-PARALACE-TANCAMO-5FT,Size,60 in (7-8 Eyelets),"60"" (7-8 Eyelets)"
236345146199,DOY-PARALACE-TANCAMO-6FT,Size,72 in (8-9 Eyelets),"72"" (8-9 Eyelets)"
236345146199,DOY-PARALACE-TANCAMO-7FT,Size,84 in (9-10 Eyelets),"84"" (9-10 Eyelets)"
236345146199,DOY-PARALACE-TANCAMO-8FT,Size,96 in (10-11 Eyelets),"96"" (10-11 Eyelets)"
236345146199,DOY-PARALACE-TANCAMO-9FT,Size,108 in (11-12 Eyelets),"108"" (11-12 Eyelets)"
236345160668,ASR-PBBSB15MM5I-BUN-12PC-1PK-15MM-BLCK,Size,15 mm,15mm
236345160668,ASR-PBBSB15MM5I-BUN-12PC-2PK-15MM-BLCK,Size,15 mm,15mm
236345160668,ASR-PBBSB15MM5I-BUN-12PC-4PK-15MM-BLCK,Size,15 mm,15mm
236345160668,ASR-PBBSB15MM5I-BUN-12PC-8PK-15MM-BLCK,Size,15 mm,15mm
236345160668,ASR-PBBSB15MM5I-BUN-20MM-BLCK-12PK,Size,20 mm,20mm
236345160668,ASR-PBBSB15MM5I-BUN-20MM-BLCK-24PK,Size,20 mm,20mm
236345160668,ASR-PBBSB15MM5I-BUN-20MM-BLCK-48PK,Size,20 mm,20mm
236345160668,ASR-PBBSB15MM5I-BUN-20MM-BLCK-96PK,Size,20 mm,20mm
236345160668,ASRO-PARABRACEBUCKLE-MULTI-12PK,Size,20 mm,20mm
236345160668,ASRO-PARABRACEBUCKLE-MULTI-12PK-15MM,Size,15 mm,15mm
236345160668,ASRO-PARABRACEBUCKLE-MULTI-24PK,Size,20 mm,20mm
236345160668,ASRO-PARABRACEBUCKLE-MULTI-24PK-15MM,Size,15 mm,15mm
236345160668,ASRO-PARABRACEBUCKLE-MULTI-48PK,Size,20 mm,20mm
236345160668,ASRO-PARABRACEBUCKLE-MULTI-48PK-15MM,Size,15 mm,15mm
236345160668,ASRO-PARABRACEBUCKLE-MULTI-96PK,Size,20 mm,20mm
236345160668,ASRO-PARABRACEBUCKLE-MULTI-96PK-15MM,Size,15 mm,15mm
363197736680,MCN-GAAUAS-34OZ-CLR-2PACK-2,Size,0.75 oz 2 pack,0.75 Ounce 2 pack
363197736680,MCN-GAAUAS-34OZ-CLR-3,Size,0.75 oz,0.75 Ounce
363197736680,MCN-MGAA8OZWGRA-8OZ-CLR,Size,8 oz,8oz
364811452556,FLL-HALOXLEVEL-30030-HXB,Size,30 mm,30mm
364811452556,FLL-HALOXLEVEL-30034-HXB,Size,34 mm,34mm
364811452556,FLL-HALOXLEVEL-30035-HXB,Size,35 mm,35mm
364811452556,FLL-HALOXLEVEL-30035-HXFDE,Size,35 mm FDE,35mm FDE
364811452556,FLL-HALOXLEVEL-30036-HXB,Size,36 mm,36mm
365879832377,SON-ICE-TEMPERED-SCISSOR-SP102-IR-TT,Size,5.5 in,"5.5"""
365879832377,SON-ICE-TEMPERED-SCISSOR-SP104-IR-TT,Size,6.5 in,"6.5"""
365879832377,SON-ICE-TEMPERED-SCISSOR-SP105-IR-TT,Size,7.5 in,"7.5"""
365879832390,HWK-TTX-PINKCRAFTINGMAT-12x18,Size,12 in x 18 in,"12"" x 18"""
365879832390,HWK-TTX-PINKCRAFTINGMAT-9X12,Size,9 in x 12 in,"9"" x 12"""
365879907979,SON-GRAPHITECRUCIBLE-21,Size,1.5 in x 1.5 in,"1.5"" x 1.5"""
365879907979,SON-GRAPHITECRUCIBLE-2375,Size,1.25 in x 1.25 in,"1.25"" x 1.25"""
365879907979,SON-UTGCFGM15B15I-15X15-CHRCL,Size,1.75 in x 1.75 in,"1.75"" x 1.75"""
365879907979,SON-UTGCFGM25B25I-25X25-CHRCL,Size,1.375 in x 1.375 in,"1.375""  x 1.375"""
365879907979,SON-UTGCFGM25B65I-25X65-CHRCL,Size,2.5 in x 6.5 in,"2.5"" x 6.5"""
365879907979,SON-UTGCFGM25BI-25X5-CHRCL,Size,2.5 in x 5 in,"2.5"" x 5"""
365879907979,SON-UTGCFGM2B2I-2X2-CHRCL,Size,2 in x 2 in,"2"" x 2"""
365879907990,DOY-ASRO-GEMAMAZONITE-1LB,Size,1 lb,1 Pound
365879907990,DOY-ASRO-GEMAMAZONITE-3LB-BUN,Size,3 lb,3 Pounds
365879907990,DOY-ASRO-GEMAMAZONITE-5LB-BUN,Size,5 lb,5 Pounds
365879907990,DOY-ASRO-GEMBRZAMETHYST-1LB,Size,1 lb,1 Pound
365879907990,DOY-ASRO-GEMBRZAMETHYST-3LB-BUN,Size,3 lb,3 Pounds
365879907990,DOY-ASRO-GEMBRZAMETHYST-5LB-BUN,Size,5 lb,5 Pounds
365879907990,DOY-ASRO-GEMCARNELIAN-1LB,Size,1 lb,1 Pound
365879907990,DOY-ASRO-GEMCARNELIAN-3LB-BUN,Size,3 lb,3 Pounds
365879907990,DOY-ASRO-GEMCARNELIAN-5LB-BUN,Size,5 lb,5 Pounds
365879907990,DOY-ASRO-GEMCHINA-1LB,Size,1 lb,1 Pound
365879907990,DOY-ASRO-GEMCHINA-3LB-BUN,Size,3 lb,3 Pounds
365879907990,DOY-ASRO-GEMCHINA-5LB-BUN,Size,5 lb,5 Pounds
365879907990,DOY-ASRO-GEMFUCHSITE-1LB,Size,1 lb,1 Pound
365879907990,DOY-ASRO-GEMFUCHSITE-3LB-BUN,Size,3 lb,3 Pounds
365879907990,DOY-ASRO-GEMFUCHSITE-5LB-BUN,Size,5 lb,5 Pounds
365879907990,DOY-ASRO-GEMMARJASPER-1LB,Size,1 lb,1 Pound
365879907990,DOY-ASRO-GEMMARJASPER-3LB-BUN,Size,3 lb,3 Pounds
365879907990,DOY-ASRO-GEMMARJASPER-5LB-BUN,Size,5 lb,5 Pounds
365879907990,DOY-ASRO-GEMMOONSTONE-1LB,Size,1 lb,1 Pound
365879907990,DOY-ASRO-GEMMOONSTONE-3LB-BUN,Size,3 lb,3 Pounds
365879907990,DOY-ASRO-GEMMOONSTONE-5LB-BUN,Size,5 lb,5 Pounds
365879907990,DOY-ASRO-GEMPYRITE-1LB,Size,1 lb,1 Pound
365879907990,DOY-ASRO-GEMPYRITE-3LB-BUN,Size,3 lb,3 Pounds
365879907990,DOY-ASRO-GEMPYRITE-5LB-BUN,Size,5 lb,5 Pounds
365879907990,DOY-ASRO-GEMSEAJASPER-1LB,Size,1 lb,1 Pound
365879907990,DOY-ASRO-GEMSEAJASPER-3LB-BUN,Size,3 lb,3 Pounds
365879907990,DOY-ASRO-GEMSEAJASPER-5LB-BUN,Size,5 lb,5 Pounds
365879907990,DOY-ASRO-GEMSMOQUARTZ-1LB,Size,1 lb,1 Pound
365879907990,DOY-ASRO-GEMSMOQUARTZ-3LB-BUN,Size,3 lb,3 Pounds
365879907990,DOY-ASRO-GEMSMOQUARTZ-5LB-BUN,Size,5 lb,5 Pounds
365879907990,DOY-ASRO-GEMSTRQUARTZ-1LB,Size,1 lb,1 Pound
365879907990,DOY-ASRO-GEMSTRQUARTZ-3LB-BUN,Size,3 lb,3 Pounds
365879907990,DOY-ASRO-GEMSTRQUARTZ-5LB-BUN,Size,5 lb,5 Pounds
365879907990,DOY-ASRO-GEMTIGER-1LB,Size,1 lb,1 Pound
365879907990,DOY-ASRO-GEMTIGER-3LB-BUN,Size,3 lb,3 Pounds
365879907990,DOY-ASRO-GEMTIGER-5LB-BUN,Size,5 lb,5 Pounds
365879935270,ZIPBAG-2MM-100PK-1-5X1-5,Size,1.5 in x 1.5 in,1.5 x 1.5 Inch
365879935270,ZIPBAG-2MM-100PK-2X2,Size,2 in x 2 in,2 x 2 Inch
365879935270,ZIPBAG-2MM-100PK-3X3,Size,3 in x 3 in,3 x 3 Inch
365879935270,ZIPBAG-2MM-100PK-3X4,Size,3 in x 4 in,3 x 4 Inch
365879935270,ZIPBAG-2MM-100PK-4X4,Size,4 in x 4 in,4 x 4 Inch
365879935270,ZIPBAG-2MM-100PK-4X5,Size,4 in x 5 in,4 x 5 Inch
365879935270,ZIPBAG-2MM-100PK-5X6,Size,5 in x 6 in,5 x 6 Inch
365879935270,ZIPBAG-2MM-100PK-6X9,Size,6 in x 9 in,6 x 9 Inch
365879950557,ASR-KEVLARSTRENGTHSURVIVALBLACK-13,Size,25 ft,25 feet
365879950557,ASR-KEVLARSTRENGTHSURVIVALBLACK-15,Size,100 ft,100 feet
365879950557,ASR-KEVLARSTRENGTHSURVIVALBLACK-21,Size,500 ft,500 feet
365879950557,TWL-K200LBSHSSPC1000FT-BUN-1000PK-BLCK-2,Size,1000 ft,1000 feet
365879950557,TWL-KHSSPC50FTB-BUN-50PK-50FT-BLK01,Size,50 ft,50 feet
365879950562,SON-COLLAPSWATER-CARRIER-15L-IR-TT,Size,3.75 gal,3.75 Gallon
365879950562,SON-COLLAPSWATER-CARRIER-20L-IR-TT,Size,5 gal,5 Gallon
365879950583,SON-GC1KG-25X5-TT,Size,2.5 in x 5 in,"2.5"" x 5"""
365879950583,SON-GC2KG-25X65-TT,Size,2.5 in x 6.5 in,"2.5"" x 6.5"""
365879950583,SON-GC3030-125X125-TT,Size,1.25 in x 1.25 in,"1.25"" x 1.25"""
365879950583,SON-GC3535-133X33-TT,Size,1.33 in x 1.33 in,"1.33"" x 1.33"""
365879950583,SON-GC4040-125X125-TT,Size,1.5 in x 1.5 in,"1.5"" x 1.5"""
365879950583,SON-GC4545-15X15-TT,Size,1.75 in x 1.75 in,"1.75"" x 1.75"""
365879996356,SON-12UCZTW42MM-100PC,Thickness,4 mm,4mm
