item_id,sku,category_id,aspect,current_value,verdict,suggested_value,certainty,status,reason
126487251794,KOL-BARBIE-STAR-EARRINGS-PC316,19172,Year,NEW,suspect,,20,no_suggestion,"'NEW' is not a valid year; should be blank or an actual year"
127239775819,4SN-CINCHBAG-SUPRMAN-2PC-BUN,260988,Character,"Spider-Man, Officially Licensed, Superman",suspect,Superman,95,ok,"Spider-Man is Marvel; this is a DC Comics Superman product"
127239775819,4SN-CINCHBAG-SUPRMAN-2PC-BUN,260988,"Character Family","Superman, Officially Licensed",suspect,Superman,80,ok,"drop 'Officially Licensed'; not part of a character family"
236206659191,MCN-GARVXPCW-BNDL-AMZ,87100,"Insulation Type",Down,suspect,,15,no_suggestion,"product is a fabric care kit, not a sleeping bag; insulation N/A"
236206659191,MCN-GARVXPCW-BNDL-AMZ,87100,Type,"Sleeping Bag",suspect,"Care Kit",70,ok,"this is a Revivex care kit, not a sleeping bag"
236206659191,MCN-GARVXPCW-BNDL-AMZ,87100,"Shell Material",Down,suspect,,15,no_suggestion,"'Down' is not a shell material; product has no shell"
235436886860,SON-AO6ITWBNKFB-6E-BLCK,73522,Year,NEW,suspect,,20,no_suggestion,"'NEW' is not a valid year"
126383530718,SON-DKBSBS-3PC-SML-ASSRTD,116005,Features,"3 Layers of Diamonds, Nickel-Bonded to a",suspect,"3 Layers of Diamonds, Nickel-Bonded",65,ok,"live value is truncated mid-sentence"
364899577155,HWK-TT-LEATHER5PKTTP-BROWN,42362,Type,"Tool Belt",suspect,"Tool Pouch",80,ok,"this is a 5-pocket tool pouch, not a tool belt"
364899577169,TWL-TCSR1200LBBS-PARENT-I,50816,"Country/Region of Manufacture","United States",suspect,,35,no_suggestion,"conflicts with Country of Origin (Japan); verify US vs Japan"
235792850839,LST-KPL-SPACEROCKET-17INCH,1187,Type,"Space Shuttle",suspect,"Space Toy",50,ok,"set is an astronaut/backpack space toy, not specifically a space shuttle"
235480965677,SON-FFKWSAFH6I-2PC-6,73522,Type,Hunting,suspect,Fishing,80,ok,"this is a fishing fillet knife, not a hunting knife"
235480965677,SON-FFKWSAFH6I-2PC-6,73522,Year,NEW,suspect,,20,no_suggestion,"'NEW' is not a valid year"
235480965695,NPT-ANIMALHUNTINGKNIFE-PARENT,73522,Year,NEW,suspect,,20,no_suggestion,"'NEW' is not a valid year"
126488763142,4SN-CINCHBAG-PARENT,260988,Character,"Officially Licensed",suspect,,30,no_suggestion,"'Officially Licensed' is not a character; this parent varies by character"
126488763142,4SN-CINCHBAG-PARENT,260988,"Character Family","Officially Licensed",suspect,,30,no_suggestion,"'Officially Licensed' is not a character family"
365680341386,4SN-SAVBANK-CHARACTER-PARENT,10034,Brand,"Officially Licensed",suspect,,30,no_suggestion,"'Officially Licensed' is not a brand name"
235571605042,NPT-BLKTHROWKNIVES-3PC-A1030-3-B,73522,Features,"HIGH QUALITY CONSTRUCTION – Our knives are made of",suspect,,40,no_suggestion,"truncated marketing copy, not a real feature"
235571605042,NPT-BLKTHROWKNIVES-3PC-A1030-3-B,73522,Year,NEW,suspect,,20,no_suggestion,"'NEW' is not a valid year"
236475895875,UPD-NAILPOL-HK-HK1156GG-BUN,11873,"California Prop 65 Warning","About California Proposition 65 Proposition 65, officially the Safe Drinking Water and Toxic Enforcement Act of 1986, is a law that requires warnings be provided to California consumers when they might be exposed to chemicals identified by California as causing cancer or reproductive toxicity. The warnings are intended to help california consumers make informed decisions about their exposures to these chemicals from the products they use. The California Office of Environmental Health Hazard Assessment (OEHHA) administers the Proposition 65 program and publishes the listed chemicals, which includes more that 850 chemicals. In August 2016, OEHHA adopted new regulations, effective on August 30, 2018, which change the information required in Proposition 65 warnings. This product can expose you",suspect,,85,no_suggestion,"Value is truncated mid-sentence, ending with 'This product can expose you'"
235214767866,MCN-MMESC4OZNCB,29574,Style,"Performance swimwear",suspect,,80,no_suggestion,"'Performance swimwear' is not a relevant style for a neoprene repair cement adhesive"
235483317325,VECTRAN-600LB-CORD-NATRL-PARENT,181413,Material,Plastic,suspect,Vectran,85,ok,"Vectran cord listed as 'Plastic'; the fiber material is Vectran, not plastic"
364851559092,4SN-PINCHBOWL-47332-PARENT,25846,Features,Glass,suspect,"Oven Safe, Microwave Safe",40,ok,"'Glass' is not a feature; it duplicates the Material field"
365242110528,SON-7INFISHINGKNIFE-BLK-PK-FISH-7SH,73522,Type,Hunting,suspect,Fishing,90,ok,"This is a fishing fillet knife, not a hunting knife"
365242110528,SON-7INFISHINGKNIFE-BLK-PK-FISH-7SH,73522,Year,NEW,suspect,,20,no_suggestion,"'NEW' is not a valid year"
365242110528,SON-7INFISHINGKNIFE-BLK-PK-FISH-7SH,73522,Features,"CUT AND CLEAN LIKE A PRO: High quality and",suspect,,85,no_suggestion,"Truncated marketing copy: 'CUT AND CLEAN LIKE A PRO: High quality and'"
366005344632,LST-SPACECINCHSET-3PC-PARENT,261068,"Year Manufactured",2026,suspect,,30,no_suggestion,"value '2026' flagged (note: allowed was null only because list too large)"
236402678858,DOY-ASRT-ZIPPERPOCKETKNIVES-PARENT,48818,Year,2026,suspect,,20,no_suggestion,"'2026' suspicious for a Year aspect on a collectible knife"
363809308977,MCN-TTAPE-HEXPATCH-PARENT,36120,"Mounting Type",Freestanding,suspect,,75,no_suggestion,"'Freestanding' is not a relevant mounting type for hex repair patches; miscategorized"
235396232983,4SN-MOODLIGHT-RECTANGLE-2PK,20702,Features,"Universal Home LED Color Changing Light - 7",suspect,,85,no_suggestion,"Truncated marketing copy: 'Universal Home LED Color Changing Light - 7'"
126493144658,NPT-AONGHW33FNRCBF-LG-BLCK,179791,Style,"Survival Kits",suspect,,60,no_suggestion,"'Survival Kits' is not a relevant style for a grappling hook"
364365610077,SON-FOLDINGSLUICEBOXBACKPACK-PZ-BSWAP,163824,Type,"Gold Pans",suspect,,55,no_suggestion,"'Gold Pans' is loose for a 24pc sluice box backpack kit"
364365610077,SON-FOLDINGSLUICEBOXBACKPACK-PZ-BSWAP,163824,"Country of Origin","United States",suspect,,50,no_suggestion,"gold panning kit SKU suggests China; 'United States' is suspect"
236015325652,SON-ASRO-FINGERHOLEKNIFE-STD,73522,Year,NEW,suspect,,20,no_suggestion,"'NEW' is not a valid year"
363267267278,NPT-JACKRIPPERTHROWINGKNIVES-6PC-EBAY,73522,Year,NEW,suspect,,20,no_suggestion,"'NEW' is not a valid year"
235264218835,HWK-TZ3144-SML-BLCK,181415,Type,"Not Available",suspect,,40,no_suggestion,"'Not Available' is a placeholder for an escape-and-evasion saw kit"
235100299670,SON-WRRFSDE175MM-10PC-SML-SLVR,178974,Cut,Rasp-Cut,suspect,Fine,55,ok,"Title says 'Fine Cut Riffler File' but Cut is 'Rasp-Cut'"
127389768403,SON-COMPANIONWHISTLES-ORG,181414,"Decibel Output","100 dB",suspect,"105 dB",80,ok,"Title states 105 dB but live value is '100 dB'"
127389768403,SON-COMPANIONWHISTLES-ORG,181414,Type,"Not Available",suspect,,40,no_suggestion,"'Not Available' placeholder for a safety whistle"
127389768405,FLL-HNHSTBAT,177887,Type,"Shooting Rest",suspect,,70,no_suggestion,"'Shooting Rest' wrong; this is a snap hook hardware accessory"
127389768406,SON-GUNBRUSHES3-3PC,22700,Features,"3 TYPES OF BRISTLES - Soft Plastic, Nylon and",suspect,,80,no_suggestion,"Truncated: '3 TYPES OF BRISTLES - Soft Plastic, Nylon and'"
127389768407,SON-HSSADF40IW-STD-WHT-IR-TT,180927,Features,"HOOK AND LOOP ROLLS: 40 inches of self-adhesive",suspect,"Hook and Loop, Self-Adhesive, 40 inches",60,ok,"Truncated: 'HOOK AND LOOP ROLLS: 40 inches of self-adhesive'"
127389768408,SON-8MMSLAM100PK-BUNDLE,117141,Material,Plastic,suspect,Steel,90,ok,"8mm steel ball bearings; 'Plastic' is wrong for steel slingshot ammo"
127389768411,SON-475POCKETKNIFE-CAMO-PARENT,48818,Year,NEW,suspect,,20,no_suggestion,"'NEW' is not a valid year"
127389768415,FLL-FOHHAM30MM-30MM-BLCK,52510,Features,"Hitch-Hiker Mounting System Fits 30mm",suspect,,70,no_suggestion,"Truncated: 'Hitch-Hiker Mounting System Fits 30mm'"
127389768417,4SN-CALLUSREMOV-RED-42121,11872,Features,"EASILY REMOVE CALLUS: The classic handheld",suspect,,80,no_suggestion,"Truncated: 'EASILY REMOVE CALLUS: The classic handheld'"
127389768418,SON-TS2ISSCS-6PC,20761,Brand,"Universal Tool",suspect,ToolTreaux,70,ok,"Title/SKU say ToolTreaux but Brand is 'Universal Tool'"
127389768422,SON-FLASHLIGHT-BLACK,16037,Type,"Not Available",suspect,,40,no_suggestion,"'Not Available' placeholder; mini keychain flashlight"
127389768431,SON-UTPSCRASIWB-LG-TN,260207,Type,"Router Attachment",suspect,"Rotary Tool Accessory Set",60,ok,"'Router Attachment' wrong for a 100pc rotary accessory set"
127389768442,SON-GP5-KIT107-7PCPAN-HPNR,15913,"California Prop 65 Warning","WARNING: This product can expose you to chemicals including {CHEMNAME1}, which is known to the State of California to cause cancer, birth defects or other reproductive harm. For more information, go to: www.P65Warnings.ca.gov",suspect,,95,no_suggestion,"Warning contains unfilled template placeholder '{CHEMNAME1}'"
127389768444,SHM-UV9LF-SML-BLCK,16037,Features,"21 LED UV LIGHT BULBS: Featuring 21 UV light LED",suspect,,80,no_suggestion,"Truncated: '21 LED UV LIGHT BULBS: Featuring 21 UV light LED'"
236344962435,SON-GUNCLMAT-18IN,,"Character Family",,suspect,,75,no_suggestion,"'Avengers' not confirmed by title (Army/Semi Truck/Superhero cinch bag bundle)"
236344962436,HWK-NYTOOLBAG-AB77,42362,Type,"Not Available",suspect,"Tool Bag",80,ok,"'Not Available' placeholder; this is clearly a tool bag"
236344962452,NPT-65THROWINGKNIVES-EAG,73522,Year,NEW,suspect,,20,no_suggestion,"'NEW' is not a valid year"
236344962454,SON-TS2ISSCS-6PC,20761,Brand,"Universal Tool",suspect,ToolTreaux,70,ok,"Title/SKU say ToolTreaux but Brand is 'Universal Tool'"
236344962455,LST-CINCHBAG-12PC-TRCK-BUN,260988,"Character Family",Avengers,suspect,,75,no_suggestion,"'Avengers' not supported by title (Army/Semi Truck/Superhero)"
236344962456,4SN-TOTE-BABYYODA-2PK-BUN,261068,Type,"Action Figure",suspect,,85,no_suggestion,"non-woven tote bag set, not an action figure; Type='Action Figure' is wrong"
236344962456,4SN-TOTE-BABYYODA-2PK-BUN,261068,Material,Plastic,suspect,"Non-woven fabric",70,ok,"tote bags are non-woven fabric, not 'Plastic'"
236344962456,4SN-TOTE-BABYYODA-2PK-BUN,261068,Sport,"Action Figure",suspect,,90,no_suggestion,"'Action Figure' is not a sport; miscategorized"
236344962456,4SN-TOTE-BABYYODA-2PK-BUN,261068,Features,"2 PACK BABY YODA TOTE BAGS - Officially licensed",suspect,,80,no_suggestion,"'2 PACK BABY YODA TOTE BAGS - Officially licensed' truncated"
236344962459,4SN-6PCKNIVES-50549,177005,Features,"ALL-IN-ONE KNIFE SET -  The Beille cutlery knife",suspect,,80,no_suggestion,"Truncated: 'ALL-IN-ONE KNIFE SET - The Beille cutlery knife'"
236344962462,MCN-WILDERNESSTRAVELGUIDE,261186,Language,Abkhaz,suspect,English,90,ok,"'Abkhaz' is not the language of this English wilderness medicine guide"
236344962465,DOY-NORALACE-2500-PARENT,169282,"Dog Size",Standard,suspect,,90,no_suggestion,"'Dog Size' is irrelevant for a boot lace product; miscategorized aspect"
236344962470,SON-CABLE-TIES-CT4B,57007,Features,"CABLE TIES - Universal Home",suspect,,80,no_suggestion,"Truncated: 'CABLE TIES - Universal Home'"
236344962474,HGR-CARGOSTABILIZERBAR-LARGE,177849,Capacity,"Not Available",suspect,,40,no_suggestion,"'Not Available' placeholder for a cargo stabilizer bar"
236344962474,HGR-CARGOSTABILIZERBAR-LARGE,177849,"Rack Type","Not Available",suspect,,40,no_suggestion,"'Not Available' placeholder; cargo stabilizer/bed extender bar"
236344962479,SON-POCKETKNIFE-BLK,48818,Year,NEW,suspect,,20,no_suggestion,"'NEW' is not a valid year"
236344962482,MCN-MGA80ESRC-80-BLCK,181413,Type,"Not Available",suspect,Paracord,55,ok,"'Not Available' placeholder; this is an elastic shock cord"
365879832355,MCN-MMESDAALCD125O-C-WHT,29574,"Country of Origin",USA,suspect,,50,no_suggestion,"'USA' is not a standard eBay country name; should be 'United States'"
365879832356,UPD-NAILPOL-HK-HK1156GG-BUN,11873,"California Prop 65 Warning","About California Proposition 65 Proposition 65, officially the Safe Drinking Water and Toxic Enforcement Act of 1986, is a law that requires warnings be provided to California consumers when they might be exposed to chemicals identified by California as causing cancer or reproductive toxicity. The warnings are intended to help california consumers make informed decisions about their exposures to these chemicals from the products they use. The California Office of Environmental Health Hazard Assessment (OEHHA) administers the Proposition 65 program and publishes the listed chemicals, which includes more that 850 chemicals. In August 2016, OEHHA adopted new regulations, effective on August 30, 2018, which change the information required in Proposition 65 warnings. This product can expose you",suspect,,85,no_suggestion,"Warning truncated mid-sentence ending 'This product can expose you'"
365879832358,SON-POCKET-KNIFE-KFD702,48818,Year,NEW,suspect,,20,no_suggestion,"'NEW' is not a valid year"
365879832362,NPT-11INHUNTINGKNIFE-GA,73522,Year,NEW,suspect,,20,no_suggestion,"'NEW' is not a valid year"
365879832365,SON-500-LUMEN-WORKLIGHT,126393,Features,"MULTIPURPOSE WORK LIGHT - brightness is at 500",suspect,,80,no_suggestion,"Truncated: 'MULTIPURPOSE WORK LIGHT - brightness is at 500'"
365879832369,26C-BLE-ACACIAWOODBOARD-STD,46282,Brand,Kitchen,suspect,Beille,85,ok,"Beille brand per name/title/SKU, but Brand is set to 'Kitchen'"
365879832379,4SN-3PCCUTLERY-44031,177005,Features,"3PC ESSENTIAL KITCHEN KNIFE SET - The Beille 3pc",suspect,,80,no_suggestion,"Truncated: '3PC ESSENTIAL KITCHEN KNIFE SET - The Beille 3pc'"
365879832383,SON-COLLAPBACKPACK-BLK,181379,"Unit Type",lb,suspect,Unit,85,ok,"Unit Type 'lb' inappropriate for a backpack; should be 'Unit'"
365879832383,SON-COLLAPBACKPACK-BLK,181379,"Unit Quantity",0,suspect,1,80,ok,"Unit Quantity '0' is nonsensical; should be 1"
365879832388,SON-35ISTSSSTS-35-GOLD,28171,Features,"STORK STYLE CRAFTING SCISSORS - These super sharp",suspect,,80,no_suggestion,"Truncated: 'STORK STYLE CRAFTING SCISSORS - These super sharp'"
365879832389,ASR-MEDIUMSIZECARABINERSKEEP,50814,Material,Plastic,suspect,Aluminum,80,ok,"aluminum carabiners per title, but Material listed as 'Plastic'"
365879832393,4SN-BEAUTYTOOLKIT-PARENT,11872,"California Prop 65 Warning","WARNING: This product can expose you to chemicals including {CHEMNAME1}, which is known to the State of California to cause cancer, birth defects or other reproductive harm. For more information, go to: www.P65Warnings.ca.gov",suspect,,95,no_suggestion,"Warning contains unfilled template placeholder '{CHEMNAME1}'"
365879832396,4SN-BLE-KNIFESET-13PC,20638,Features,"QUALITY KNIFE SET: The knife set is constructed",suspect,,80,no_suggestion,"Truncated: 'QUALITY KNIFE SET: The knife set is constructed'"
365879832397,SON-TTX-ICESCRAPERGLOVE-BLK-PARENT,21231,Capacity,"Not Available",suspect,,50,no_suggestion,"'Not Available' placeholder; ice scraper"
365879832397,SON-TTX-ICESCRAPERGLOVE-BLK-PARENT,21231,"Rack Type","Not Available",suspect,,80,no_suggestion,"'Not Available' placeholder; ice scraper miscategorized under Racks & Carriers"
365879832400,4SN-EYETOOLKIT-2PC-71209,82599,Features,ToolTreaux,suspect,"Eyelash Curler, Tweezer",70,ok,"'ToolTreaux' is just the brand name repeated, not a feature"
127389838857,SON-SHARPENING-STONE-SS6-ASO,43220,"Blade Material","Stainless Steel",suspect,,70,no_suggestion,"'Stainless Steel' is wrong for a sharpening stone; should be Corundum/Aluminum Oxide"
127389838865,4SN-CINCHBAG-MIC-13PC-BUN,260988,Character,"Mickey Mouse, Officially Licensed",suspect,"Mickey Mouse",85,ok,"drop 'Officially Licensed'; should be 'Mickey Mouse'"
127389838865,4SN-CINCHBAG-MIC-13PC-BUN,260988,"Character Family","Disney, Officially Licensed",suspect,Disney,75,ok,"drop 'Officially Licensed'; should be 'Disney'"
127389838868,UPD-RINGBRACELET-ARI,19172,Year,NEW,suspect,,20,no_suggestion,"'NEW' is not a valid year"
127389838868,UPD-RINGBRACELET-ARI,19172,Color,Ariel,suspect,,80,no_suggestion,"'Ariel' is a character name, not a color"
127389838872,MCN-MOME2OZZCZCALWB-2O-CLR,36120,Type,"Repair Kit",suspect,Lubricant,65,ok,"Zipper Care is a cleaner/lubricant, not a repair kit"
127389838873,SON-ASRO-4IN1EMERGMULTITOOL-STD,16037,Type,Flashlight,suspect,Multi-Tool,75,ok,"4-in-1 hand crank emergency radio, categorized only as Flashlight"
127389838883,ABC-SWATELITESET-DF42218A,19172,Year,NEW,suspect,,20,no_suggestion,"'NEW' is not a valid year"
127389838887,HWK-LEATHAPRON-PARENT,42632,Features,ToolTreaux,suspect,,85,no_suggestion,"'ToolTreaux' is just the brand name repeated, not a feature"
127389838895,SON-AOTAC-BUN-2PC-4PK-3B1-BLCK-2,20761,Type,"Ratchet Clamp",suspect,"Spring Clamp",60,ok,"tarp/awning grip clamps, not ratchet clamps"
236345031403,SON-GUNBRUSHESNYL-10PC,22700,Features,"NYLON BRISTLES - Nylon is a Safe and Effective",suspect,,80,no_suggestion,"Truncated: 'NYLON BRISTLES - Nylon is a Safe and Effective'"
236345031408,SON-FOLDING-SHOVEL-87950MS,75233,Features,"MATERIAL - #50 carbon steel material",suspect,"#50 carbon steel",60,ok,"Truncated: 'MATERIAL - #50 carbon steel material'"
236345031413,APL-SUBSHARK-AS-9445,180506,"Character Family",Cars,suspect,,65,no_suggestion,"'Cars' too generic (could be Pixar); this is a submarine/shark carrier toy"
236345031414,SON-SUVIVALSLEEPING-2PK-ASR,87100,Type,"Not Available",suspect,,40,no_suggestion,"'Not Available' placeholder; emergency sleeping bag"
236345031416,MCN-GARVXDCMRP-BNDL-AMZ,87100,Type,"Sleeping Bag",suspect,,90,no_suggestion,"fabric care/repair kit, not a Sleeping Bag"
236345031416,MCN-GARVXDCMRP-BNDL-AMZ,87100,"Shell Material",Down,suspect,,90,no_suggestion,"'Down' is not a shell material; miscategorized from sleeping bag aspects"
236345031422,LST-KPL-KARAOKE-KEYBOARD-BLU,145943,Year,NEW,suspect,,20,no_suggestion,"'NEW' is not a valid year"
236345031422,LST-KPL-KARAOKE-KEYBOARD-BLU,145943,"Character Family",Music,suspect,,60,no_suggestion,"'Music' is a genre, not a character family"
236345031422,LST-KPL-KARAOKE-KEYBOARD-BLU,145943,Character,Music,suspect,,60,no_suggestion,"'Music' is not a character; generic keyboard toy"
236345031423,MCN-GRNLINEFILTER-67013,181407,Type,Straw,suspect,Filter,60,ok,"replacement filter cartridge, not a straw"
236345031427,DOY-ASRO-RHCHISELSET-3PC,258334,"California Prop 65 Warning","About California Proposition 65 Proposition 65, officially the Safe Drinking Water and Toxic Enforcement Act of 1986, is a law that requires warnings be provided to California consumers when they might be exposed to chemicals identified by California as causing cancer or reproductive toxicity. The warnings are intended to help california consumers make informed decisions about their exposures to these chemicals from the products they use. The California Office of Environmental Health Hazard Assessment (OEHHA) administers the Proposition 65 program and publishes the listed chemicals, which includes more that 850 chemicals. In August 2016, OEHHA adopted new regulations, effective on August 30, 2018, which change the information required in Proposition 65 warnings. This product can expose you",suspect,,85,no_suggestion,"Warning truncated mid-sentence ending 'This product can expose you'"
365879907928,4SN-FACECREAM-6OZ,21205,Brand,"Home Essentials",suspect,"Bella Linda",75,ok,"name says 'Bella Linda' but Brand is 'Home Essentials'"
365879907928,4SN-FACECREAM-6OZ,21205,Features,"SKIN CARE HYDRATION: There are hundreds of facial",suspect,,80,no_suggestion,"Truncated: 'SKIN CARE HYDRATION: There are hundreds of facial'"
365879907931,LST-KPL-SPACESTNBACKPACK-10IN,1187,Type,"Space Shuttle",suspect,,70,no_suggestion,"'Space Shuttle' wrong for a 15pc space explorer backpack set with astronaut"
365879907934,LST-SHOPCARTBLU-EODS008-921,19181,Year,NEW,suspect,,20,no_suggestion,"'NEW' is not a valid year"
365879907934,LST-SHOPCARTBLU-EODS008-921,19181,"Character Family","Shopping Cart",suspect,,70,no_suggestion,"'Shopping Cart' is a description, not a character family"
365879907934,LST-SHOPCARTBLU-EODS008-921,19181,Character,"Shopping Cart",suspect,,70,no_suggestion,"'Shopping Cart' is a description, not a character"
365879907937,SON-POCKETSCALE-WC2610-5,72667,Features,"PRECISE & ACCURATE MEASUREMENTS : The digital",suspect,,80,no_suggestion,"Truncated: 'PRECISE & ACCURATE MEASUREMENTS : The digital'"
365879907950,SON-ASRO-5INCHSTORAGECAPSULE-SILVER,8504,"California Prop 65 Warning","About California Proposition 65 Proposition 65, officially the Safe Drinking Water and Toxic Enforcement Act of 1986, is a law that requires warnings be provided to California consumers when they might be exposed to chemicals identified by California as causing cancer or reproductive toxicity. The warnings are intended to help california consumers make informed decisions about their exposures to these chemicals from the products they use. The California Office of Environmental Health Hazard Assessment (OEHHA) administers the Proposition 65 program and publishes the listed chemicals, which includes more that 850 chemicals. In August 2016, OEHHA adopted new regulations, effective on August 30, 2018, which change the information required in Proposition 65 warnings. This product can expose you",suspect,,85,no_suggestion,"Warning truncated mid-sentence ending 'This product can expose you'"
365879907955,SON-MEDPENLIGHTS-FL102-4EMT,257817,Features,"EMT ESSENTIAL TOOL: This ASR Federal set of four",suspect,,80,no_suggestion,"Truncated: 'EMT ESSENTIAL TOOL: This ASR Federal set of four'"
365879907957,UPD-8PCERASR-69343MZ,102954,Character,"Officially Licensed",suspect,Spider-Man,85,ok,"'Officially Licensed' placeholder; product is Spider-Man erasers"
365879907959,SON-KDKASS-225-BL,43220,Brand,"ASR Outdoor",suspect,"Universal Tool",70,ok,"Title/SKU indicate Universal Tool but Brand is 'ASR Outdoor'"
127389838901,SON-155BSSMRWZSS-155E-BLCK-EBAY,73522,Year,NEW,suspect,,20,no_suggestion,"'NEW' is not a valid year"
127389838901,SON-155BSSMRWZSS-155E-BLCK-EBAY,73522,"Blade Type",Straightback,suspect,,55,no_suggestion,"recurved machete unlikely to be 'Straightback'; title says 'Recurved Blade'"
127389838906,SON-MSFEW-C-ORNG-6PC-IR-TT,181414,Type,"Not Available",suspect,,40,no_suggestion,"'Not Available' placeholder for a safety whistle"
127389838909,UPD-TITANHERO-SPIDERMAN-PARENT,261068,Franchise,Heroes,suspect,Marvel,85,ok,"'Heroes' too generic; Spider-Man belongs to Marvel"
127389838909,UPD-TITANHERO-SPIDERMAN-PARENT,261068,"California Prop 65 Warning","About California Proposition 65 Proposition 65, officially the Safe Drinking Water and Toxic Enforcement Act of 1986, is a law that requires warnings be provided to California consumers when they might be exposed to chemicals identified by California as causing cancer or reproductive toxicity. The warnings are intended to help california consumers make informed decisions about their exposures to these chemicals from the products they use. The California Office of Environmental Health Hazard Assessment (OEHHA) administers the Proposition 65 program and publishes the listed chemicals, which includes more that 850 chemicals. In August 2016, OEHHA adopted new regulations, effective on August 30, 2018, which change the information required in Proposition 65 warnings. This product can expose you",suspect,,85,no_suggestion,"Warning truncated mid-sentence ending 'This product can expose you'"
127389838912,PF-POSTER-DUMBBELL-PARENT,28009,Material,Plastic,suspect,Paper,75,ok,"printed fitness poster is paper, not 'Plastic'"
127389838913,SON-PARACORDBRACELETKIT-1OPC,181413,Type,"Not Available",suspect,,40,no_suggestion,"'Not Available' placeholder; paracord bracelet kit"
127389838914,4SN-BLE-CHRMWBOTTLE-23OZ,177006,Features,Beille,suspect,"BPA Free, Bamboo Lid",75,ok,"'Beille' is just the brand name repeated, not a feature"
127389838917,DOY-WILD-ANIMAL-DAGGER-SET-BNDLE,73522,Type,Hunting,suspect,Dagger,65,ok,"ornamental decorative daggers, not hunting knives"
127389838917,DOY-WILD-ANIMAL-DAGGER-SET-BNDLE,73522,Year,NEW,suspect,,20,no_suggestion,"'NEW' is not a valid year"
127389838917,DOY-WILD-ANIMAL-DAGGER-SET-BNDLE,73522,Character,"Patriotic Eagle",suspect,,55,no_suggestion,"'Patriotic Eagle' is only one of three designs (Wolf, Eagle, Dragon)"
127389838928,4SN-CHEESEGRATER-PNK-45498,11662,Material,Plastic,suspect,"Stainless Steel",80,ok,"Title says 'Stainless Steel Grater' but Material is 'Plastic'"
127389838930,SON-500POCKETKNIFE-CLIPPOINT-PARENT,48818,Year,NEW,suspect,,20,no_suggestion,"'NEW' is not a valid year"
127389838930,SON-500POCKETKNIFE-CLIPPOINT-PARENT,48818,Character,Animal,suspect,,70,no_suggestion,"'Animal' is not a character; American Legacy graphic knife"
127389838931,SON-COLLETSET-4PC,36345,"California Prop 65 Warning","WARNING: This product may contain chemicals known to the State of",suspect,,90,no_suggestion,"Warning truncated: 'WARNING: This product may contain chemicals known to the State of California'"
127389838933,APL-TRANSFORMCARS-AS-10061,182183,Type,"Drift Car",suspect,,60,no_suggestion,"'Drift Car' wrong for a 2-in-1 transforming robot RC car"
127389838934,SON-UDRTASSPC-228PC-MTL,260207,Type,"Router Attachment",suspect,"Rotary Tool Accessory Set",60,ok,"'Router Attachment' wrong for a 228pc rotary accessory set"
127389838936,4SN-DOVESHAMPOO-FRZ-38046,177661,Features,"ANTI FRIZZ HAIR CARE: Dove Anti Frizz Nourishing",suspect,,80,no_suggestion,"Truncated: 'ANTI FRIZZ HAIR CARE: Dove Anti Frizz Nourishing'"
127389838939,SON-ASRO-ALUMTENTSTAKES-SILVER-4PC,36120,Type,"Not Available",suspect,,40,no_suggestion,"'Not Available' placeholder; tent stakes/pegs"
127389838940,SON-PARACORDBRACELETKIT-SOL,181413,Type,"Not Available",suspect,,40,no_suggestion,"'Not Available' placeholder; paracord bracelet kit"
127389838942,UPD-FLOWERCLIP-11496446-PRINCESS,57920,Features,"OFFICIALLY LICENSED - Dress up like your favorite",suspect,,80,no_suggestion,"Truncated: 'OFFICIALLY LICENSED - Dress up like your favorite'"
127389838944,UPD-PLAYPACK-AVENGERS-1066524,102951,Brand,Avengers,suspect,Marvel,80,ok,"'Avengers' is the franchise, not the brand; should be 'Marvel'"
127389838944,UPD-PLAYPACK-AVENGERS-1066524,102951,Color,Avengers,suspect,,90,no_suggestion,"'Avengers' is a franchise name, not a color"
127389838948,SON-ASRO-FIRSTAIDKIT-55PC,181415,"California Prop 65 Warning","About California Proposition 65 Proposition 65, officially the Safe Drinking Water and Toxic Enforcement Act of 1986, is a law that requires warnings be provided to California consumers when they might be exposed to chemicals identified by California as causing cancer or reproductive toxicity. The warnings are intended to help california consumers make informed decisions about their exposures to these chemicals from the products they use. The California Office of Environmental Health Hazard Assessment (OEHHA) administers the Proposition 65 program and publishes the listed chemicals, which includes more that 850 chemicals. In August 2016, OEHHA adopted new regulations, effective on August 30, 2018, which change the information required in Proposition 65 warnings. This product can expose you",suspect,,85,no_suggestion,"Warning truncated mid-sentence ending 'This product can expose you'"
127389838951,4SN-WALLCLOCK-PARENT,20561,"Character Family",Licensed,suspect,,75,no_suggestion,"'Licensed' is a placeholder, not a real character family"
127389838951,4SN-WALLCLOCK-PARENT,20561,Character,Licensed,suspect,,75,no_suggestion,"'Licensed' is a placeholder, not a real character name"
127389838955,SON-SCOOPNPROBE-GP3-PARENT,3186,"California Prop 65 Warning","WARNING: This product can expose you to chemicals including {CHEMNAME1}, which is known to the State of California to cause cancer, birth defects or other reproductive harm. For more information, go to: www.P65Warnings.ca.gov",suspect,,95,no_suggestion,"Warning contains unfilled template placeholder '{CHEMNAME1}'"
127389838960,LST-DIECASTTRAILER-BLUE,51023,Year,NEW,suspect,,20,no_suggestion,"'NEW' is not a valid year"
127389838965,SON-TCFPKCB12IX15I-BUN-4PC-4PK-CLR,46282,"Number of Items in Set",10,suspect,4,85,ok,"Title/SKU indicate a 4-pack but value is '10'"
236345031424,ASR-EDACS-BUN-3PC-MED-BNDL,73522,Year,NEW,suspect,,20,no_suggestion,"'NEW' is not a valid year"
236345031424,ASR-EDACS-BUN-3PC-MED-BNDL,73522,Features,"SPECIAL EDITION DECORATIVE KNIFE:  These wild",suspect,,80,no_suggestion,"Truncated: 'SPECIAL EDITION DECORATIVE KNIFE: These wild'"
236345031438,4SN-MINECRAFT-BEDSHEETS,79619,Size,Medium,suspect,Twin,70,ok,"twin bed sheets but Size is 'Medium'"
236345031438,4SN-MINECRAFT-BEDSHEETS,79619,"Character Family",Cartoon,suspect,Minecraft,75,ok,"'Cartoon' too generic; product is Minecraft"
236345031438,4SN-MINECRAFT-BEDSHEETS,79619,Color,Minecraft,suspect,,90,no_suggestion,"'Minecraft' is a brand/character, not a color; should be Gray/Grey"
236345031438,4SN-MINECRAFT-BEDSHEETS,79619,Character,Cartoon,suspect,Minecraft,75,ok,"'Cartoon' too generic; this is Minecraft"
236345031440,SON-AOTAC-BUN-2PC-810PK-3B1-BLCK-2,20761,Type,"Ratchet Clamp",suspect,"Spring Clamp",60,ok,"tarp/awning grip clamps, not ratchet clamps"
236345031444,4SN-GOBLETWATERGLASSES-6PK,260384,Type,"Not Available",suspect,Goblet,70,ok,"'Not Available' placeholder; these are goblet glasses"
236345031445,MCN-MGAUCA25O-SML,27362,Color,Standard,suspect,,80,no_suggestion,"'Standard' is not a color; clear adhesive product"
236345031451,SON-HANGWORKLIGHT-ORG,126393,Features,"SUPER BRIGHT LIGHT - 400 Lumens and Dual COB LEDs",suspect,,80,no_suggestion,"Truncated: 'SUPER BRIGHT LIGHT - 400 Lumens and Dual COB LEDs'"
236345031453,SON-3IN1CUSKFS-3PC-ONE-SLVR,87133,Features,"Knife, Fork and Spoon Clip Together For Easy",suspect,"Knife, Fork and Spoon, Clip-Together Design",60,ok,"Truncated: 'Knife, Fork and Spoon Clip Together For Easy'"
236345031454,SON-3IN1HEADLAMP-BLK-FL8217HB,106984,Features,"ALL PURPOSE LED HEADLAMP: Camping, biking",suspect,,80,no_suggestion,"Truncated: 'ALL PURPOSE LED HEADLAMP: Camping, biking'"
236345031456,UPD-DPBFSWBRAHC-7-PNK,19172,Year,NEW,suspect,,20,no_suggestion,"'NEW' is not a valid year"
236345031462,SON-8-PIN-PUNCH-ST1032B,50380,Color,Black,suspect,Gold,70,ok,"brass pin punch set should be 'Gold' (brass color) not 'Black'"
236345031465,UPD-DIARYSET-MINNIE-705626MRM-BUN,45112,Character,"Officially Licensed",suspect,"Minnie Mouse",90,ok,"'Officially Licensed' placeholder; Minnie Mouse diary set"
236345031465,UPD-DIARYSET-MINNIE-705626MRM-BUN,45112,Color,"Minnie Mouse",suspect,,90,no_suggestion,"'Minnie Mouse' is a character name, not a color"
236345031469,NPT-OPENRESCUEKNIFE-BLK,48818,Year,NEW,suspect,,20,no_suggestion,"'NEW' is not a valid year"
236345031470,SON-12ISSRMASM-12I-MTLC,29524,Features,"Stainless Steel - Won't Rust, Melt, Burn, Snap or",suspect,,80,no_suggestion,"Truncated: 'Stainless Steel - Wont Rust, Melt, Burn, Snap or'"
236345031474,DOY-ASRO-12PCGEODEKIT-BUN,11737,"Age Level","4-7, 8-11 Years, 12-16 Years, 17 Years & Up",suspect,4-7,60,ok,"comma-list of multiple values; SELECTION_ONLY should be single"
236345031475,MCN-REFLTTAPEPATCH-GRY,36120,Features,"Be visible in low light environments and improve",suspect,,80,no_suggestion,"Truncated: 'Be visible in low light environments and improve'"
236345031479,HGR-HCSBS-SML-BLCK,177849,Capacity,"Not Available",suspect,,40,no_suggestion,"'Not Available' placeholder for a cargo stabilizer bar"
236345031479,HGR-HCSBS-SML-BLCK,177849,"Rack Type","Not Available",suspect,,40,no_suggestion,"'Not Available' placeholder; cargo stabilizer bar"
236345031480,DOY-TTX-CLEARWATCHCOFFIN-PARENT,260330,"California Prop 65 Warning","About California Proposition 65 Proposition 65, officially the Safe Drinking Water and Toxic Enforcement Act of 1986, is a law that requires warnings be provided to California consumers when they might be exposed to chemicals identified by California as causing cancer or reproductive toxicity. The warnings are intended to help california consumers make informed decisions about their exposures to these chemicals from the products they use. The California Office of Environmental Health Hazard Assessment (OEHHA) administers the Proposition 65 program and publishes the listed chemicals, which includes more that 850 chemicals. In August 2016, OEHHA adopted new regulations, effective on August 30, 2018, which change the information required in Proposition 65 warnings. This product can expose you",suspect,,85,no_suggestion,"Warning truncated mid-sentence ending 'This product can expose you'"
236345031486,NPT-HUNTKNF-AMEAG-PARENT,73522,Year,NEW,suspect,,20,no_suggestion,"'NEW' is not a valid year"
365879907974,UPD-SMHAIRBOW-SHIM,19172,Year,NEW,suspect,,20,no_suggestion,"'NEW' is not a valid year"
365879907974,UPD-SMHAIRBOW-SHIM,19172,Color,"Shimmer and Shine",suspect,,90,no_suggestion,"'Shimmer and Shine' is a character name, not a color"
365879907984,UPD-SONICPB-644B-BUN,177918,"California Prop 65 Warning","About California Proposition 65 Proposition 65, officially the Safe Drinking Water and Toxic Enforcement Act of 1986, is a law that requires warnings be provided to California consumers when they might be exposed to chemicals identified by California as causing cancer or reproductive toxicity. The warnings are intended to help california consumers make informed decisions about their exposures to these chemicals from the products they use. The California Office of Environmental Health Hazard Assessment (OEHHA) administers the Proposition 65 program and publishes the listed chemicals, which includes more that 850 chemicals. In August 2016, OEHHA adopted new regulations, effective on August 30, 2018, which change the information required in Proposition 65 warnings. This product can expose you",suspect,,85,no_suggestion,"Warning truncated mid-sentence ending 'This product can expose you'"
365879907986,SON-TTX-SLVRSAFETYACIDTESTKIT-7PC-BUN,262020,Material,"Platinum Testing Solution",suspect,,70,no_suggestion,"'Platinum Testing Solution' is a testing liquid, not the kit material"
365879907995,NPT-ANIMALHANDLEDAGGER-PARENT-2,73522,Year,NEW,suspect,,20,no_suggestion,"'NEW' is not a valid year"
365879907999,SON-SSCHF8OZ-8O-SLVR,63505,Features,"Material: Stainless Steel",suspect,,70,no_suggestion,"Truncated mid-sentence; not a real feature description"
365879908004,DLT-BIBLEBOOK-280505-2PK-ASST,11735,Year,NEW,suspect,,20,no_suggestion,"'NEW' is not a valid year"
365879908006,4SN-LSPEEDSTICK-PDF-3PK-BUN,29580,Features,"TRUSTED LADY SPEED STICK BRAND - Invisible Dry",suspect,,70,no_suggestion,"Truncated mid-sentence ad copy"
365879908007,4SN-FACECREAM-6OZ-2PK,21205,Features,"SKIN CARE HYDRATION: There are hundreds of facial",suspect,,70,no_suggestion,"Truncated mid-sentence ad copy"
365879908009,UPD-CANTEEN-FROZEN-BUN,177058,Character,Frozen,suspect,Anna,75,ok,"'Frozen' is a franchise; title names Anna and Elsa"
365879908011,XGI-URBANPLAYMAT-POLICE-KP-IH,19100,Year,NEW,suspect,,20,no_suggestion,"'NEW' is not a valid year"
365879908011,XGI-URBANPLAYMAT-POLICE-KP-IH,19100,Color,"Police Station",suspect,,60,no_suggestion,"'Police Station' is a theme, not a color"
365879908015,UPD-FOILSTICKERS-SPIDERMAN,34002,Character,"Officially Licensed",suspect,Spider-Man,90,ok,"'Officially Licensed' placeholder; Marvel Spider-Man sticker book"
365879908015,UPD-FOILSTICKERS-SPIDERMAN,34002,Color,Spiderman,suspect,,60,no_suggestion,"'Spiderman' is a character name, not a color"
365879908017,4SN-DOVESHAMPOO-KNT-38044,177661,Features,"ANTI KNOT HYDRATION SHAMPOO: For long, dehydrated",suspect,,70,no_suggestion,"Truncated mid-sentence ad copy"
365879908019,ASR-15PC-3LB-PAYDIRT-RUBBER,15913,Size,Rubber,suspect,,60,no_suggestion,"'Rubber' is the sluice material, not a size"
365879908020,4SN-FLEXCUTTINGMAT-PINK,46282,Features,"Universal Home Flexible Cutting Mat - Pink Color,",suspect,,70,no_suggestion,"Truncated; begins with brand name ad copy"
365879908023,SON-JEWELLOUPE-4PC,262020,Type,"Not Available",suspect,,55,no_suggestion,"'Not Available' is a placeholder"
365879908026,UNV-UAGBCK-BUN-2PC-SML-BRSS-2,261610,Type,"Master Clock",suspect,,65,no_suggestion,"'Master Clock' inaccurate; this is a clock winding key"
127389857796,AQM-MFUQC14I-14-BLCK,87125,Features,"Universal Quick Connect (UQC) adapter for",suspect,,70,no_suggestion,"Truncated mid-sentence ad copy"
127389857807,UNV-UAGBCK-BUN-2PC-SML-BRSS,261610,Type,"Master Clock",suspect,,65,no_suggestion,"'Master Clock' inaccurate; grandfather clock winding key"
127389857815,HWK-CAMPINGVEST-8PKTS,65976,Features,"ASR Outdoor",suspect,"ASR Outdoor Camping Vest",65,ok,"'ASR Outdoor' is the brand, not a feature"
127389857815,HWK-CAMPINGVEST-8PKTS,65976,"Outer Shell Material","Not Available",suspect,,55,no_suggestion,"'Not Available' placeholder; title/category indicate Nylon"
127389857816,UPD-BOPBAG-MANDALORIAN-BUN,11742,Character,"Star Wars",suspect,"The Mandalorian",80,ok,"'Star Wars' is the franchise; character is The Mandalorian"
127389857816,UPD-BOPBAG-MANDALORIAN-BUN,11742,"Age Level","4-7, 8-11 Years",suspect,4-7,70,ok,"two values; SELECTION_ONLY requires single"
127389857817,SON-MINPOCKKNV-KC7223-ASRLOGO,75235,Color,Red,suspect,Black,75,ok,"Title/name say 'Black' but Color is 'Red'"
127389857822,SON-LEDWORKLIGHT-LARGE-BLACKORANGE,126393,Features,"High powered 750 Lumen with energy efficient long",suspect,,70,no_suggestion,"Truncated mid-sentence ad copy"
127389857823,FLL-BOSDTBO-L375LD5-BLCK,20688,Features,"6061-T6 Aircraft Aluminum",suspect,"Bottle Opener",60,ok,"'6061-T6 Aircraft Aluminum' is the material, not a feature"
127389857827,UPD-TS4NOTEPEEP-1023670477,145939,Year,NEW,suspect,,20,no_suggestion,"'NEW' is not a valid year"
127389857827,UPD-TS4NOTEPEEP-1023670477,145939,Character,"Toy Story",suspect,"Bo Peep",80,ok,"'Toy Story' is the franchise; character is Bo Peep"
127389857829,NPT-BEARKNIFE-BLACK,73522,Year,NEW,suspect,,20,no_suggestion,"'NEW' is not a valid year"
127389857829,NPT-BEARKNIFE-BLACK,73522,Features,"BOWIE-STYLE KNIFE - Large Sheathed Knife with",suspect,,70,no_suggestion,"Truncated mid-sentence ad copy"
127389857830,4SN-MOODLIGHT-RECTANGLE,20702,Features,"Universal Home LED Color Changing Light - 7",suspect,,70,no_suggestion,"Truncated mid-sentence"
127389857832,LST-FLYINGDISC-ORG,19017,Year,NEW,suspect,,20,no_suggestion,"'NEW' is not a valid year"
127389857835,SON-PAKAWOODKNIFE-3IN,48818,Year,NEW,suspect,,20,no_suggestion,"'NEW' is not a valid year"
127389857836,UPD-PULLTOPBTTL-FROZEN-BUN,177058,Color,Frozen,suspect,Blue,75,ok,"'Frozen' is a franchise, not a color; product is blue"
127389857836,UPD-PULLTOPBTTL-FROZEN-BUN,177058,"Character Family",Disney,suspect,Frozen,85,ok,"'Disney' is the parent brand; character family is Frozen"
127389857836,UPD-PULLTOPBTTL-FROZEN-BUN,177058,Character,Disney,suspect,Elsa,65,ok,"'Disney' is not a character; Frozen II features Elsa"
127389857839,UPD-HPARTBP-48571MZ-BUN,260988,Color,Yellow,suspect,Red,70,ok,"'Yellow' likely wrong for a Gryffindor backpack (red and gold)"
127389857839,UPD-HPARTBP-48571MZ-BUN,260988,Features,"HARRY POTTER ART KIT BACKPACK: Straight from the",suspect,,70,no_suggestion,"Truncated mid-sentence ad copy"
127389857840,SON-UAGBCKE-SML-BRSS,261610,Type,"Master Clock",suspect,,65,no_suggestion,"'Master Clock' inaccurate; grandfather clock winding key"
127389857845,LST-SPCBLSTBAG-BLU-BUN,19181,Year,NEW,suspect,,20,no_suggestion,"'NEW' is not a valid year"
127389857846,SON-AOMDBWSB-17X125-BLCK,87122,Type,"Utility Pouch",suspect,Daypack,60,ok,"'Utility Pouch' inaccurate; drawstring backpack"
127389857846,SON-AOMDBWSB-17X125-BLCK,87122,Features,"DRAWSTRING BACKPACK: ASR Outdoor branded backpack",suspect,,70,no_suggestion,"Truncated mid-sentence ad copy"
127389857848,SON-UVFLASHLIGHT-BLK,16037,Features,"29 LED UV LIGHT BULBS – Featuring 29 UV light LED",suspect,,70,no_suggestion,"Truncated; '29 LED UV LIGHT BULBS' but title says 51 LED"
236345069152,MCN-GARVXPCWIWBP-BNDL-AMZ,87100,"Insulation Type",Down,suspect,Synthetic,80,ok,"fabric care/waterproofing kit, not a sleeping bag; Down wrong"
236345069152,MCN-GARVXPCWIWBP-BNDL-AMZ,87100,Type,"Sleeping Bag",suspect,,60,no_suggestion,"'Sleeping Bag' wrong; care/maintenance kit"
236345069152,MCN-GARVXPCWIWBP-BNDL-AMZ,87100,"Shell Material",Down,suspect,,80,no_suggestion,"'Down' wrong; cleaning/waterproofing kit has no shell"
236345069158,SON-CSTBS-33PC,260207,Brand,"Universal Tool",suspect,ToolTreaux,85,ok,"Brand says 'Universal Tool' but name/title show ToolTreaux"
236345069158,SON-CSTBS-33PC,260207,Type,"Router Attachment",suspect,,70,no_suggestion,"'Router Attachment' wrong; security bit set"
236345069159,4SN-BAGSTICKER-TS4-BUN,260988,"Character Family","Officially Licensed",suspect,"Toy Story",90,ok,"'Officially Licensed' is not a character family; Toy Story product"
236345069159,4SN-BAGSTICKER-TS4-BUN,260988,Character,"Officially Licensed",suspect,"Buzz Lightyear",75,ok,"'Officially Licensed' placeholder; Toy Story 4 main character"
236345069160,SON-AOES5LWFCP-LG-CLR,181408,Volume,"Not Available",suspect,"5 L",80,ok,"'Not Available' placeholder; title states 5 Liter"
236345069161,4SN-LSPEEDSTICK-PDF-5PK,29580,Features,"TRUSTED LADY SPEED STICK BRAND - Invisible Dry",suspect,,70,no_suggestion,"Truncated mid-sentence ad copy"
236345069164,UPD-HEADWRAP-11496435-PRINCESS,57920,Features,"OFFICIALLY LICENSED - Dress up like your favorite",suspect,,70,no_suggestion,"Truncated mid-sentence ad copy"
236345069170,ASR-ETB84X-BUN-4PK-84X52-SLVR,181415,Type,"Emergency Sleeping Bag",suspect,"Emergency Blanket",80,ok,"'Emergency Sleeping Bag' wrong; thermal emergency blanket"
236345069171,UPD-AVENGERS-DARTBLASTER-28227AVG,158749,Year,NEW,suspect,,20,no_suggestion,"'NEW' is not a valid year"
236345069173,NPT-POCKETKNIFE-BLK,75236,Features,"3 in 1 SURVIVAL KNIFE: This ASR Outdoor pocket",suspect,,70,no_suggestion,"Truncated mid-sentence ad copy"
236345069174,MCN-ODORELIMINATOR-GALLON,27363,"Dog Size",Standard,suspect,,90,no_suggestion,"'Dog Size' irrelevant for an odor eliminator spray"
236345069185,SON-32DBEARPLUGS-YELLOW,180940,"Dog Size",Standard,suspect,,90,no_suggestion,"'Dog Size' irrelevant for ear plugs"
365879950529,MCN-SEAMGRIP-REPAIRKIT-PARENT,36120,Color,Standard,suspect,Standard,50,ok,"'Standard' is not a color; likely placeholder"
365879950532,4SN-FACECREAM-6OZ-3PK,21205,Features,"SKIN CARE HYDRATION: There are hundreds of facial",suspect,,70,no_suggestion,"Truncated mid-sentence ad copy"
365879950534,UPD-COLORBOOK-BBY-20820,134568,Character,"Officially Licensed",suspect,"The Mandalorian",80,ok,"'Officially Licensed' placeholder; Star Wars Mandalorian coloring book"
365879950534,UPD-COLORBOOK-BBY-20820,134568,Color,"Yoda with Crayons",suspect,,60,no_suggestion,"'Yoda with Crayons' is not a color"
365879950535,SON-3LDSARFNB-BL,16037,Features,"SUPER BRIGHT: For being so little this",suspect,,70,no_suggestion,"Truncated mid-sentence ad copy"
365879950541,SON-EXTEND-FLYSWATTER-ASSRT,181042,Material,Plaster,suspect,Plastic,70,ok,"'Plaster' is almost certainly a misspelling of 'Plastic' for a fly swatter"
365879950543,4SN-CINCHBAG-AVG-16PC-BUN-WAL,260988,Character,"Spider-Man, Officially Licensed",suspect,Spider-Man,80,ok,"comma-list; SELECTION_ONLY should be single; Spider-Man"
365879950547,UPD-TS4EARRINGSET-14PC,19172,Year,NEW,suspect,,20,no_suggestion,"'NEW' is not a valid year"
365879950552,LST-SPACEGUN-RF300-GRN,158749,Year,NEW,suspect,,20,no_suggestion,"'NEW' is not a valid year"
365879950554,UPD-PBRUSH-PARENT,11855,Brand,"Offically Licensed",suspect,,70,no_suggestion,"'Offically Licensed' (misspelled) is not a brand name"
365879950558,SON-AO155IMWSAH-155-BLCK-2,73522,Year,NEW,suspect,,20,no_suggestion,"'NEW' is not a valid year"
365879950560,POLISHVAR-PARENT,67720,Color,"Metal Polish",suspect,,60,no_suggestion,"'Metal Polish' is the product description, not a color"
365879950563,SON-ASRO-SSFUNNEL-BUN,181408,Volume,8oz,suspect,,70,no_suggestion,"'8oz' wrong; this is a funnel, not a flask"
365879950564,SON-ICE-TEMPERED-SCISSOR-SP101,101915,Features,"HIGH QUALITY - Made from professional grade Ice",suspect,,70,no_suggestion,"Truncated mid-sentence ad copy"
365879950566,NPT-POCKETKN-PARENT,48818,Year,NEW,suspect,,20,no_suggestion,"'NEW' is not a valid year"
365879950567,STATIC-CORROSION-ZIPBAG-BLACK-MED,73938,"For Gun Type","Not Available",suspect,,55,no_suggestion,"'Not Available' placeholder; title mentions Rifle and Pistol"
365879950568,MCN-MOMUAQDGTNBX-2PC-35X62-NVYBL,40587,Type,"Not Available",suspect,,55,no_suggestion,"'Not Available' placeholder; bath/sports towel"
365879950578,SON-PWCCS-13PC-STD-BLCK,178972,"Number of Pieces",14,suspect,12,85,ok,"value says 14 but title/name say 12pc"
365879950591,UPD-DLX-JUMP-ROPE-PARENT,62134,Brand,"Officially Licensed",suspect,,80,no_suggestion,"'Officially Licensed' is not a brand; title mixes Hello Kitty/Minnie/Barbie"
127389932532,SON-AO11NUBAP-11-BLCK,42362,Type,"Tool Belt",suspect,"Tool Pouch",75,ok,"'Tool Belt' wrong; 11-inch utility belt and pouch"
127389932534,LST-FLYINGDISC-ORG-KPKO,19017,Year,NEW,suspect,,20,no_suggestion,"'NEW' is not a valid year"
127389932538,DLT-22OZCUP-209818-MIN,260384,Type,"Not Available",suspect,,60,no_suggestion,"'Not Available' placeholder; drinking cup"
127389932538,DLT-22OZCUP-209818-MIN,260384,Theme,"dress up, pretend play",suspect,,70,no_suggestion,"'dress up, pretend play' wrong theme for a drinking cup"
127389932540,4SN-CINCHBAG-TS4-19PC-BUN,260988,Character,"Officially Licensed, Buzz Lightyear",suspect,"Buzz Lightyear",70,ok,"comma-list; single value should be Buzz Lightyear"
127389932540,4SN-CINCHBAG-TS4-19PC-BUN,260988,"Character Family","Officially Licensed, Toy Story",suspect,"Toy Story",85,ok,"contains junk; should be 'Toy Story' alone"
127389932541,LST-KARAOKEMIC-PARENT,11735,Year,NEW,suspect,,20,no_suggestion,"'NEW' is not a valid year"
127389932542,MCN-MGAZP-2E-BLCK,52482,Language,English,suspect,,70,no_suggestion,"'English' irrelevant for a zipper pull replacement"
127389932544,UPD-FLEECEBLANK-PARENT,66727,Brand,"Officially Licensed",suspect,,80,no_suggestion,"'Officially Licensed' is not a brand; title says Disney/Mickey/Paw Patrol/Pokemon"
127389932547,SON-5INFOLDINGKNIFE-SLV,48818,Year,NEW,suspect,,20,no_suggestion,"'NEW' is not a valid year"
127389932548,SON-3DPATKNIF-GRY,48818,Year,NEW,suspect,,20,no_suggestion,"'NEW' is not a valid year"
127389932550,SON-AOBSFARLTLS-5X5X1-RD,22689,"Country of Origin",china,suspect,China,80,ok,"value is 'china' (lowercase); should be 'China'"
127389932551,SON-500LLIGHT-FL338-10W,16037,Features,"5- STAGE SWITCH TACTICAL FLASHLIGHT: This",suspect,,70,no_suggestion,"Truncated mid-sentence ad copy"
127389932553,NPT-POCKKNFBLK-PBK241CH,75236,Type,Multi-Tool,suspect,"Pocket Knife",75,ok,"'Multi-Tool' wrong; standard drop point pocket knife"
127389932555,UPD-HWMEGAMAT-30764,776,Year,NEW,suspect,,20,no_suggestion,"'NEW' is not a valid year"
236345137141,ASR-ETB84X-BUN-10PK,181415,Type,"Emergency Sleeping Bag",suspect,"Emergency Blanket",85,ok,"'Emergency Sleeping Bag' wrong; 10-pack of emergency blankets"
236345137157,SON-DAMAGEDSCREWEXTRACTOR-4PC,50382,Material,Plastic,suspect,Steel,80,ok,"'Plastic' wrong for a screw extractor set; steel tools"
236345137160,NPT-OPENRESCUEKNIFE-SILVER,48818,Year,NEW,suspect,,20,no_suggestion,"'NEW' is not a valid year"
236345137169,SON-KNIFE-16IN1,48818,Year,NEW,suspect,,20,no_suggestion,"'NEW' is not a valid year"
236345137169,SON-KNIFE-16IN1,48818,Character,Knife,suspect,,70,no_suggestion,"'Knife' is not a character; utility knife"
236345137171,UNV-STANDARDFITISSUELAW,39665,Year,NEW,suspect,,20,no_suggestion,"'NEW' is not a valid year"
236345137178,NPT-11INHUNTINGKNIFE-BK,73522,Year,NEW,suspect,,20,no_suggestion,"'NEW' is not a valid year"
365879996339,4SN-VASELINE-LIPTHER-ORIGNAL-2PK-HPN-WAL,36870,Type,"Not Available",suspect,"Lip Balm",75,ok,"'Not Available' placeholder; lip therapy/balm product"
365879996341,SON-TINDER-STICKS-12-PACK-IR-TT,166126,Type,"Not Available",suspect,"Fire Starter",80,ok,"'Not Available' placeholder; tinder sticks/fire starters"
365879996354,NPT-POCKKNFBLK-PBK241BK,75236,Type,Multi-Tool,suspect,"Pocket Knife",75,ok,"'Multi-Tool' wrong; standard pocket knife with drop point blade"
365879996361,DLT-STOCKING-PJM,170091,Character,"Christmas Stocking",suspect,"PJ Masks",85,ok,"'Christmas Stocking' is not a character; PJ Masks themed"
365879996361,DLT-STOCKING-PJM,170091,"Character Family","Christmas Stocking",suspect,"PJ Masks",85,ok,"'Christmas Stocking' is not a character family"
365879996361,DLT-STOCKING-PJM,170091,Department,girls,suspect,Kids,70,ok,"'girls' lowercase; PJ Masks stocking is unisex kids"
365879996378,UNV-STANDARDFITISSUELAW-7,39665,Year,NEW,suspect,,20,no_suggestion,"'NEW' is not a valid year"
127389932559,LST-KPL-TOUCHPADCASHREG-RED-10PC,145931,Year,NEW,suspect,,20,no_suggestion,"'NEW' is not a valid year"
127389932569,ASR-ETB84X-BUN-24PK-84X52-SLVR,181415,Type,"Emergency Sleeping Bag",suspect,"Emergency Blanket",85,ok,"'Emergency Sleeping Bag' wrong; 24-pack of mylar blankets"
127389932570,SON-POCKETKNIFE-WOODH,48818,Year,NEW,suspect,,20,no_suggestion,"'NEW' is not a valid year"
127389932572,UPD-FIDGETTOY-PW418-PNK,184590,Year,NEW,suspect,,20,no_suggestion,"'NEW' is not a valid year"
127389932580,UPD-SUNNYHAIR-CLIP,19172,Year,NEW,suspect,,20,no_suggestion,"'NEW' is not a valid year"
127389932581,SON-ROTARY-TOOL-KIT-RA9276,260207,Type,"Router Attachment",suspect,,65,no_suggestion,"'Router Attachment' wrong for a rotary tool accessories kit"
236345137186,NPT-EAGLEKNIFE-BLACK,73522,Year,NEW,suspect,,20,no_suggestion,"'NEW' is not a valid year"
236345137192,NPT-ASTKUNAI-6PC,73522,Year,NEW,suspect,,20,no_suggestion,"'NEW' is not a valid year"
236345137194,LST-KPL-FPFIRETRUCK-8255F-RED,19074,Year,NEW,suspect,,20,no_suggestion,"'NEW' is not a valid year"
236345137198,UPD-MINNAILKIT-4PC,19172,Year,NEW,suspect,,20,no_suggestion,"'NEW' is not a valid year"
236345137201,DOY-4PRONGCLOCKKEY-EVEN,261610,Type,"Master Clock",suspect,,65,no_suggestion,"'Master Clock' inaccurate; grandfather clock winding key"
236345137202,SON-SMEEBO-83X51-ORNG,181415,Type,"Emergency Sleeping Bag",suspect,"Emergency Blanket",85,ok,"'Emergency Sleeping Bag' wrong; mylar survival blanket"
236345137213,LST-SEMITRUCK-666-10K-ASST,180506,"Age Level","3-4 Years, 4-7, 8-11 Years",suspect,"3-4 Years",70,ok,"comma-list; SELECTION_ONLY requires single value"
236345137219,XGI-URBANPLAYMAT-FIRE-KP-IH,2646,Year,NEW,suspect,,20,no_suggestion,"'NEW' is not a valid year"
236345137220,LST-CATCHBALL-ORNG,19017,Year,NEW,suspect,,20,no_suggestion,"'NEW' is not a valid year"
236345137223,DOY-TS3STUDYSET-4PC,13844,Year,NEW,suspect,,20,no_suggestion,"'NEW' is not a valid year"
236345137232,EVR-ROUNDDUFFE23L-BLK,52357,Style,"Not Available",suspect,,55,no_suggestion,"'Not Available' placeholder; duffel bag style could be 'Duffle'"
365879996375,UPD-JOJOSIWA-BANDANA,122321,Type,"Not Available",suspect,,60,no_suggestion,"'Not Available' placeholder; bandana/face covering"
365879996381,LST-KIDSGOLFCADDYSET-2PK-BUNDLE,19181,Year,NEW,suspect,,20,no_suggestion,"'NEW' is not a valid year"
365879996381,LST-KIDSGOLFCADDYSET-2PK-BUNDLE,19181,Color,"2 Pack",suspect,,70,no_suggestion,"'2 Pack' is not a color"
365879996394,SON-JEWELLOUPE-10XALUM-TT,262020,Type,"Not Available",suspect,Loupe,75,ok,"'Not Available' placeholder; jewelers loupe"
365879996405,4SN-CINCHBAG-SPI-18PC-BUN-WAL,260988,Character,"Spider-Man, Officially Licensed",suspect,Spider-Man,85,ok,"comma-list; single value should be Spider-Man"
365879996405,4SN-CINCHBAG-SPI-18PC-BUN-WAL,260988,"Character Family","Avengers, Spider-Man, Officially Licensed",suspect,Spider-Man,75,ok,"comma-list; primary family is Spider-Man"
365879996405,4SN-CINCHBAG-SPI-18PC-BUN-WAL,260988,Occasion,"Casual, Travel",suspect,Casual,70,ok,"comma-list; SELECTION_ONLY requires single value"
365879996435,DOY-4PRONGCLOCKKEY-ODD,261610,Type,"Master Clock",suspect,,65,no_suggestion,"'Master Clock' inaccurate; grandfather clock winding key"
365880019095,ABC-RESCGUN-7636,158749,Year,NEW,suspect,,20,no_suggestion,"'NEW' is not a valid year"
127389969220,ASR-EDACS-BUN-3PC-MED-BNDL,73522,Year,NEW,suspect,,20,no_suggestion,"'NEW' is not a valid year"
127389969224,LST-KPL-JUMBORACECAR-PARENT,19074,Year,NEW,suspect,,20,no_suggestion,"'NEW' is not a valid year"
127389969226,SON-URAASATKFD-A-IR-TT,260207,Type,"Router Attachment",suspect,,65,no_suggestion,"'Router Attachment' wrong for abrasive stone burrs"
127389969242,UPD-MINNIE-FAUXHAIR,19172,Year,NEW,suspect,,20,no_suggestion,"'NEW' is not a valid year"
236345160655,SON-5INFOLDINGKNIFE-BLK,48818,Year,NEW,suspect,,20,no_suggestion,"'NEW' is not a valid year"
236345160656,SON-MULTI-COLOR-HEADLAMP-FL8219-5,106984,Features,"FEATURES - 4 in 1 Multi Color Adjustable Head Lamp",suspect,,70,no_suggestion,"Truncated mid-sentence ad copy"
236345160657,UNV-STANDARDFITISSUELAW-6,39665,Year,NEW,suspect,,20,no_suggestion,"'NEW' is not a valid year"
236345160667,NPT-EMSPOCKETKNIFE-ORG,48818,Year,NEW,suspect,,20,no_suggestion,"'NEW' is not a valid year"
365880042748,SON-JEWELLOUPE-10XP-TT,262020,Type,Loupe,suspect,Loupe,75,ok,"'Not Available' placeholder; jewelers loupe"
365880042752,CHAINSAW-SHARPENING-BURR-7/32,43220,Size,"3/16""",suspect,"7/32 in",85,ok,"Size says 3/16 in but title and SKU state 7/32 in"
365880042759,LST-SPACEGUN-RF300-GRN-2PK-BUN,19181,Year,NEW,suspect,,20,no_suggestion,"'NEW' is not a valid year"
365880042761,NPT-6TOPWMNCKSNG-2PC-6-GRN,73522,Year,NEW,suspect,,20,no_suggestion,"'NEW' is not a valid year"
235534435224,UNV-STANDARDFITISSUELAW-2,39665,Year,NEW,suspect,,20,no_suggestion,"'NEW' is not a valid year"
235578359942,NPT-STK440SS-3PC-6-SLVR,73522,Year,NEW,suspect,,20,no_suggestion,"'NEW' is not a valid year"
364909875082,UPD-ARMFLOATS-BANZAI-KPL,145993,Year,NEW,suspect,,20,no_suggestion,"'NEW' is not a valid year"
126448866212,4SN-VASELINE-LIPTHER-COCOABUTTER-1PK,36870,Type,"Not Available",suspect,"Lip Balm",75,ok,"'Not Available' placeholder; lip balm/therapy product"
364858699591,COLLAPSIBLE-WATER-CARRIER-3-75-GALLON,181409,Volume,"Not Available",suspect,,70,no_suggestion,"'Not Available' placeholder; title states 3.75 Gallon"
126448866471,4SN-VASELINE-LIPTHER-48268-BUN,36870,Type,"Not Available",suspect,"Lip Balm",75,ok,"'Not Available' placeholder; lip balm product"
126450542814,UPD-CHRBP-BACKPACK-PARENT,260988,"Character Family","Officially Licensed",suspect,,80,no_suggestion,"'Officially Licensed' is not a character family"
126450542814,UPD-CHRBP-BACKPACK-PARENT,260988,Character,"Officially Licensed",suspect,,80,no_suggestion,"'Officially Licensed' is not a character"
364862486761,SON-CMHN-ONE-CM,65965,Features,"UNIVERSAL UNISEX  FIT: One size fits most all; non",suspect,,25,no_suggestion,"Features text is truncated mid-sentence"
363556924795,SHM-ATNMCRB-SML-BLCK-2PK,181415,Style,"Escape Knife",suspect,,30,no_suggestion,"'Escape Knife' style does not match a razor blade product"
235539278220,4SN-DOVEHANDSOAP-PNK-WAL-NOVAR,180924,Features,"#1 DERMATOLOGIST RECOMMENDED: Every day, our skin",suspect,,25,no_suggestion,"Features text is truncated mid-sentence"
126501503524,SON-DRYBOX-BLK,181390,Features,"ASR Outdoor",suspect,,25,no_suggestion,"'ASR Outdoor' is a brand name, not a feature description"
235227727519,SON-UTCHDF-10-WDN-IR-TT,39730,"Hammer Style",Ball-Peen,suspect,,30,no_suggestion,"'Ball-Peen' does not match a dual-face chasing hammer"
126453713695,ASR-AOCSK-BUN-30PC-8X5-ASSRTD-BNDL,181415,Features,"McNett Outgo Microfiber Towel; 20"" x 40""; Holds 7X",suspect,,30,no_suggestion,"Features text describes a towel, unrelated to a survival kit"
235450751834,SON-550PARACORD-100FT-GLOGRN-IR-TT,181413,Features,"HEAVY-DUTY NYLON PARACORD - ASR Outdoor parachute",suspect,,25,no_suggestion,"Features text is truncated mid-sentence"
364760331441,SON-OTRSCMP-STD-YLLW,36114,Features,"INSULATED FOAM SLEEPING PAD - Made with EVA foam",suspect,,25,no_suggestion,"Features text is truncated mid-sentence"
126505506359,4SN-CINCHBAG-YODA-2PC-BUN,260988,"Character Family","Officially Licensed",suspect,,30,no_suggestion,"'Officially Licensed' is a placeholder, not a real character family"
126505506359,4SN-CINCHBAG-YODA-2PC-BUN,260988,Character,"Officially Licensed",suspect,"Baby Yoda",70,ok,"Title indicates Baby Yoda; 'Officially Licensed' is a placeholder"
126505506359,4SN-CINCHBAG-YODA-2PC-BUN,260988,Features,"Officially Licensed",suspect,,25,no_suggestion,"'Officially Licensed' is a placeholder, not a real feature"
364705553974,MCN-TENACIOUSTAPE-PARENT,36120,"Mounting Type",Freestanding,suspect,,25,no_suggestion,"'Freestanding' does not apply to a repair tape product"
126505662839,SON-UVBLACKLIGHT-BLK,16037,Features,"2 in 1 Portable Black Light - Super Bright White",suspect,,25,no_suggestion,"Features text is truncated mid-sentence"
364869811859,UPD-ARMFLOATS-BANZAI,145993,Year,NEW,suspect,,20,no_suggestion,"'NEW' is not a valid year"
235499239928,UNV-STANDARDFITISSUELAW-5,39665,Year,NEW,suspect,,20,no_suggestion,"'NEW' is not a valid year"
235546013987,LST-FAIRYTEASET-PNK,19171,Year,NEW,suspect,,20,no_suggestion,"'NEW' is not a valid year"
235546014012,LST-FORESTTEASET-PINK,19171,Year,NEW,suspect,,20,no_suggestion,"'NEW' is not a valid year"
235547635892,LST-FORESTTEASET-BLU,19171,Year,NEW,suspect,,20,no_suggestion,"'NEW' is not a valid year"
125999834797,SHM-ATNMCRB-SML-BLCK1,181415,Type,"Survival Kit",suspect,,35,no_suggestion,"'Survival Kit' does not match a single razor blade product"
125999834797,SHM-ATNMCRB-SML-BLCK1,181415,Style,"Escape Knife",suspect,,30,no_suggestion,"'Escape Knife' does not match a razor blade product"
235240675875,SON-UAGBCKE-SML-BRSS,261610,Type,"Master Clock",suspect,,40,no_suggestion,"'Master Clock' does not match a winding key product"
235240675875,SON-UAGBCKE-SML-BRSS,261610,Brand,Clock,suspect,,25,no_suggestion,"'Clock' is not a real brand name"
235548997300,HWK-10POCKETTOOLBELT-PARENT-TT,42362,Type,"Tool Belt",suspect,"Tool Pouch",80,ok,"Title says 'Tool Pouch', not a tool belt"
126415790575,ASR-WDACS-BUN-3PC-MED-BNDL,73522,Year,NEW,suspect,,20,no_suggestion,"'NEW' is not a valid year"
126470733996,4SN-DOVEHANDSOAP-PARENT,180924,Type,Exfoliant,suspect,,40,no_suggestion,"'Exfoliant' does not match a beauty bar hand soap"
126421703850,SON-NECKKNIFE-BLU,73522,Year,NEW,suspect,,20,no_suggestion,"'NEW' is not a valid year"
364835511265,NPT-135CKWAEFSAH-135-2,73522,Year,NEW,suspect,,20,no_suggestion,"'NEW' is not a valid year"
126476748263,LST-SPACEGUN-RF300-BLU,158749,Year,NEW,suspect,,20,no_suggestion,"'NEW' is not a valid year"
126428136149,NPT-DROPPOINTKNIFE-PARENT,73522,Year,NEW,suspect,,20,no_suggestion,"'NEW' is not a valid year"
127389857864,DLT-JUMBO-PLAYINGCARDS-HATCHIMALS,166571,Year,NEW,suspect,,20,no_suggestion,"'NEW' is not a valid year"
127389857876,LST-KPL-TOOLBOXTOY-YLW-XC930A,2646,Year,NEW,suspect,,20,no_suggestion,"'NEW' is not a valid year"
236345056379,NPT-DEERKNIFE-BLACK,73522,Year,NEW,suspect,,20,no_suggestion,"'NEW' is not a valid year"
236345056402,NPT-10INDAMASKNF-PAERENT,73522,Year,NEW,suspect,,20,no_suggestion,"'NEW' is not a valid year"
236345056416,LST-SPACEGUN-RF300-GRNBLU-2PK,158749,Year,NEW,suspect,,20,no_suggestion,"'NEW' is not a valid year"
236345056442,NPT-MINIKEYCHAINKNIFE-PARENT,48818,Year,NEW,suspect,,20,no_suggestion,"'NEW' is not a valid year"
365879935271,SHM-SHK-175-SLVR,39665,Year,NEW,suspect,,20,no_suggestion,"'NEW' is not a valid year"
365879935275,UPD-PRINCESSHAIRBACKPACK-SM,19172,Year,NEW,suspect,,20,no_suggestion,"'NEW' is not a valid year"
365879935276,LST-PPECRG-LG-GRN-3,19181,Year,NEW,suspect,,20,no_suggestion,"'NEW' is not a valid year"
365879935312,LST-ROBOTDINO-GRN-Y333-11,19170,Year,NEW,suspect,,20,no_suggestion,"'NEW' is not a valid year"
365879935321,NPT-11INHUNTINGKNIFE-RW,73522,Year,NEW,suspect,,20,no_suggestion,"'NEW' is not a valid year"
127389878157,LST-SPCBLSTBAG-GRN-BUN,19181,Year,NEW,suspect,,20,no_suggestion,"'NEW' is not a valid year"
236345069135,UPD-MINCHARMRING-PNK,19172,Year,NEW,suspect,,20,no_suggestion,"'NEW' is not a valid year"
235523607549,NPT-HUNTKNF-AMWOLF-PARENT,73522,Year,NEW,suspect,,20,no_suggestion,"'NEW' is not a valid year"
235917170385,EVR-ASRO-21LDUFFLEBAG-BLK,52357,Features,"CLASSIC MATTE BLACK COLOR - Suitable for Most",suspect,,25,no_suggestion,"Features text is truncated mid-sentence"
126486323016,HWK-TT-LGLEATHERTB-BROWN,42362,Features,"13 COMPARTMENT TOOL BELT: Featuring high quality",suspect,,25,no_suggestion,"Features text is truncated mid-sentence"
364846782864,EVR-CANVAS-BACKPACK-PARENT,181379,Type,"Shoulder Bag",suspect,Backpack,60,ok,"Title/category indicate this is a backpack/rucksack, not a shoulder bag"
