item_id,sku,aspect,varied_by,before,after
126112000074,CARABINER-JUMBO-PARENT,Item Length,,6.5,6.5 in
126165743707,MCN-CAMOFORMGEARWRAP-PARENT,Item Height,,8,8 in
126165743707,MCN-CAMOFORMGEARWRAP-PARENT,Item Length,,4,4 in
126165743707,MCN-CAMOFORMGEARWRAP-PARENT,Item Width,,2.5,2.5 in
126165743707,MCN-CAMOFORMGEARWRAP-PARENT,Size,,"2"" x 144""",2 in x 144 in
126335800057,UNI-TENTPEGS-PARENT,Item Height,,1,1 in
126335800057,UNI-TENTPEGS-PARENT,Item Length,,10,10 in
126335800057,UNI-TENTPEGS-PARENT,Item Weight,,6,6 lb
126335800057,UNI-TENTPEGS-PARENT,Item Width,,1,1 in
126370118291,PRF-FITNESSPOSTERSLAM-PARENT,Item Height,,3,3 in
126370118291,PRF-FITNESSPOSTERSLAM-PARENT,Item Length,,25,25 in
126370118291,PRF-FITNESSPOSTERSLAM-PARENT,Item Width,,3,3 in
126419572927,SON-FLINTWHISTLE-PARENT,Item Height,,1,1 in
126419572927,SON-FLINTWHISTLE-PARENT,Item Length,,7,7 in
126419572927,SON-FLINTWHISTLE-PARENT,Item Weight,,0.08,0.08 lb
126419572927,SON-FLINTWHISTLE-PARENT,Item Width,,3.5,3.5 in
126439889445,IGE-BSHCDSTU-36W,Item Height,,1.2,1.2 in
126439889445,IGE-BSHCDSTU-36W,Item Weight,,0.3,0.3 lb
126439889445,IGE-BSHCDSTU-36W,Item Width,,5.3,5.3 in
126450542804,PRF-YOGAPOSTER-PARENT,Item Height,,2.5,2.5 in
126450542804,PRF-YOGAPOSTER-PARENT,Item Length,,24,24 in
126450542804,PRF-YOGAPOSTER-PARENT,Item Width,,2.5,2.5 in
126459398545,SON-JUMBOBINERS-PARENT,Item Length,,6.5,6.5 in
126462946756,MCN-2PKCAMOFORM-PARENT,Item Height,,8,8 in
126462946756,MCN-2PKCAMOFORM-PARENT,Item Length,,4,4 in
126462946756,MCN-2PKCAMOFORM-PARENT,Item Width,,2.5,2.5 in
126469785044,SON-DIAMONDBURRBITSET-PARENT,Item Height,,3,3 in
126469785044,SON-DIAMONDBURRBITSET-PARENT,Item Length,,6,6 in
126469785044,SON-DIAMONDBURRBITSET-PARENT,Item Weight,,0.8,0.8 lb
126469785044,SON-DIAMONDBURRBITSET-PARENT,Item Width,,5,5 in
126470733996,4SN-DOVEHANDSOAP-PARENT,Item Weight,,0.3,0.3 lb
126470733996,4SN-DOVEHANDSOAP-PARENT,Size,,4oz,4 oz
127174728310,SHM-HDTIPFAO-STD-SLVR,Item Weight,,0.1,0.1 lb
127174728310,SHM-HDTIPFAO-STD-SLVR,Overall Length,,9.25,9.25 in
127365667688,26C-BLE-CERAMICRAMEKINS-4PC-BUN,Item Length,,3.25,3.25 in
127365667688,26C-BLE-CERAMICRAMEKINS-4PC-BUN,Item Weight,,Less than 2 lbs,Less than 2 lb
127365667688,26C-BLE-CERAMICRAMEKINS-4PC-BUN,Item Width,,3.25,3.25 in
127389768411,SON-475POCKETKNIFE-CAMO-PARENT,Size,,"4.75""",4.75 in
127389838882,DOY-GARDENKIT-BUN,Item Length,,15,15 in
127389838887,HWK-LEATHAPRON-PARENT,Item Height,,1,1 in
127389838887,HWK-LEATHAPRON-PARENT,Item Length,,36,36 in
127389838887,HWK-LEATHAPRON-PARENT,Item Weight,,1.22,1.22 lb
127389838887,HWK-LEATHAPRON-PARENT,Item Width,,25,25 in
127389838894,MCN-SEAMGRIPFC-PARENT,Item Height,,8,8 in
127389838894,MCN-SEAMGRIPFC-PARENT,Item Length,,5.75,5.75 in
127389838894,MCN-SEAMGRIPFC-PARENT,Item Weight,,0.2,0.2 lb
127389838894,MCN-SEAMGRIPFC-PARENT,Item Width,,1.5,1.5 in
127389838909,UPD-TITANHERO-SPIDERMAN-PARENT,Item Height,,2,2 in
127389838909,UPD-TITANHERO-SPIDERMAN-PARENT,Item Length,,12,12 in
127389838912,PF-POSTER-DUMBBELL-PARENT,Item Height,,2.5,2.5 in
127389838912,PF-POSTER-DUMBBELL-PARENT,Item Length,,24,24 in
127389838912,PF-POSTER-DUMBBELL-PARENT,Item Width,,2.5,2.5 in
127389838912,PF-POSTER-DUMBBELL-PARENT,Size,,"24"" x 36""",24 in x 36 in
127389838920,SON-SSESM-SML-SLVR,Item Weight,,0.3,0.3 lb
127389838930,SON-500POCKETKNIFE-CLIPPOINT-PARENT,Size,,"5""",5 in
127389838951,4SN-WALLCLOCK-PARENT,Item Height,,1.75,1.75 in
127389838951,4SN-WALLCLOCK-PARENT,Item Length,,12.5,12.5 in
127389838951,4SN-WALLCLOCK-PARENT,Item Weight,,0.8,0.8 lb
127389838951,4SN-WALLCLOCK-PARENT,Item Width,,10.5,10.5 in
127389838952,ASR-AOBSCWBB-PARENT,Item Length,,4,4 in
127389838952,ASR-AOBSCWBB-PARENT,Item Width,,2,2 in
127389857805,ASR-GTWATMWST-BUN-2PC-BNDL,Item Height,,0.25,0.25 in
127389857805,ASR-GTWATMWST-BUN-2PC-BNDL,Item Length,,6,6 in
127389857805,ASR-GTWATMWST-BUN-2PC-BNDL,Item Weight,,0.39,0.39 lb
127389857805,ASR-GTWATMWST-BUN-2PC-BNDL,Item Width,,4.25,4.25 in
127389857811,HWK-ATESB-144PC,Overall Length,,5,5 in
127389857818,HWK-TTX-CRAFTCUTMAT-PARENT,Size,,"12"" x 18""",12 in x 18 in
127389857866,4SN-VASELINE-82783-PARENT,Size,,2.53oz,2.53 oz
127389857870,SON-FOLDPOCKKNF-PARENT,Item Weight,,0.08,0.08 lb
127389857870,SON-FOLDPOCKKNF-PARENT,Overall Length,,2.5,2.5 in
127389857881,SON-DIABURRSET-PARENT,Item Length,,1,1 in
127389857881,SON-DIABURRSET-PARENT,Item Width,,2.5,2.5 in
127389878161,HWK-ASRO-SLEDGEHAMMER-10IN,Item Height,,1.25,1.25 in
127389878161,HWK-ASRO-SLEDGEHAMMER-10IN,Item Length,,10,10 in
127389878161,HWK-ASRO-SLEDGEHAMMER-10IN,Item Weight,,1.36,1.36 lb
127389878161,HWK-ASRO-SLEDGEHAMMER-10IN,Item Width,,3,3 in
127389878175,SON-ASRO-FUNNELFLASKBUNS-PARENT,Item Height,,2.5,2.5 in
127389878175,SON-ASRO-FUNNELFLASKBUNS-PARENT,Item Width,,4,4 in
127389878181,4SN-SPORTSBOTTLE-PARENT,Item Height,,3.5,3.5 in
127389878181,4SN-SPORTSBOTTLE-PARENT,Item Length,,9,9 in
127389878181,4SN-SPORTSBOTTLE-PARENT,Item Weight,,0.3,0.3 lb
127389878181,4SN-SPORTSBOTTLE-PARENT,Item Width,,3.5,3.5 in
127389878181,4SN-SPORTSBOTTLE-PARENT,Size,,33oz,33 oz
127389878198,HWK-TOOLBELT-PARENT-TT,Item Weight,,1.5,1.5 lb
127389878199,SON-DAYPACK-PARENT,Item Height,,0.5,0.5 in
127389878199,SON-DAYPACK-PARENT,Item Length,,5,5 in
127389878199,SON-DAYPACK-PARENT,Item Weight,,0.7,0.7 lb
127389878199,SON-DAYPACK-PARENT,Item Width,,5,5 in
127389878199,SON-DAYPACK-PARENT,Size,,"5"" x 5"" x .5""",5 in x 5 in x 0.5 in
127389878236,FLL-SLIDECOVERPLATE-PARENT,Item Height,,1,1 in
127389878236,FLL-SLIDECOVERPLATE-PARENT,Item Length,,1,1 in
127389878236,FLL-SLIDECOVERPLATE-PARENT,Item Weight,,0.1,0.1 lb
127389878236,FLL-SLIDECOVERPLATE-PARENT,Item Width,,1,1 in
127389932528,PRF-MEDICINEBALLPOSTER-PARENT,Item Height,,2,2 in
127389932528,PRF-MEDICINEBALLPOSTER-PARENT,Item Length,,24,24 in
127389932528,PRF-MEDICINEBALLPOSTER-PARENT,Item Width,,2,2 in
127389932536,SON-ALUMTENTSTAKERD-PARENT,Item Height,,0.5,0.5 in
127389932536,SON-ALUMTENTSTAKERD-PARENT,Item Length,,9,9 in
127389932536,SON-ALUMTENTSTAKERD-PARENT,Item Width,,0.5,0.5 in
127389932542,MCN-MGAZP-2E-BLCK,Item Height,,0.5,0.5 in
127389932542,MCN-MGAZP-2E-BLCK,Item Length,,5.5,5.5 in
127389932542,MCN-MGAZP-2E-BLCK,Item Weight,,0.1,0.1 lb
127389932542,MCN-MGAZP-2E-BLCK,Item Width,,2.75,2.75 in
127389932553,NPT-POCKKNFBLK-PBK241CH,Overall Length,,8,8 in
127389932577,KOL-BIKE-LOCK-GR242-GRN,Item Height,,1,1 in
127389932577,KOL-BIKE-LOCK-GR242-GRN,Item Length,,10,10 in
127389932577,KOL-BIKE-LOCK-GR242-GRN,Item Weight,,0.2,0.2 lb
127389932577,KOL-BIKE-LOCK-GR242-GRN,Item Width,,7.25,7.25 in
127389932577,KOL-BIKE-LOCK-GR242-GRN,Size,,6 Feet,6 ft
127389932579,ASR-HWW8HPS-BUN-PARENT,Item Height,,1,1 in
127389932579,ASR-HWW8HPS-BUN-PARENT,Item Length,,4.5,4.5 in
127389932579,ASR-HWW8HPS-BUN-PARENT,Item Width,,3,3 in
127389932587,SON-AOTFSSMFOU23I-23-BLCK,Overall Length,,7,7 in
127389946569,SON-CAPLIGHT-FL610-24CL-PARENT,Item Height,,0.5,0.5 in
127389946569,SON-CAPLIGHT-FL610-24CL-PARENT,Item Length,,3.5,3.5 in
127389946569,SON-CAPLIGHT-FL610-24CL-PARENT,Item Weight,,0.1,0.1 lb
127389946569,SON-CAPLIGHT-FL610-24CL-PARENT,Item Width,,2.5,2.5 in
127389946577,ASRO-TECHNORA-950-ROPE-NATURAL-PARENT,Item Length,,5,5 in
127389946577,ASRO-TECHNORA-950-ROPE-NATURAL-PARENT,Item Width,,5,5 in
127389969234,DLX-COLLAPBAG-27-CG108,Item Height,,0.25,0.25 in
127389969234,DLX-COLLAPBAG-27-CG108,Item Length,,8.5,8.5 in
127389969234,DLX-COLLAPBAG-27-CG108,Item Weight,,0.15,0.15 lb
127389969234,DLX-COLLAPBAG-27-CG108,Item Width,,5,5 in
127410844912,4SN-BLE-WHISKEYGLASSES-PARENT,Item Height,,3.25,3.25 in
127410844912,4SN-BLE-WHISKEYGLASSES-PARENT,Item Weight,,0.64,0.64 lb
127410844912,4SN-BLE-WHISKEYGLASSES-PARENT,Item Width,,3.25,3.25 in
127417945230,4SN-BLE-COUPEGLASSES-PARENT,Item Height,,4.25,4.25 in
127417945230,4SN-BLE-COUPEGLASSES-PARENT,Item Width,,4.25,4.25 in
127488196314,LST-GALAXYSRD-PARENT,Item Height,,2,2 in
127488196314,LST-GALAXYSRD-PARENT,Item Length,,20,20 in
127488196314,LST-GALAXYSRD-PARENT,Item Width,,7.5,7.5 in
127815670306,SHM-100GLBH-5X325-SLHD-BLCK-2,Item Length,,5,5 in
127815670306,SHM-100GLBH-5X325-SLHD-BLCK-2,Item Width,,4,4 in
235054823492,SON-550PARACORDROPE-PARENT,Item Length,,7,7 in
235054823492,SON-550PARACORDROPE-PARENT,Item Weight,,5,5 lb
235054823492,SON-550PARACORDROPE-PARENT,Item Width,,7,7 in
235249667109,MCN-TTAPEREPAIRPATCHES-AMZ-PARENT,Item Height,,0.5,0.5 in
235249667109,MCN-TTAPEREPAIRPATCHES-AMZ-PARENT,Item Weight,,0.04,0.04 lb
235249667109,MCN-TTAPEREPAIRPATCHES-AMZ-PARENT,Item Width,,3.5,3.5 in
235249667109,MCN-TTAPEREPAIRPATCHES-AMZ-PARENT,Size,,"1.5""x 2.5""",1.5 in x 2.5 in
235399090909,KEVLAR-200-CORD-PARENT,Item Length,,12,12 in
235399090909,KEVLAR-200-CORD-PARENT,Item Weight,,1,1 lb
235399090909,KEVLAR-200-CORD-PARENT,Item Width,,6,6 in
235441319364,SON-100PKZIPLOCKBAG-PARENT,Thickness,,2mm,2 mm
235456017127,PRF-FITNESSHANDBOOKS-PARENT,Item Height,,1,1 in
235456017127,PRF-FITNESSHANDBOOKS-PARENT,Item Length,,8,8 in
235456017127,PRF-FITNESSHANDBOOKS-PARENT,Item Weight,,0.2,0.2 lb
235456017127,PRF-FITNESSHANDBOOKS-PARENT,Item Width,,5,5 in
235480965695,NPT-ANIMALHUNTINGKNIFE-PARENT,Blade Length,,Over 5in.,Over 5 in.
235483317325,VECTRAN-600LB-CORD-NATRL-PARENT,Item Length,,6,6 in
235483317325,VECTRAN-600LB-CORD-NATRL-PARENT,Item Weight,,0.25,0.25 lb
235483317325,VECTRAN-600LB-CORD-NATRL-PARENT,Item Width,,2,2 in
235515601661,ASRO-TECHNORA-600LB-BLACK-PARENT,Item Weight,,1,1 lb
235522127585,SON-FLEXIDUSTER-PARENT,Item Height,,2,2 in
235522127585,SON-FLEXIDUSTER-PARENT,Item Length,,10,10 in
235522127585,SON-FLEXIDUSTER-PARENT,Item Weight,,0.16,0.16 lb
235522127585,SON-FLEXIDUSTER-PARENT,Item Width,,2,2 in
235537299734,ABC-FIRETRUCKPOLCAR-PARENT,Size,,"10""",10 in
235548997300,HWK-10POCKETTOOLBELT-PARENT-TT,Item Height,,7,7 in
235548997300,HWK-10POCKETTOOLBELT-PARENT-TT,Item Weight,,1,1 lb
235555762740,SON-13IPOCSCHS-3PC-13-SLVR,Overall Length,,5,5 in
235566257605,SON-DIAMONDBURRBITSET-30-PARENT,Item Height,,5.5,5.5 in
235566257605,SON-DIAMONDBURRBITSET-30-PARENT,Item Length,,7.5,7.5 in
235566257605,SON-DIAMONDBURRBITSET-30-PARENT,Item Weight,,0.31,0.31 lb
235566257605,SON-DIAMONDBURRBITSET-30-PARENT,Item Width,,1,1 in
235579675193,SON-DUKCS-52PC-A,Item Height,,1.5,1.5 in
235579675193,SON-DUKCS-52PC-A,Item Length,,10,10 in
235579675193,SON-DUKCS-52PC-A,Item Weight,,1.5,1.5 lb
235579675193,SON-DUKCS-52PC-A,Item Width,,7,7 in
236025492026,SON-ASRO-SSCOFFEEMUG-PARENT,Item Weight,,0.24,0.24 lb
236206659191,MCN-GARVXPCW-BNDL-AMZ,Item Length,,8,8 in
236206659191,MCN-GARVXPCW-BNDL-AMZ,Item Width,,2.5,2.5 in
236344962437,NPT-ASRO-9IN1SURVIVALKNIFE-BLK,Overall Length,,5,5 in
236344962453,26C-11OZCLEARGLASSTUMBLER-4PK-BUN,Item Weight,,2.16,2.16 lb
236344962462,MCN-WILDERNESSTRAVELGUIDE,Item Height,,0.5,0.5 in
236344962462,MCN-WILDERNESSTRAVELGUIDE,Item Weight,,0.3,0.3 lb
236344962475,DLT-CHARSTOCKS-PARENT,Item Length,,15.5,15.5 in
236344962475,DLT-CHARSTOCKS-PARENT,Item Weight,,0.08,0.08 lb
236344962475,DLT-CHARSTOCKS-PARENT,Item Width,,9,9 in
236344962475,DLT-CHARSTOCKS-PARENT,Size,,"15.5""",15.5 in
236345031408,SON-FOLDING-SHOVEL-87950MS,Overall Length,,16.1,16.1 in
236345031412,NPT-DRAGONKNIVES-6PC,Blade Length,,Less than 2in.,Less than 2 in.
236345031416,MCN-GARVXDCMRP-BNDL-AMZ,Item Length,,9,9 in
236345031416,MCN-GARVXDCMRP-BNDL-AMZ,Item Width,,7,7 in
236345031446,4SN-BLE-COLANDERSET3PC-STD,Item Weight,,1.6,1.6 lb
236345031468,ASR-COTTERPIN-PARENT,Item Length,,1.25,1.25 in
236345031472,SON-550PARACORDROPE-ASRO-PARENT,Item Weight,,5,5 lb
236345056388,SON-SGBRUSH-PARENT,Item Height,,1,1 in
236345056388,SON-SGBRUSH-PARENT,Item Length,,3,3 in
236345056388,SON-SGBRUSH-PARENT,Item Weight,,0.02,0.02 lb
236345056388,SON-SGBRUSH-PARENT,Item Width,,1,1 in
236345056440,26C-GARDTOOLS-PARENT,Item Height,,1,1 in
236345056440,26C-GARDTOOLS-PARENT,Item Weight,,0.3,0.3 lb
236345056442,NPT-MINIKEYCHAINKNIFE-PARENT,Size,,"2.75""",2.75 in
236345069148,UPD-BARBIKE-DVX559796-AMZ-HPN,Item Width,,3,3 in
236345069152,MCN-GARVXPCWIWBP-BNDL-AMZ,Item Length,,8,8 in
236345069152,MCN-GARVXPCWIWBP-BNDL-AMZ,Item Width,,2.5,2.5 in
236345069172,SPECTRA-ROPE-325LB-PARENT,Item Length,,6,6 in
236345069172,SPECTRA-ROPE-325LB-PARENT,Item Weight,,2,2 lb
236345069172,SPECTRA-ROPE-325LB-PARENT,Item Width,,3,3 in
236345069173,NPT-POCKETKNIFE-BLK,Overall Length,,10,10 in
236345069175,PRF-MUSCLEPOSTER-PARENT,Item Height,,2,2 in
236345069175,PRF-MUSCLEPOSTER-PARENT,Item Length,,24,24 in
236345069175,PRF-MUSCLEPOSTER-PARENT,Item Width,,2,2 in
236345069183,26C-BLE-COCONUTDISHSPONGES-PARENT,Item Height,,0.75,0.75 in
236345069183,26C-BLE-COCONUTDISHSPONGES-PARENT,Item Length,,4.75,4.75 in
236345069183,26C-BLE-COCONUTDISHSPONGES-PARENT,Item Weight,,0.08,0.08 lb
236345069183,26C-BLE-COCONUTDISHSPONGES-PARENT,Item Width,,2.5,2.5 in
236345137146,NPT-G11IFTHK-2PC,Overall Length,,15,15 in
236345137148,SON-SNOW-SHOVEL-8797FSS,Overall Length,,21.75,21.75 in
236345137156,SON-PONCHOSET-PARENT,Item Height,,1,1 in
236345137156,SON-PONCHOSET-PARENT,Item Length,,5,5 in
236345137156,SON-PONCHOSET-PARENT,Item Weight,,0.4,0.4 lb
236345137156,SON-PONCHOSET-PARENT,Item Width,,6,6 in
236345137167,MCN-NIGLO-ORG1PK-91502,Item Height,,2,2 in
236345137167,MCN-NIGLO-ORG1PK-91502,Item Length,,0.5,0.5 in
236345137167,MCN-NIGLO-ORG1PK-91502,Item Weight,,0.01,0.01 lb
236345137167,MCN-NIGLO-ORG1PK-91502,Item Width,,1,1 in
236345137168,DLX-SWIMGOGGLES-PARENT,Size,,"5""",5 in
236345137181,SON-7IN1SURVIVALWHISTLE-PARENT,Item Height,,2,2 in
236345137181,SON-7IN1SURVIVALWHISTLE-PARENT,Item Length,,6,6 in
236345137181,SON-7IN1SURVIVALWHISTLE-PARENT,Item Weight,,0.2,0.2 lb
236345137181,SON-7IN1SURVIVALWHISTLE-PARENT,Item Width,,6,6 in
236345137233,4SN-BLE-SSOAKWOODROLLINGPIN-PARENT,Item Width,,2,2 in
236345146196,SON-MINPOCKKNV-PARENT,Overall Length,,2.25,2.25 in
236345146200,SON-WIRE-SAW-CS005-IR-TT,Overall Length,,6.25,6.25 in
236345160660,PRF-RESISTANCETUBINGPOSTER-PARENT,Item Height,,2,2 in
236345160660,PRF-RESISTANCETUBINGPOSTER-PARENT,Item Length,,24,24 in
236345160660,PRF-RESISTANCETUBINGPOSTER-PARENT,Item Width,,2,2 in
236345160668,ASRO-PARABRACEBUCKLE-PARENT,Item Length,,3,3 in
236345160668,ASRO-PARABRACEBUCKLE-PARENT,Item Weight,,0.32,0.32 lb
236345160668,ASRO-PARABRACEBUCKLE-PARENT,Item Width,,3,3 in
236407324687,ASR-BADGEHOLDER-CASID-WEAVE,Item Length,,7,7 in
236407324687,ASR-BADGEHOLDER-CASID-WEAVE,Item Width,,5,5 in
236460252577,LST-SPCSWRDBAG-PARENT,Item Height,,2,2 in
236460252577,LST-SPCSWRDBAG-PARENT,Item Length,,20,20 in
236460252577,LST-SPCSWRDBAG-PARENT,Item Width,,7.5,7.5 in
236679296423,NPT-KUNAIKNIVES-PARENT,Blade Length,,2 - 3in.,2 - 3 in.
236785303434,SON-ASRO-3LSMALLDRYSACK-BLUE,Item Height,,0.75,0.75 in
236785303434,SON-ASRO-3LSMALLDRYSACK-BLUE,Item Width,,2.5,2.5 in
363809308977,MCN-TTAPE-HEXPATCH-PARENT,Item Height,,0.12,0.12 in
363809308977,MCN-TTAPE-HEXPATCH-PARENT,Item Length,,7,7 in
363809308977,MCN-TTAPE-HEXPATCH-PARENT,Item Width,,4.6,4.6 in
364584755081,NPT-CERAMICMICROSTRIKER-PARENT,Item Height,,0.1,0.1 in
364584755081,NPT-CERAMICMICROSTRIKER-PARENT,Item Length,,1,1 in
364584755081,NPT-CERAMICMICROSTRIKER-PARENT,Item Weight,,0.02,0.02 lb
364584755081,NPT-CERAMICMICROSTRIKER-PARENT,Item Width,,0.5,0.5 in
364616077785,PLC-PARACORD-BELT-PARENT,Item Length,,6,6 in
364616077785,PLC-PARACORD-BELT-PARENT,Item Weight,,0.58,0.58 lb
364616077785,PLC-PARACORD-BELT-PARENT,Item Width,,5,5 in
364616077785,PLC-PARACORD-BELT-PARENT,Size,,"52""",52 in
364621086079,SON-AO20GPP,Overall Length,,10,10 in
364755157439,NPT-CERAMICMICROSTRIKER-PARENT,Item Height,,0.1,0.1 in
364755157439,NPT-CERAMICMICROSTRIKER-PARENT,Item Length,,1,1 in
364755157439,NPT-CERAMICMICROSTRIKER-PARENT,Item Weight,,0.02,0.02 lb
364755157439,NPT-CERAMICMICROSTRIKER-PARENT,Item Width,,0.5,0.5 in
364811452556,FLL-HALOXLEVEL-PARENT,Item Height,,1,1 in
364811452556,FLL-HALOXLEVEL-PARENT,Item Length,,2,2 in
364811452556,FLL-HALOXLEVEL-PARENT,Item Weight,,0.1,0.1 lb
364811452556,FLL-HALOXLEVEL-PARENT,Item Width,,1.5,1.5 in
364839375985,PRF-FIGHTTHROUGH-PARENT,Item Height,,2,2 in
364839375985,PRF-FIGHTTHROUGH-PARENT,Item Length,,18,18 in
364839375985,PRF-FIGHTTHROUGH-PARENT,Item Width,,2,2 in
364839375985,PRF-FIGHTTHROUGH-PARENT,Size,,"18"" x 24""",18 in x 24 in
364846782864,EVR-CANVAS-BACKPACK-PARENT,Item Height,,19.5,19.5 in
364846782864,EVR-CANVAS-BACKPACK-PARENT,Item Length,,12.5,12.5 in
364846782864,EVR-CANVAS-BACKPACK-PARENT,Item Weight,,1.86,1.86 lb
364846782864,EVR-CANVAS-BACKPACK-PARENT,Item Width,,7,7 in
364851559092,4SN-PINCHBOWL-47332-PARENT,Item Height,,1.5,1.5 in
364851559092,4SN-PINCHBOWL-47332-PARENT,Item Weight,,Less than 2 lbs,Less than 2 lb
364859505659,HWK-10POCKETTOOLBELT-PARENT,Item Height,,7,7 in
364859505659,HWK-10POCKETTOOLBELT-PARENT,Item Length,,13,13 in
364859505659,HWK-10POCKETTOOLBELT-PARENT,Item Weight,,1,1 lb
364859505659,HWK-10POCKETTOOLBELT-PARENT,Item Width,,10,10 in
364864238927,SON-U3IRHC-MED-SLVR-PARENT,Item Height,,1,1 in
364864238927,SON-U3IRHC-MED-SLVR-PARENT,Item Length,,3,3 in
364864238927,SON-U3IRHC-MED-SLVR-PARENT,Item Weight,,0.25,0.25 lb
364864238927,SON-U3IRHC-MED-SLVR-PARENT,Item Width,,2,2 in
364911624436,ALI-PARANECK-PARENT,Item Height,,0.25,0.25 in
364911624436,ALI-PARANECK-PARENT,Item Length,,16,16 in
364911624436,ALI-PARANECK-PARENT,Item Weight,,0.05,0.05 lb
364911624436,ALI-PARANECK-PARENT,Item Width,,1,1 in
364922917672,NPT-PARACORDBELT-PARENT,Item Length,,6,6 in
364922917672,NPT-PARACORDBELT-PARENT,Item Weight,,0.58,0.58 lb
364922917672,NPT-PARACORDBELT-PARENT,Item Width,,5,5 in
364922917672,NPT-PARACORDBELT-PARENT,Size,,"52""",52 in
364955236423,SON-CAPLIGHT-FL610-24CL-PARENT,Item Height,,0.5,0.5 in
364955236423,SON-CAPLIGHT-FL610-24CL-PARENT,Item Length,,3.5,3.5 in
364955236423,SON-CAPLIGHT-FL610-24CL-PARENT,Item Weight,,0.1,0.1 lb
364955236423,SON-CAPLIGHT-FL610-24CL-PARENT,Item Width,,2.5,2.5 in
365680341386,4SN-SAVBANK-CHARACTER-PARENT,Item Height,,6,6 in
365680341386,4SN-SAVBANK-CHARACTER-PARENT,Item Length,,4,4 in
365680341386,4SN-SAVBANK-CHARACTER-PARENT,Item Weight,,0.25,0.25 lb
365680341386,4SN-SAVBANK-CHARACTER-PARENT,Item Width,,4,4 in
365702408026,MCN-RDJASBD12OZ-12OZ,Item Length,,9,9 in
365702408026,MCN-RDJASBD12OZ-12OZ,Item Width,,7,7 in
365879832363,UPD-PULLTOPBTTL-FROZEN-3PK-AMZ,Item Height,,7.5,7.5 in
365879832363,UPD-PULLTOPBTTL-FROZEN-3PK-AMZ,Item Weight,,0.1,0.1 lb
365879832363,UPD-PULLTOPBTTL-FROZEN-3PK-AMZ,Item Width,,2.75,2.75 in
365879832367,SON-13IPOCSCHS-3PC-13-SLVR-6PK,Overall Length,,5,5 in
365879832369,26C-BLE-ACACIAWOODBOARD-STD,Item Height,,1.2,1.2 in
365879832377,SON-ICE-TEMPERED-SCISSOR-PARENT,Item Length,,7.5,7.5 in
365879832397,SON-TTX-ICESCRAPERGLOVE-BLK-PARENT,Item Height,,0.5,0.5 in
365879832397,SON-TTX-ICESCRAPERGLOVE-BLK-PARENT,Item Length,,12.75,12.75 in
365879832397,SON-TTX-ICESCRAPERGLOVE-BLK-PARENT,Item Weight,,0.25,0.25 lb
365879832397,SON-TTX-ICESCRAPERGLOVE-BLK-PARENT,Item Width,,7,7 in
365879907956,SON-CREDITCARDSURVIVALTOOL-PARENT,Item Weight,,5,5 lb
365879907956,SON-CREDITCARDSURVIVALTOOL-PARENT,Overall Length,,5,5 in
365879907980,SON-875ISSMFT-2PC-6X4X1,Overall Length,,6,6 in
365879908021,4SN-LSPEEDSTICK-PARENT,Size,,1.4oz,1.4 oz
365879908022,SON-RED-WHITE-TIE-DOWN-6-IN-PARENT,Item Length,,4,4 in
365879908024,HWC-HIDDENBADGERFID-PARENT,Item Length,,4.5,4.5 in
365879908024,HWC-HIDDENBADGERFID-PARENT,Item Width,,3.5,3.5 in
365879935270,ZIPBAG-2MM-100PK-PARENT,Thickness,,2mm,2 mm
365879935277,MCN-GEARBUNDLE-PARENT,Item Height,,2,2 in
365879935277,MCN-GEARBUNDLE-PARENT,Item Length,,6,6 in
365879935277,MCN-GEARBUNDLE-PARENT,Item Weight,,0.25,0.25 lb
365879935277,MCN-GEARBUNDLE-PARENT,Item Width,,4,4 in
365879935280,4SN-BLE-LOTUSWOODROLLINGPINS-PARENT,Item Length,,15.25,15.25 in
365879935280,4SN-BLE-LOTUSWOODROLLINGPINS-PARENT,Item Width,,2,2 in
365879950524,SON-SMALL-EH432-HAMMER-PARENT,Item Height,,1,1 in
365879950524,SON-SMALL-EH432-HAMMER-PARENT,Item Length,,8,8 in
365879950524,SON-SMALL-EH432-HAMMER-PARENT,Item Weight,,0.36,0.36 lb
365879950524,SON-SMALL-EH432-HAMMER-PARENT,Item Width,,5,5 in
365879950529,MCN-SEAMGRIP-REPAIRKIT-PARENT,Item Height,,1,1 in
365879950529,MCN-SEAMGRIP-REPAIRKIT-PARENT,Item Length,,4.5,4.5 in
365879950529,MCN-SEAMGRIP-REPAIRKIT-PARENT,Item Width,,7.5,7.5 in
365879950549,HWK-TT-10PCKTTOOLPOUCH-TAN,Item Height,,4,4 in
365879950549,HWK-TT-10PCKTTOOLPOUCH-TAN,Item Length,,12,12 in
365879950549,HWK-TT-10PCKTTOOLPOUCH-TAN,Item Weight,,1.6,1.6 lb
365879950549,HWK-TT-10PCKTTOOLPOUCH-TAN,Item Width,,10,10 in
365879950551,SON-CMHN-ONE-CM,Item Weight,,0.06,0.06 lb
365879950554,UPD-PBRUSH-PARENT,Item Length,,4,4 in
365879950555,NPT-BKCAHBSWCC-2PC-H-BLCK,Item Height,,2,2 in
365879950555,NPT-BKCAHBSWCC-2PC-H-BLCK,Item Length,,12,12 in
365879950555,NPT-BKCAHBSWCC-2PC-H-BLCK,Item Weight,,0.8,0.8 lb
365879950555,NPT-BKCAHBSWCC-2PC-H-BLCK,Item Width,,6,6 in
365879950562,SON-COLLAPSWATER-CARRIER-PARENT,Item Height,,9.25,9.25 in
365879950562,SON-COLLAPSWATER-CARRIER-PARENT,Item Length,,15,15 in
365879950562,SON-COLLAPSWATER-CARRIER-PARENT,Item Weight,,0.46,0.46 lb
365879950562,SON-COLLAPSWATER-CARRIER-PARENT,Item Width,,1.5,1.5 in
365879950563,SON-ASRO-SSFUNNEL-BUN,Item Height,,2,2 in
365879950563,SON-ASRO-SSFUNNEL-BUN,Item Length,,2,2 in
365879950563,SON-ASRO-SSFUNNEL-BUN,Item Weight,,0.01,0.01 lb
365879950563,SON-ASRO-SSFUNNEL-BUN,Item Width,,1.5,1.5 in
365879950566,NPT-POCKETKN-PARENT,Size,,"8""",8 in
365879950574,KOL-FRUITVEGGIEPEELER-PARENT,Item Length,,7,7 in
365879950574,KOL-FRUITVEGGIEPEELER-PARENT,Item Weight,,0.1,0.1 lb
365879950574,KOL-FRUITVEGGIEPEELER-PARENT,Item Width,,1,1 in
365879950587,HWK-TOOLBELT-PARENT,Item Height,,4,4 in
365879950587,HWK-TOOLBELT-PARENT,Item Length,,9,9 in
365879950587,HWK-TOOLBELT-PARENT,Item Weight,,2,2 lb
365879950587,HWK-TOOLBELT-PARENT,Item Width,,8,8 in
365879996354,NPT-POCKKNFBLK-PBK241BK,Overall Length,,8,8 in
365879996356,SON-100PKZIPTIES-PARENT,Item Length,,12,12 in
365879996356,SON-100PKZIPTIES-PARENT,Item Width,,9,9 in
365879996377,SON-HPS-105-RD,Item Height,,1,1 in
365879996377,SON-HPS-105-RD,Item Length,,11.5,11.5 in
365879996377,SON-HPS-105-RD,Item Weight,,0.33,0.33 lb
365879996382,SON-HAWKBILLKNIFE-DCNV,Item Weight,,0.25,0.25 lb
365879996382,SON-HAWKBILLKNIFE-DCNV,Overall Length,,5,5 in
365879996421,SON-GUNROPE-PARENT,Item Height,,1,1 in
365879996421,SON-GUNROPE-PARENT,Item Length,,4,4 in
365879996421,SON-GUNROPE-PARENT,Item Weight,,0.08,0.08 lb
365879996421,SON-GUNROPE-PARENT,Item Width,,1,1 in
365880019102,SON-ASR-EMERG-CNDL-PARENT,Item Height,,2.5,2.5 in
365880019102,SON-ASR-EMERG-CNDL-PARENT,Item Length,,3.25,3.25 in
365880019102,SON-ASR-EMERG-CNDL-PARENT,Item Weight,,0.65,0.65 lb
365880019102,SON-ASR-EMERG-CNDL-PARENT,Item Width,,3.25,3.25 in
365880042745,SON-SNAPATITEUTENSILS-4PC,Item Height,,0.25,0.25 in
365880042745,SON-SNAPATITEUTENSILS-4PC,Item Length,,6.75,6.75 in
365880042745,SON-SNAPATITEUTENSILS-4PC,Item Weight,,0.2,0.2 lb
365880042745,SON-SNAPATITEUTENSILS-4PC,Item Width,,1,1 in
365880042750,UNV-DVCHCK-BUN-29PC-18X12-GRN-BNDL,Size,,"18"" x 12""",18 in x 12 in
365880042761,NPT-6TOPWMNCKSNG-2PC-6-GRN,Blade Length,,2 - 3in.,2 - 3 in.
365880042779,HWK-TOOLBELT-PARENT-HPN,Item Height,,9,9 in
365880042779,HWK-TOOLBELT-PARENT-HPN,Item Length,,22,22 in
365880042779,HWK-TOOLBELT-PARENT-HPN,Item Width,,8,8 in
365920250803,4SN-BLE-17OZCOFFEEMUGS-PARENT,Item Weight,,0.96,0.96 lb
365924277847,4SN-BLE-12PKCOOKIECUTTERS-STD,Item Height,,1.5,1.5 in
365938401688,ASR-BADGEHOLDER-CAS2S-WEAVE,Item Length,,5,5 in
365938401688,ASR-BADGEHOLDER-CAS2S-WEAVE,Item Width,,4,4 in
366005344632,LST-SPACECINCHSET-3PC-PARENT,Item Height,,3,3 in
366005344632,LST-SPACECINCHSET-3PC-PARENT,Item Length,,20,20 in
366005344632,LST-SPACECINCHSET-3PC-PARENT,Item Width,,8,8 in
366442753207,KOL-TTX-MINIGARDENTOOLSET-3PC-BUN,Item Weight,,0.2,0.2 lb
