"sku","parent.sku","name","season","tang_ebay","room","closure_amazon","head_material_type_amazon","hair_type_amazon","size_ebay","skin_type_amazon","blade_type_ebay","compatible_devices_amazon","blade_color_ebay","gender","battery_included_ebay","gun_type_ebay","finish_type_amazon","coarseness","cut","for_gun_make","compatible_model","form","thickness","size_type"
"SON-STEELDIGGER-GRN","","ASR Outdoor 13"" Gold Rush Prospectors Trowel Pay Dirt Steel Edge Digger","","","","","","","","","","","","unisex","","","","","","","","","",""
"MCN-WILDERNESSTRAVELGUIDE","","Wilderness Travel Medicine Emergency Guide","","","","","","","","","","","","","","","","","","","","","",""
"4SN-BEAUTYTOOLKIT-9PC-BUN","4SN-BEAUTYTOOLKIT-PARENT","ToolTreaux Beauty Tool Kit Nail Clipper Brush Eyelash Curler Pore Cleaner - 9pc","","","","","","","","","","","","","","","","","","","","","",""
"4SN-BLACKKNIFESET-4PC","","Beille 5 Piece Home Ergonomic Kitchen Knives Set, 5 Knife Essential Bundle","","","","","","","","","","","","unisex","","","","","","","","","",""
"4SN-CALLUSREMOV-BLU-42121","","Home Essentials Manicure Pedicure Foot Scrubber Foot File Callus Remover - Blue","","","","","","","","","","","","unisex","","","","","","","","","",""
"4SN-FINGERLINGS-DIARY-10408","","KidPlay Products Fingerlings Friendship at your Fingertips Secret Diary 7 Pieces","","","","","","","","","","","","unisex","","","","","","","","","",""
"4SN-JOJOTOOTHBRUSH-CAP","","JoJo Siwa Brush Buddies Kids Toothbrush Ultra Soft Bristles with Plastic Cap","","","","","","","","","","","","female","","","","","","","","","",""
"SON-DSSWCCPASSWC-625X25-SLVR","","Dual Sided 12pc Wax Clay Carving Pick Spatula Tool Set with Case Arts and Crafts","","","","","","","","","","","","Unisex","","","","","","","","","",""
"SON-SSSWCTS-7PC","SON-SSDESWCT-PARENT","Universal Tool Spatula Wax Carver Ceramic Pottery Double Ended Tool Set, 7pc","","","","","","","","","","","","","","","","","","","","","",""
"ASR-ASROUTDOORBLACKSTRETCH","ASR-AOBSCWBB-PARENT","ASR Outdoor Black Stretch Shock Cord Plastic Ball Utility Cord Camping Tool 100pk","","","","","","","","","","","","Unisex","","","","","","","","","",""
"ASR-ASROUTDOORGREENGLOW","","(3 Pack) ASR Outdoor Emergency Glow Stick BOB High Visibility Safety Light","","","","","","","","","","","","Unisex","","","","","","","","","",""
"ASR-BFTOU-BUN-3PK-STD-SLVR","","(3 Pack) ASR Outdoor Extendable Marshmallow Toaster Telescoping BBQ Fork Utensil","","","","","","","","","","","","Unisex","","","","","","","","","",""
"ASR-EDACS-BUN-3PC-MED-BNDL","","Bald Eagle Dagger 3pc American Flag Knife Collector Set","","Full","","","","","","","Straightback","","Silver","Male","","","","","","","","","",""
"ASR-ETB84X-BUN-24PK-84X52-SLVR","","ASR Outdoor Emergency Mylar Outdoor Blanket Insulated Thermal Reflector, 24pk","","","","","","","","","","","","Unisex","","","","","","","","","",""
"SON-B14GRGTGP-14-BLCK","","Gold Rush Gravity Trap Gold Pan High Impact Flexible Plastic - BLACK 14 inch","","","","","","","","","","","","Unisex","","","","","","","","","",""
"SON-AOMDBWSB-17X125-BLCK","","ASR Outdoor Black Drawstring Backpack Gym Bag Hiking Gear, 20 x 16 Inches","","","","","","","","","","","","Unisex","","","","","","","","","",""
"SON-AO125IGPSSFGP-LG-GRN","SON-SANDSCOOPER-PARENT","ASR Outdoor 12.5 Inch Large Sand Scoop Plastic Trowel for Metal Detector Gold Panning, Green","","","","","","","","","","","","","","","","","","","","","",""
"SON-MAGNIFYINGTWEEZER-1PK","","ASR Outdoor Gold Rush Gold Panning 4x Magnification Magnifying Tweezers","","","","","","","","","","","","Unisex","","","","","","","","","",""
"SON-MSPT-8LBS","","ASR Outdoor Gold Panning Portable Compact 8lb Magnetic Pickup Tool with Quick Release Rubber Handle - Black","","","","","","","","","","","","unisex","","","","","","","","","",""
"SON-POCKETSLUICEBOX-GRN","","ASR Outdoor Pocket Mini Sluice Box for Gold Panning 3 Riffle TPR Rubber Groove Mat, 12""","","","","","","","","","","","","unisex","","","","","","","","","",""
"SON-AO8IBGRGTGP-8-BLCK1","SON-GOLDMININGPAN-PARENT","ASR Outdoor 8 inch Gold Pan with Dual Riffles for Gold Prospecting, Black","","","","","","","","","","","","","","","","","","","","","",""
"SON-G10GRGTGP-10-GRN","SON-10GOLDRUSHPAN-PARENT","Green 10"" Gold Rush Gravity Trap Gold Pan - High Impact Flexible Plastic","","","","","","","","","","","","","","","","","","","","","",""
"SON-ADTMGBKC-SML-ASSRTD","","Aluminum Dog Tags Engraveable Blank Key Chains Military Identification - 1 pc","","","","","","","","","","","","Unisex","","","","","","","","","",""
"SON-GRCSS10HPSI-6-GRN","SON-GRC-PAN-PARENT-2","Gold Rush Sifting Classifier Sieve Mini 6 Inch Prospect Pan 10 Holes per Sq Inch","","","","","","","","","","","","","","","","","","","","","",""
"SON-GRCSS20HPSI-6-GRN","SON-GRC-PAN-PARENT-2","Gold Rush Sifting Classifier Sieve Mini 6 Inch Prospect Pan 20 Holes per Sq Inch","","","","","","","","","","","","","","","","","","","","","",""
"SON-GRCSS50HPSI-50HPS-GRN2","SON-GRC-PAN-PARENT-2","Gold Rush Sifting Classifier Sieve Mini 6 Inch Prospect Pan 50 Holes Per Sq Inch","","","","","","","","","","","","","","","","","","","","","",""
"SON-GRCSS100HPSI-6-GRN","SON-GRC-PAN-PARENT-2","ASR Outdoor Gold Rush Sifting Classifier Sieve 6 Inch Prospect Pan 100 Holes per Sq Inch","","","","","","","","","","","","","","","","","","","","","",""
"SON-20OZERPMH-STD","","ASR Outdoor Gold Prospecting Geology Rock Pick Mining Hammer, 20oz Pointed Tip","","","","","","","","","","","","unisex","","","","","","","","","",""
"SON-AOPMTSFGP-SML-GRY","","ASR Outdoor 2 Inch Precious Metal Testing Stone for Gold Panning","","","","","","","","","","","","Unisex","","","","","","","","","",""
"SON-BFTOU-MED-BLCK","","ASR Outdoor BBQ Fork Telescoping 2 Prong Cooking Utensil - Camping Accessories","","","","","","","","","","","","Unisex","","","","","","","","","",""
"SON-AO40LWRDS","","ASR Outdoor Ultimate Dry Sack 40L PVC Water Resistant 9 Inch Diamater","","","","","","","","","","","","Unisex","","","","","","","","","",""
"SON-16FTHVMRNG-16F-NNGRN","SON-MARKINGRIBBON-PARENT","ASR Outdoor Hiking Gear 200ft High Visibility Marking Ribbon, Neon Green","","","","","","","","","","","","","","","","","","","","","",""
"ASR-GRIPREDKEEPSPORTING","CARABINER-JUMBO-PARENT","(2 Pack) ASR Outdoor Jumbo 6.5 Inch XL Key Chain Hand Grip Black and Silver","","","","","","","","","","","","","","","","","","","","","",""
"ASR-MEDIUMSIZECARABINERSKEEP","","Aluminum Colored Carabiner Key Chain Spring Clip Medium Size Assorted Colors 6pk","","","","","","","","","","","","Unisex","","","","","","","","","",""
"SON-UFDSVHVO-29-ORNG","","Universal Safety Disposable Vest High Visibility One Size Fits Most Orange","","","","","","","","","","","","Unisex","","","","","","","","","",""
"SON-AOBCP-SML-RD","","Metal Detector Brass Coin Probe","","","","","","","","","","","","Unisex","","","","","","","","","",""
"ASR-SO4BGMN-BUN-2PC-2PK-LG-BLCK","","Set of 4 Non-Stick BBQ Grill Mats Reusable Easy to Clean","","","","","","","","","","","","Unisex","","","","","","","","","",""
"SON-AOUFSVLG-ONE-GRN","","ASR Federal Universal Fit Safety Vest High Visibility Lime Green Reflective","","","","","","","","","","","","Unisex","","","","","","","","","",""
"SON-BGMN-LG-BLCK","","BBQ Grill Mat Non-Stick Heavy Duty Outdoor Patio Eating and Cooking Tools - 2Pk","","","","","","","","","","","","Unisex","","","","","","","","","",""
"SON-7IN1SURVIVALWHISTLE-ODGRN","SON-7IN1SURVIVALWHISTLE-PARENT","7 in 1 Survival Whistle Multi-Case with LED Flashlight Compass Mirror - Green","","","","","","","","","","","","","","","","","","","","","",""
"SON-3IN1CUSKFS-3PC-ONE-SLVR","","ASR Outdoor 3pc Camping Utensil Set Military Ration Knife Fork Spoon Accessories","","","","","","","","","","","","Unisex","","","","","","","","","",""
"CARABINER-JUMBO-BLACK","CARABINER-JUMBO-PARENT","ASR Outdoor 6.5 Inch Jumbo Aluminum Carabiner Hiking Cushion Grip - Black","","","","","","","","","","","","","","","","","","","","","",""
"CARABINER-JUMBO-BLUE","CARABINER-JUMBO-PARENT","ASR Outdoor 6.5 Inch Jumbo Aluminum Carabiner Hiking Cushion Grip - Blue","","","","","","","","","","","","","","","","","","","","","",""
"CARABINER-JUMBO-GREEN","CARABINER-JUMBO-PARENT","ASR Outdoor 6.5 Inch Jumbo Aluminum Carabiner Hiking Cushion Grip - Green","","","","","","","","","","","","","","","","","","","","","",""
"CARABINER-JUMBO-PINK","CARABINER-JUMBO-PARENT","ASR Outdoor 6.5 Inch Jumbo Aluminum Carabiner Hiking Cushion Grip - Pink","","","","","","","","","","","","Unisex","","","","","","","","","",""
"CARABINER-JUMBO-SILVER","CARABINER-JUMBO-PARENT","ASR Outdoor 6.5 Inch Jumbo Aluminum Carabiner Hiking Cushion Grip - Silver","","","","","","","","","","","","Unisex","","","","","","","","","",""
"CHAINSAW-SHARPENING-BURR-3-16","","3/16"" File Chain Saw Blade Diamond Sharpening Burr Shank 120 Grit","","","","","","","","","","","","Unisex","","","","120","","","","","",""
"COLLAPSIBLE-WATER-CARRIER-5-GALLON","","ASR Outdoor Collapsible Water Carrier with Handle 5 Gallon Hiking Camping","","","","","","","","","","","","Unisex","","","","","","","","","",""
"SON-J65XCKCWHGP-XL-PURPLE","","Jumbo 6.5"" XL Carabiner Key Chain  - Purple","","","","","","","","","","","","Unisex","","","","","","","","","",""
"SON-ABSAS-15PC-A-BLCK","","ToolTreaux Artist Paint Brushes Natural Hair Bristles Wooden Grip Assorted 15pc","","","","","","","","","","","","Unisex","","","","","","","","","",""
"SON-CEGRKCFFAKOG-11PC-SML-CLR","","Universal Compact Eye Glasses Repair Kit with Screwdriver, 11pc","","","","","","","","","","","","Unisex","","","","","","","","","",""
"SON-SGSURSB-10PC-11-MTL","","10pc Sterile Surgical Grade Replacement Scalpel Blades Universal Fit - Size 11","","","","","","","","","","","","Unisex","","","","","","","","","",""
"SON-WBSTAS-28PC-28PC-BRNZ","","28pc Wood Burning Wood Working and Assorted Soldering Tips Stencil Set Crafting","","","","","","","","","","","","unisex","","","","","","","","","",""
"SON-PHWWKS-16PC-STD-BL","","Hobby Knife Precision Set 16pc Exacto Blades Cutting Sculpting Craft Hobby DIY","","","","","","","","","","","","unisex","","","","","","","","","",""
"SON-JEL14XMFPHCP-14X-BLCK","","Jewelers Eye Loupe 14X Magnification for Precision Hobby Arts and Craft Projects","","","","","","","","","","","","unisex","","","","","","","","","",""
"MCN-SCNRKFDGWPAB-2OZ-BLCK","","GEAR AID Aquaseal NEO Contact Cement for Neoprene and Wetsuit Repair, 1.5 fl oz","","","","","","","","","","","","","","","","","","","","","",""
"SON-HDLHPS-6PC-C-SLVR","","6pc Universal Heavy Duty Leather Hollow Punch Set","","","","","","","","","","","","Unisex","","","","","","","","","",""
"SON-CKK12ITSHSR-12E-SLVR","","Beille 12 Inch Steel Sharpening Rod for Knives Knife Sharpeners Kitchen Gadgets","","","","","","","","","","","","Unisex","","","","","","","","","",""
"SON-ESSBL-LG-SLVR","","Emergency Sleeping Bag Mylar Insulated Heat Light Weight 84x36 Inch","","","","","","","","","","","","unisex","","","","","","","","","",""
"SON-DHCSDBS-6PC","","6pc Diamond Drill Bit Hole Saw Set Core 5/32 - 1/2"" Tile Glass Marble","","","","","","","","","","","","Unisex","","","","","","","","","",""
"DEL-EXFOLBATHMITT-WHITE","","Universal Home Soothing Exfoliating Bath Mitt Shower Accessory - White","","","","","","","","","","","","unisex","","","","","","","","","",""
"SON-15IFSCFNP-15-ORNG","","Heavy Duty Flat Nail Puller Forged Steel Cats Paw Carpenters 15 Inches","","","","","","","","","","","","Unisex","","","","","","","","","",""
"UPD-MICKEY-JUMP-ROPE","UPD-DELUXEJUMPROPE-PARENT","Disney Mickey Mouse Roadster Racers Jump Rope Kids Exercise Toy","","","","","","","","","","","","","","","","","","","","","",""
"DLX-NAILFILES-18PC","","Home Essentials Nail Files Buffers Emery Boards Beauty Tools Set Mani Pedi 18pc","","","","","","","","","","","","female","","","","","","","","","",""
"SON-SAFETYGOGGLES","","Safety Goggles Eye Protection","","","","","","","","","","","","Unisex","","","","","","","","","",""
"SHM-UV9LF-SML-BLCK","","ASR Federal 51 LED UV Black Light 395nm Dual Mode Flashlight 6 Inch","","","","","","","","","","","","Unisex","","","","","","","","","",""
"HWK-MYLAR-BLANKET","","ASR Outdoor First Aid Bug Out Emergency Light Mylar Foil Space Blanket","","","","","","","","","","","","unisex","","","","","","","","","",""
"DOY-WILD-ANIMAL-DAGGER-SET-BNDLE","","3pc Animal Head Fixed Blade Ornamental Dagger Collector Knife Decorative Gift Set, Wolf Eagle and Dragon","","Full","","","","","","","Straightback","","Silver","Male","","","","","","","","","",""
"FLL-HNHSTBAT","","Flatline Ops Nylon Hanging Strap Bag Attachment Snap Hook (Tan)","","","","","","","","","","","","","","","","","","","","","",""
"SON-DHDCUT-2PC-4-SLVR","","7 Function Small Pocket Camping Utensil Flatware, Spoon Fork Knife","","","","","","","","","","","","Unisex","","","","","","","","","",""
"SON-SFKFHSS-P-GRY","","Small Field Knife Pocket Fishing Tackle Box Grooved Angle Sharpening Stone","","","","","","","","","","","","Unisex","","","","","","","","","",""
"SON-HACBPCMTS-8PC","","8pc Basic Pottery Kit Clay Molding Hobby Arts and Craft Tool Set for Beginners","","","","","","","","","","","","Unisex","","","","","","","","","",""
"SON-35ISTSSSTS-35-SLVR","","Stainless Steel Tailors Stork Craft Scissors Straight Sharp Tip, 3.5 inch","","","","","","","","","","","","Unisex","","","","","","","","","",""
"ZKT-TKRHBCCFZ-SML-BLCK","","Tactical Keyring Holder Belt Connector Clip ZT55","","","","","","","","","","","","","","","","","","","","","",""
"HAWK-SLFHEALMAT-GR","HAWK-SLFHEALMAT-PARENT","ToolTreaux DIY Craft Self Healing Cutting Mat Art Supply Tool 5 x 9 Inch - Green","","","","","","","","","","","","","","","","","","","","","",""
"SON-5FT60IRTSMT","","Retractable Sewing Tape Measure 60 inch Tailor Seamstress for Arts and Crafts","","","","","","","","","","","","Unisex","","","","","","","","","",""
"HWK-TBPHDPSLFHAN-9P-PNK","","9 Pocket Tool Belt Heavy Duty Suede Leather For Hammer Nails, Pink Toolbelt","","","","","","","","","","","","female","","","","","","","","","",""
"KOL-BARBIE-STAR-EARRINGS-PC316","","Girls Gold Star Bundle Set with Barbie Dangle Earrings Dress Up","","","","","","","","","","","","female","","","","","","","","","",""
"KOL-FRUITVEGGIEPEELER-PARENT","","Universal Handy Helpers Fruit and Vegetable Peeler Dishwasher Safe (2 Colors)","","","","","","","","","","","","unisex","","","","","","","","","",""
"SON-AORUBZ500FR-11-BLCK","","ASR Outdoor 360 Degree Standard Plug-in UV Light Bug Zapper Metal Hanging Hook","","","","","","","","","","","","unisex","","","","","","","","","",""
"LST-KARAOKE-KEYBOARD-A57","LST-KARAOKE-KEYBOARD-PARENT","KidPlay Products Little Pianist Singing Musical Karaoke Keyboard Lights Up Blue","","","","","","","","","","","","","","","","","","","","","",""
"LST-KPKO-DANCEDINO-JQ2210-GRN","LST-KPKO-DANCEDINO-JQ2210-PARENT","Kidplokio RC Remote Control Dinosaur T Rex Toys for Boys, LED Lights Sounds, Green, Ages 3+","","","","","","","","","","","","","","","","","","","","","",""
"LST-PICNICFOOD-XJ330Z-8","","Kidplokio Kids Pretend Play Food Set Fun Picnic Plastic Food Utensils Assorted, Multicolor, Ages 3+","","","","","","","Large","","","","","unisex","","","","","","","","","",""
"MCN-AKUADIVEKNIFE-BLACK","MCN-AKUADIVEKNIFE-PARENT","Akua Dive Knife with Tang Blunt Tip Blade and Sheath Water Sport - Black","","","","","","","","","","","","","","","","","","","","","",""
"MCN-AQUASEAL-PARENT","","Gear Aid Aquaseal Aquaseal FD Flexible Durable Repair Adhesive Sealant","","","","","","","","","","","","","","","","","","","","","",""
"MCN-BURIDIVEKNIFE-PARENT","","Tactical Buri Multipurpose Utility Dive Knife 8 Inch (2 Colors)","","","","","","","","","","","","","","","","","","","","","",""
"MCN-DOWNCLEANER-GALLON","MCN-REVIVEXDOWNCLEANER-PARENT","Gear Aid Revivex Down Cleaner Gentle Formula Outerwear Gear Repair 1 Gallon","","","","","","","","","","","","","","","","","","","","","",""
"MCN-ELSTIC-SHOCKCORD-HPNR","","GEAR AID Elastic Shock Cord for Tent Poles and Jackets, 84"", Black","","","","","","","","","","","","","","","","","","","","","",""
"MCNETT-MICROTERRY-TOWEL-4009-BUN-1","","GEAR AID Quick Dry Microfiber Towel for Travel, Camping and Sports, OD Green, M, 20"" x 40""","","","","","","","","","","","","","","","","","","","","","",""
"MCN-GADWNCLN10OZ-10OZ-HVAR","MCN-REVIVEXDOWNCLEANER-PARENT","Gear Aid ReviveX Down Cleaner","","","","","","","","","","","","","","","","","","","","","",""
"MCN-GAMEAACCRA-3PC-SML-CLR","","Gear Aid Aquaseal Cotol-240 Combo Repair Glue Adhesive Outdoor Rec","","","","","","","","","","","","","","","","","","","","","",""
"MCN-GAMEAACCRA-3PC-SML-CLR-PARENT","","GEAR AID Aquaseal FD Flexible Durable Repair Adhesive and Cure Accelerator","","","","","","","","","","","","","","","","","","","","","",""
"MCN-GARDWP10OZ-10OZ-CLR-3","MCN-WATERPROOFSPRAY-PARENT","Gear Aid Revivex Durable Water Proofing 10oz","","","","","","","","","","","","","","","","","","","","","",""
"MCN-GARDWR-169OZ-36226","","GEAR AID Revivex Durable Water Repellent (DWR) Spray for Reproofing Jackets, 16.9 fl oz","","","","","","","","","","","","unisex","","","","","","","","","",""
"MCN-GARNASFWAWK-KIT-PARENT","","Gear Aid Revivex Suede and Fabric Boot Care Kit","","","","","","","","","","","","","","","","","","","","","",""
"MCN-GARPC10OZ-10OZ-36299","","Gear Aid ReviveX Pro Cleaner for Outdoor Equipment and Clothing - 10 oz","","","","","","","","","","","","Unisex","","","","","","","","","",""
"MCN-GARSOWFP4OZ-4OZ","MET-GEARAIDREVIVEXSPRAY-PARENT","Gear Aid ReviveX Spray On Waterproofing Footware Protection Outdoor Rec - 4 oz","","","","","","","","","","","","","","","","","","","","","",""
"MCN-GARVXDCDWEMRP-BNDL-AMZ","","GEAR AID Revivex Down Care Kit for Jackets and Sleeping Bags, with Down Cleaner, Water Repellent and Repair Patches","","","","","","","","","","","","","","","","","","","","","",""
"MCN-GARVXDCMRP-BNDL-AMZ","","GEAR AID Revivex Down Care Kit for Jackets and Sleeping Bags, with Down Cleaner and Repair Patches","","","","","","","","","","","","","","","","","","","","","",""
"MCN-GARVXPCDWEMRP-BNDL-AMZ","","GEAR AID 3pc Care Kit with Revivex Pro Cleaner, Revivex Durable Water Repellent Spray and Tenacious Tape Mini Patches","","","","","","","","","","","","","","","","","","","","","",""
"MCN-GARVXPC-DWP169OZ-BNDL-AMZ","","GEAR AID 2pk Outerwear Kit with Revivex Pro Cleaner and Revivex Durable Water Repellent Spray, 16.9 fl oz","","","","","","","","","","","","","","","","","","","","","",""
"MCN-GARVXPCDWP-BNDL-AMZ","","GEAR AID Care Kit with Revivex Pro Cleaner and Revivex Durable Water Repellent Spray","","","","","","","","","","","","","","","","","","","","","",""
"MCN-GARVXPCWIWBP-BNDL-AMZ","","GEAR AID Care Kit with Revivex Pro Cleaner, Revivex Wash-In Water Repellent and Tenacious Tape Mini Patches","","","","","","","","","","","","","","","","","","","","","",""
"MCN-GASSRASS-2OZ","MCN-SEAMGRIPFC-PARENT","GEAR AID Seam Grip FC Fast Cure Sealant for Tents, Clear, 2 fl oz","","","","","","","","","","","","","","","","","","","","","",""
"MCN-GASSRASS-2OZ-BUN-2PK","MCN-SEAMGRIPFC-PARENT","GEAR AID Seam Grip FC Fast Cure Sealant for Tents, Clear, 2 fl oz, 2 Pack","","","","","","","","","","","","","","","","","","","","","",""
"MCN-GATTMRPBAC-6PC-BLK","","GEAR AID Tenacious Tape Mini Patches to Repair Jackets, Tents and Rain Gear, Black, 1.5""x2.5""","","","","","","","","","","","","","","","","","","","","","",""
"MCN-GATTMCFSTP-2PC-3X5-CLR-PARENT","","GEAR AID Tenacious Tape Flex Patches for Vinyl and Fabric Repair, Clear","","","","","","","","","","","","","","","","","","","","","",""
"MCN-GATTMRPC-6PC-3X5-CLR","","GEAR AID Tenacious Tape Mini Patches to Repair Jackets, Tents and Rain Gear, Clear, 1.5""x2.5""","","","","","","","","","","","","","","","","","","","","","",""
"MCN-IMFRKSDWR-3PC-10X6-BLCK-PARENT","","GEAR AID Wetsuit Repair Kits with Iron-On Neoprene Patch, Fix Seams and Tears","","","","","","","","","","","","","","","","","","","","","",""
"MCN-MEMNORABC-2OZ-CLR-2","","Gear Aid Revivex Odor Eliminator, for Tents, Footwear and Sports Gear, 2 fl oz","","","","","","","","","","","","","","","","","","","","","",""
"MCN-MGAIWS","","Gear Aid ReviveX Instant Waterproofing Spray for Outdoor Clothing Camping","","","","","","","","","","","","","","","","","","","","","",""
"MCN-MGARBDSB-1-BLCK","","GEAR AID Dual Snap Bar Buckle, 1""","","","","","","","","","","","","","","","","","","","","","",""
"MCN-MGARBS-4O-CLR","","Gear Aid Rubber Boot Saver with UV Protection Outdoor Shoe Care Repair - Clear","","","","","","","","","","","","","","","","","","","","","",""
"MCN-MGARWRLGAC-4O","","Gear Aid ReviveX Water Proofing Conditioning Gel for Leather Outdoor Footwear","","","","","","","","","","","","","","","","","","","","","",""
"MCN-MGAUCA25O-SML","","GEAR AID Aquaseal UV Adhesive for Instant Wader and Drysuit Repair, 0.25 oz","","","","","","","","","","","","","","","","","","","","","",""
"MCN-MGAUSS7STRAND-15-MCH","","Gear Aid Ultra Strong 7-Strand 550 Paracord for Outdoor Camping Hiking Survival","","","","","","","","","","","","","","","","","","","","","",""
"MCN-MGAZP-2E-BLCK","","GEAR AID Zipper Pulls, Set of 2","","","","","","","","","","","","","","","","","","","","","",""
"MCN-MMEBLBCC10O-10OZ-3","","BC Life BCD cleaning and maintenance 10 oz","","","","","","","","","","","","","","","","","","","","","",""
"MCN-MMESBDMPT125OZ-2","","GEAR AID Sea Buff Dive Mask and Slate Cleaner, 1.25 fl oz","","","","","","","","","","","","","","","","","","","","","",""
"MCN-MMESC4OZNCB","","GEAR AID Aquaseal NEO Contact Cement for Neoprene and Wetsuit Repair, 4 fl oz","","","","","","","","","","","","","","","","","","","","","",""
"MCN-MMESG14OPMARL","","Silicone O Ring Valve Protection Grease for Diving Gear - 1/4 oz","","","","","","","","","","","","","","","","","","","","","",""
"MCN-MOMUAQDGTNBX-2PC-35X62-NVYBL","MCN-COMPACTTOWEL-PARENT","Microfiber Ultra Absorbent Quick Dry Gym Towel Outdoor - Navy Blue XL","","","","","","","","","","","","","","","","","","","","","","35 x 62-Inch/X-Large"
"MCN-MRLBCCC-4OZ","","ReviveX Leather Boot Care Waterproof Cleaner Outdoor Recreation Repair - 4 oz","","","","","","","","","","","","","","","","","","","","","",""
"MCN-MTCARTRC-5FT-CLR-PARENT","","GEAR AID Tenacious Tape Repair and Seam Tape for Tents and Vinyl","","","","","","","","","","","","","","","","","","","","","",""
"MCN-MTODLCS25OWCC-2PC-C-CLR","","GEAR AID Op Drops Anti-Fog and Lens Cleaner for Eyewear and Optics, 0.25 oz","","","","","","","","","","","","unisex","","","","","","","","","",""
"MCN-MUTPARMSDGS4OZ-4OZ-CLR-4","","Gear Aid UV Tech Protectant And Rejuvenator Marine Scuba Diving Gear 4oz","","","","","","","","","","","","","","","","","","","","","",""
"MCN-ODORELIMINATOR-GALLON","","Gear Aid Revivex Odor Eliminator for Tents, Footwear and Sports Gear, 1 Gallon","","","","","","","","","","","","unisex","","","","","","","","","",""
"MCN-ODORREMOVER-10OZ-AMZN","MCN-ODORELIMINATOR-PARENT-PZ","Gear Aid Revivex Odor Eliminator,10oz","","","","","","","","","","","","","","","","","","","","","",""
"MCN-PCXHD-1100-BLCK-RFLCT-100FT-BUN","MCN-PCXHD-1100-BLCK-RFLCT-PARENT","Gear Aid Paracord and Carabiner 5.5 mm Heavy-Duty Cord for Camping - 100 Feet","","","","","","","","","","","","","","","","","","","","","",""
"MCN-POSHDFGCMWS-2PC-C-BLCK-AMZN","","GEAR AID Snap Hooks, Set of 2","","","","","","","","","","","","","","","","","","","","","",""
"MCN-PROCLEANER-GALLON","","Gear Aid Revivex Pro Cleaner for Synthetic Fabrics Outerwear Repair 1 Gallon","","","","","","","","","","","","unisex","","","","","","","","","",""
"MCN-REVIVX-SEAMGRIPFC-BUNDLE-HPNR","","GEAR AID 2pk Tent Waterproofing Spray and Sealer for Nylon Tents, Fast Cure Kit","","","","","","","","","","","","","","","","","","","","","",""
"MCN-REVIVX-SEAMGRIPTF-BUNDLE-HPNR","","GEAR AID 2-Pack Bundle Tent Waterproofing Spray Kits for Nylon Tents","","","","","","","","","","","","","","","","","","","","","",""
"MCN-SEAGLD-AMZN-PARENT","","Sea Gold Antifog Gel Dive Mask Care","","","","","","","","","","","","unisex","","","","","","","","","",""
"MCN-SEAMGRIP-REPAIRKIT-PARENT","","GEAR AID Seam Grip WP Field Repair Kit for Tents and Outdoor Gear","","","","","","","","","","","","","","","","","","","","","",""
"MCN-SEAMGRIP-TF-PARENT","","Gear Aid Seam Grip TF Tent Fabric Sealer for Waterproofing","","","","","","","","","","","","","","","","","","","","","",""
"MCN-SEAMGRIPWP-PARENT","","GEAR AID Seam Grip WP Waterproof Sealant and Adhesive for Tents and Outdoor Fabric, Clear","","","","","","","","","","","","","","","","","","","","","",""
"MCN-SEAM-SEALANT-SILNYLON-PATCHES-BUN","","Seam Grip SIL Silicone Sealant and Silnylon Patches for Silnylon Tents and Tarps","","","","","","","","","","","","","","","","","","","","","",""
"MCN-SSTSHDWS15OZ-SML-CLR","","Seam Grip SIL Silicone Sealant for Silnylon Tents and Tarps, Clear, 1.5 oz","","","","","","","","","","","","","","","","","","","","","",""
"MCN-STRAP-TENDER-AMZN","","GEAR AID Strap Tender for 1"" Webbing","","","","","","","","","","","","","","","","","","","","","",""
"MCN-TACMICRTERTOWEL-PARENT-HPN-2","","Gear Aid Tactical Ultra-Compact Microfiber Towel","","","","","","","","","","","","","","","","","","","","","",""
"MCN-TENACIOUSTAPE-PARENT-AMZ","","Gear Aid Tenacious Tape Repair Tape for Fabric and Vinyl, 3"" x 20""","","","","","","","","","","","","","","","","","","","","","",""
"MCN-TENTAPE-GEARPATCHES-PARENT","","Gear Aid Tenacious Tape Gear Patches for Jacket, Tent and Outerwear Repair, 3"" x 20""","","","","","","","","","","","","","","","","","","","","","",""
"MCN-TTAPEREPAIRPATCHES-AMZ-PARENT","","GEAR AID Tenacious Tape Mini Patches to Repair Jackets, Tents and Rain Gear, 1.5""x2.5""","","","","","","","","","","","","","","","","","","","","","",""
"MCN-TTAPE-SILNYLON-3X5-PARENT","","GEAR AID Tenacious Tape Silnylon Patches for Silicone Tent and Tarp Repair, 3""x5""","","","","","","","","","","","","","","","","","","","","","",""
"MCN-ULCOMMICFIBTOW-PARENT-HPN","","Ultra-Compact Microfiber Towel - Various Colors","","","","","","","","","","","","","","","","","","","","","",""
"MCN-WASH-IN-10-OZ-AMZN","","Gear Aid Revivex Wash-In Water Repellent 10OZ","","","","","","","","","","","","unisex","","","","","","","","","",""
"MCN-WASHINREPELLENT-GALLON","","Revivex Wash In Water Repellent Waterproof Fluid Non-toxic - 1 Gallon","","","","","","","","","","","","unisex","","","","","","","","","",""
"MCN-ZIPPER-LUBE-91120","","GEAR AID Zipper Lubricant Wax for Tents, Drysuits, Soft Coolers and more, includes 2 sticks","","","","","","","","","","","","","","","","","","","","","",""
"MET-AIDREVIVEXWATERPROOFING-COMBOKIT-2","","Gear Aid Revivex Durable Water Proofing Combo Kit 10oz","","","","","","","","","","","","","","","","","","","","","",""
"MET-GEARAIDREVIVEXSPRAY-AMZN","MET-GEARAIDREVIVEXSPRAY-PARENT","GEAR AID Revivex Suede Protector and Fabric Water Repellent for Shoes and Boots, 4 fl oz, 2-pk","","","","","","","","","","","","","","","","","","","","","",""
"MET-WETSUITSHAMPOO-AMZN-HPN","","GEAR AID Revivex Wetsuit and Drysuit Shampoo, Cleaner and Conditioner, 10 fl oz","","","","","","","","","","","","","","","","","","","","","",""
"MET-WETSUITSHAMPOO-ODOR-BUN","","GEAR AID Wetsuit Cleaner and Conditioner for Neoprene, Odor Kit","","","","","","","","","","","","","","","","","","","","","",""
"NPT-8INPOCKETKNIFE-EAG","NPT-8INPOCKETKNIFE-PARENT","ASR Outdoor Back Lock Folding American Eagle Pocket Knife Collectible Gift, 8 inch","","","","","","","","","","","","","","","","","","","","","",""
"NPT-ASRO-9IN1SURVIVALKNIFE-BLK","","ASR Outdoor 9 in 1 Multitool Folding Pocket Knife with G10 Handle, Black","","","","","","","","","","","","unisex","","","","","","","","","",""
"NPT-ASTKUNAI-6PC","","ASR Outdoor 6 Piece 6.5 Inch Ninja Kunai Set Assorted Colors With Sheath Set","","","","","","","","","","","","unisex","","","","","","","","","",""
"NPT-BEARKNIFE-BLACK","","ASR Outdoor Collectible Dagger Bowie Knife Etched Bear Sheath Ergonomic Handle","","Hidden","","","","","","","Straightback","","Silver","unisex","","","","","","","","","",""
"NPT-BLKKNIFE-HWT258RW","","ASR Tactical Full Tang Clip Point Blade Slim Kydex Sheath Hook Handle - Rainbow","","","","","","","","","","","","unisex","","","","","","","","","",""
"NPT-CHRKNIFE-HWT258CH","","ASR Tactical Full Tang Clip Point Blade Slim Kydex Sheath Hook Handle - Chrome","","","","","","","","","","","","unisex","","","","","","","","","",""
"NPT-EMSPOCKETKNIFE-ORG","","ASR Outdoor Camping EMS Emblem Pocket Knife Spring Assisted Serrated Tanto Blade Orange","","","","","","","","","Tanto","","","unisex","","","","","","","","","",""
"NPT-HDCAHWSB-2PC-STD-BLCK","","ASR Outdoor Heavy Duty Camp Axe Hatchet with Sheath- Survival Prep","","","","","","","","","","","","Male","","","","","","","","","",""
"NPT-OPENRESCUEKNIFE-SILVER","","ASR Outdoor 8.25 Inch Rescue Knife with Belt Clip Seat Belt Cutter","","","","","","","","","Drop Point","","","Male","","","","","","","","","",""
"PARANECK-KNIFE-NEONGREEN","PARANECK-KNIFE-PARENT","ASR Tactical 6"" Survival Knife with Sheath 550 Paracord Wrapped Handle Full Tang Drop Point Fixed Blade, Green","","","","","","","","","","","","","","","","","","","","","",""
"SON-KCIPHAC-275-ASSRTD","SON-IDPILLHOLDER-PARENT","Mini Waterproof Container ID Pill Holder Vial  Key Chain with O Ring Seal (One Container)","","","","","","","","","","","","","","","","","","","","","",""
"SDT-HEAVYDUTYSTEADFASTBATTERIES","SON-HDASB-MED-BL-PARENT","Heavy Duty AA Steadfast Batteries - 12 Pack","","","","","","","","","","","","","","","","","","","","","",""
"SON-HDASB-MED-BL","SON-HDASB-MED-BL-PARENT","4pk Heavy Duty AA Steadfast Batteries","","","","","","","","","","","","","","","","","","","","","",""
"SHM-CERAMICMICROSTRIKER-WHT-STD","","ASR Outdoor Ceramic Micro Striker Scraper Create Sparks Emergency Fire Starter White","","","","","","","","","","","","unisex","","","","","","","","","",""
"SHM-PSHKBZTB-SML-BLCK","SHM-PSHKBZTB-SML-BLCK-PARENT","Zak Tool ZT14 Handcuff Key Universal Fit Police Pen Style Pocket Clip","","","","","","","","","","","","","","","","","","","","","",""
"SHM-KIDFUN-REFLECTIONPAPER","SHM-SPYPAPERPAD-PARENT-2","32 Sheet Disappearing Notebook Dissolving Message Note Pad - Reflection Paper","","","","","","","","","","","","","","","","","","","","","",""
"SON-100PKZIPLOCKBAG-PARENT","","100pc Self Locking Plastic Bags 2mm Thick All Purpose Storage Baggies","","","","","","","","","","","","","","","","","","","","","",""
"SON-11ISCCMTWCC-20PC-SML-SLVR","","(20 Pack) ASR Outdoor 11 in 1 Multi Function Credit Card Sized Tool","","","","","","","","","","","","Unisex","","","","","","","","","",""
"SON-12X36IGMMSBM-12X36-GRN-SM-3","","12x36in Green Miners Moss 10mm Thick Sluice Box Matting Gold Prospecting - Small","","","","","","","","","","","","Unisex","","","","","","","","","",""
"SON-12X36IGMMSBM-12X36-GRY-SM-4","","12x36in Grey Miners Moss 10mm Thick Sluice Box Matting Gold Prospecting - Small","","","","","","","","","","","","Unisex","","","","","","","","","",""
"SON-13IPOCSCHS-3PC-13-SLVR-6PK","","6 Pack Portable Outdoor Camping Survival Wire Hand Saw With Two 35 cm Blades","","","","","","","","","","","","Unisex","","","","","","","","","",""
"SON-155BSSMRWZSS-155E-BLCK","","15.5"" Black Stainless Steel Machete, Recurved Blade with Zigzag Serrated Spine","","","","","","","","","","","","Unisex","","","","","","","","","",""
"SON-15CPHTFMM-MED-BRWN","","Hardwood Handled 15"" Goldsmith Crucible Pot Holder With Adjustable Steel Tongs","","","","","","","","","","","","Unisex","","","","","","","","","",""
"SON-16FTHVMRR-16F-RD","SON-MARKINGRIBBON-PARENT","ASR Outdoor Hiking Gear 200ft High Visibility Marking Ribbon, Red","","","","","","","","","","","","","","","","","","","","","",""
"SON-20ITLWAC-10PC-STD-RD","","10pc Insulated Test Lead Cable with Alligator Clips Colorful Set - 20 Inch","","","","","","","","","","","","Unisex","","","","","","","","","",""
"SON-AO8IBGRGTGP-8-GREEN","SON-GOLDMININGPAN-PARENT","ASR Outdoor 8 inch Gold Pan with Dual Riffles for Gold Prospecting, Green","","","","","","","","","","","","","","","","","","","","","",""
"SON-AO14IBGRGTGP-12-BL","SON-GOLDMININGPAN-PARENT","ASR Outdoor 14 inch Gold Pan with Dual Riffles for Gold Prospecting, Blue","","","","","","","","","","","","","","","","","","","","","",""
"SON-COLLAPSBUCKET-10L-OD-CB10L","","ASR Outdoor Grey and White Silicone Collapsible 10L Water Container Gold Panning Bucket","","","","","","","","","","","","unisex","","","","","","","","","",""
"SON-MEBH-10PC-SML-SLVR","","Universal Tool 10 Pack of .25in Hex Shank Magnetic Bit Extension Holder for Power Tools","","","","","","","","","","","","Unisex","","","","","","","","","",""
"SON-35STORK-SCISSORS-IR-TT","","ToolTreaux Straight Blade Stainless Steel Stork Embroidery Scissors - 3.5 Inch","","","","","","","","","","","","Unisex","","","","","","","","","",""
"SON-3IN1CAMP-UTENSIL-2PK","SON-3IN1CUSKFS-3PC-ONE-SLVR-PARENT","ASR Outdoor (2-Pack) Camping Utensil Set Army Military MRE Chow Set","","","","","","","","","","","","","","","","","","","","","",""
"SON-425SHTTNSB-425","","Shear Scissors Blades Sharp Heat Treated Thread Nipper 4.25 inches","","","","","","","","","","","","Unisex","","","","","","","","","",""
"SON-45IPT-45-SLVR-2","","4.5 Inch 4 Prong Metal Pick-Up Tool Hobby Crafts Jewelry Making with Case","","","","","","","","","","","","Unisex","","","","","","","","","",""
"SON-500-LUMEN-WORKLIGHT","","Universal Tool - 500 Lumen 5w COB 12SMD - Multipurpose Emergency Work Light","","","","","","","","","","","","unisex","","","","","","","","","",""
"SON-53HSSDB116IS-10PC-5316-SLVR","","10pc #53 High Speed Steel Drill Bits 1/16 Inch Shank","","","","","","","","","","","","Unisex","","","","","","","","","",""
"SON-57HSSDB116IS-10PC-5716-SLVR","","High Speed Steel Drill Bits 1/16 Inch Shank 10pc 57","","","","","","","","","","","","Unisex","","","","","","","","","",""
"SON-5INFOLDINGKNIFE-BLK","","ASR Outdoor Thumb Assisted Folding Knife Belt Clip Seat Belt Cutter Window Punch","","","","","","","","","Drop Point","","","unisex","","","","","","","","","",""
"SON-5INFOLDINGKNIFE-SLV","","ASR Outdoor Thumb Assisted Folding Knife Belt Clip Seat Belt Cutter Punch Silver","","","","","","","","","Drop Point","","","unisex","","","","","","","","","",""
"SON-ZAPPER-MP-4BL","","ASR Outdoor 360 Rechargeable All-Weather Mosquito Trap Bug Zapper Portable LED Lantern","","","","","","","","","","","","unisex","","","","","","","","","",""
"SON-AO125IGPSSFGP-LG-ORG","SON-SANDSCOOPER-PARENT","ASR Outdoor 12.5 Inch Large Sand Scoop Plastic Trowel for Metal Detector Gold Panning, Orange","","","","","","","","","","","","","","","","","","","","","",""
"SON-6IBSPSSS-6-SLVR","","Stainless Steel Scissors Heavy Duty 6 inch Blade Blunt Tip","","","","","","","","","","","","Unisex","","","","","","","","","",""
"SON-6MMWBHWBACA-BL","","ASR Outdoor Universal Water Bottle Holder With Blue Aluminum Carabiner Clip Attachment","","","","","","","","","","","","Unisex","","","","","","","","","",""
"SON-7DCFFS6DG-6PC-7E-RD","","ToolTreaux 6 Piece Diamond Coated Flat File Set, Steel Files Assorted Grits 6pc","","","","","","","","","","","","Unisex","","","","","","","","","",""
"SON-7SNFBT-STD-SLVR","","7 Inch Sapphire Nail File Home Manicure Pedicure Tool Beauty and Personal Care","","","","","","","","","","","","female","","","","","","","","","",""
"SON-82SSSS-BUN-HPN","","8"" 2 Sided Knife Blade Sharpener Sharpening Stone","","","","","","","","","","","","Unisex","","","","","","","","","",""
"SON-ABCBFER-SML-SLVR","","Universal Tool 30 Piece Assorted Button Cell Batteries for Electronic Repairs","","","","","","","","","","","","Unisex","","","","","","","","","",""
"SON-ACIDBRUSHSET-12PC","","Universal Tool Acid Brush Set 6 Inch Metal Handle Apply Glues Hard Bristle 12pc","","","","","","","","","","","","unisex","","","","","","","","","",""
"SON-ANGULAR-SCISSORS","","Embroidery Shears Sewing Tailors Sharp Scissors Craft and Hobby Kelly Angular","","","","","","","","","","","","Unisex","","","","","","","","","",""
"SON-FFKWSAFH6I-2PC-6","","ASR Outdoor Fishing Fillet Knife Hard Sheath and Floating Handle, 6 inch Blade","","Encapsulated","","","","","","","Trailing Point","","Silver","Unisex","","","","","","","","","",""
"SON-AO10IBGRGTGPDR-10-BL","SON-GOLDMININGPAN-PARENT","ASR Outdoor 10 inch Gold Pan with Dual Riffles for Gold Prospecting, Blue","","","","","","","","","","","","","","","","","","","","","",""
"SON-AO125IBPSSFGP-LG-BL","SON-SANDSCOOPER-PARENT","ASR Outdoor 12.5 Inch Prospecting Large Sand Scoop Plastic Trowel for Metal Detector Gold Panning, Blue","","","","","","","","","","","","","","","","","","","","","",""
"SON-AO14IBGRGTGP-12-BLCK","SON-GOLDMININGPAN-PARENT","ASR Outdoor 14 inch Gold Pan with Dual Riffles for Gold Prospecting, Black","","","","","","","","","","","","","","","","","","","","","",""
"SON-AO155IMWSAH-155-BLCK-2","","ASR Outdoor Stainless Steel Machete 15.5 Inch Serrated Blade Paracord Handle","","Full","","","","","","","Straightback","","Silver","Unisex","","","","","","","","","",""
"SON-AO155IMWSAH-155-BLCK-WSH","","ASR Outdoor Stainless Steel Machete 15.5 Inch Serrated Blade Paracord Handle","","","","","","","","","","","","Unisex","","","","","","","","","",""
"SON-AO15IPHCT-15-CHRM","","ASR Outdoor 15 Inch Metalworking Ceramic Crucible Tongs Melt Precious Metals","","","","","","","","","","","","Unisex","","","","","","","","","",""
"SON-AO6MMSSBBSS-6MM-CHRM","","ASR Outdoor 6mm Sling Shot Ball Bearings Steel 50 Piece Set","","","","","","","","","","","","Unisex","","","","","","","","","",""
"SON-AO85IGPSSFGP-LG-GRN-HPNR","","SE GP3-SS20 Prospector Series Green Sand Scoop for Metal Detecting","","","","","","","","","","","","Unisex","","","","","","","","","",""
"SON-AO85IGPSSFGP-SCOOP-LG-GRNE","SON-SANDSCOOPER-LARGE-PARENT","ASR Outdoor Large Sifting Scoop Pay Dirt Hand Trowel for Gold Panning - Green","","","","","","","","","","","","","","","","","","","","","",""
"SON-AOBRGFGP-2PC-ONE-BLCK-HPNR","","SE GP3-RG60 Prospector's Choice Gold Panning Rubber Gloves","","","","","","","","","","","","Unisex","","","","","","","","","",""
"SON-AOLWSC-55E-OPQ","","ASR Outdoor Large Translucent Waterproof Camping Storage Container - 5.5 Inch","","","","","","","","","","","","Unisex","","","","","","","","","",""
"SON-AOPAKR-SML-SLVR","","ASR Outdoor Brass Body Nickel Plated Pull Apart Key Ring Travel Accessory","","","","","","","","","","","","Unisex","","","","","","","","","",""
"SON-AOPMTSFGP-SML-GRY-HPNR","","SE JT-GT26 Small Precious Metal Testing Stone","","","","","","","","","","","","Unisex","","","","","","","","","",""
"SON-AOSBFS-10-BLCK","","ASR Outdoor Single Band Folding Slingshot Molded Grip Leather Pouch","","","","","","","","","","","","Unisex","","","","","","","","","",""
"SON-AOSPRB100F-100F-BLCK","SON-550PARACORDROPE-PARENT","Survival Multi-Purpose Paracord Rope Black - 100 ft","","","","","","","","","","","","Unisex","","","","","","","","","",""
"SON-AOSPROG100F-100F-ODGRN","SON-550PARACORDROPE-PARENT","Survival Multi-Purpose Paracord Rope OD Green- 100 ft","","","","","","","","","","","","Unisex","","","","","","","","","",""
"SON-AOSPRORT100FT-100FT-RFLCTVORNG","","Survival Multi-Purpose Paracord Rope Reflective Tracer Orange - 100ft","","","","","","","","","","","","Unisex","","","","","","","","","",""
"SON-AOTFSSMFOU23I-23-BLCK","","ASR Outdoor Tri Fold Steel Shovel Multi Functional Outdoor Use 23 Inch","","","","","","","","","","","","Unisex","","","","","","","","","",""
"SON-AOUFDSVHVLG-ONE-GRN","","Safety Disposable Vest High Visibility One Size Fits Most Lime Green","","","","","","","","","","","","Unisex","","","","","","","","","",""
"SON-FOLDINGSLUICEBOX-SLV","","ASR Outdoor 50"" Gold Sluice Box Folding Aluminum Gold Prospecting Equipment","","","","","","","","","","","","unisex","","","","","","","","","",""
"SON-IFESFS-STD-BLCK","","ASR Outdoor Emergency Pocket Instant Lighter Fire Stick Starter Survival Tool with Keychain and Compass","","","","","","","","","","","","unisex","","","","","","","","","",""
"SON-BEADCRIMPPLIER-BLUE","","Universal Hobby Mini Bead Crimping Pliers Carbon Steel Jewelry Making Tool","","","","","","","","","","","","unisex","","","","","","","","","",""
"SON-BFTOUMT-MED-BLCK","","ASR Outdoor Barbecue Fork Extendable Metal Dual Prong Fire Cooking Utensil","","","","","","","","","","","","Unisex","","","","","","","","","",""
"SON-BLACKSTRETCHBALLS-100PK-8IN","","Universal Tool 100 Pack Black Stretch Cord with Black Ball 8 Inch Length","","","","","","","","","","","","unisex","","","","","","","","","",""
"SON-BLE-BBQMATS-BLK-2PC","","Beille Black BBQ Grill Accessories Reusable Non Stick Grilling Mats 13 x 15 Inch, 2pk","","","","","","","","","","","","Unisex","","","","","","","","","0.2",""
"SON-CABLE-TIES-CT4B","","Universal Home 100 Count 4"" Cable Wire Hose Zip Ties","","","","","","","","","","","","unisex","","","","","","","","","",""
"SON-CENTERPUNCH-BRS","","Utopia's Automatic Center Punch Gold","","","","","","","","","","","","unisex","","","","","","","","","",""
"SON-CHASHING-HAMMER-8331JH","","Universal Tool Chasing and Goldsmith Hammer 1 and 5/8 inch Diameter DIY Crafting","","","","","","","","","","","","unisex","","","","","","","","","",""
"SON-CINEMA-LIGHTBOX-20BX","","Universal Hanging Cinema String Light Boxes With 90 Characters - 20 Light Boxes","","","","","","","","","","","","unisex","","","","","","","","","",""
"SON-COBHEADLAMP-100LUM","","ASR Outdoor Slim 3-Stage Headlamp Ultrabright 150 Lumen COB Flood Light","","","","","","","","","","","","unisex","","","","","","","","","",""
"SON-COMPANIONWHISTLES-ORG","","ASR Outdoor Hiking Companion Whistles Emergency Survival Tools 105 dB Rating","","","","","","","","","","","","unisex","","","","","","","","","",""
"SON-CUTBRD12X15-VARZ-4PK","SON-CUTBRD12X15-VARRZ-PARENT-2IH","(4 Pack) Thin Clear Flexible Cutting Board Mat 12 x 15 inch","","","","","","","","","","","","Unisex","","","","","","","","","",""
"SON-DAMAGEDSCREWEXTRACTOR-4PC","","Universal Tool Damaged Screw Extractor Set - 4 Pieces Assorted Sizes","","","","","","","","","","","","Unisex","","","","","","","","","",""
"SON-DBSRT-12PC-SML-SLVR-IR-TT","","ToolTreaux Diamond Coated Cutting Burrs Set Assorted Rotary Tools 12pc 150 Grit","","","","","","","","","","","","Unisex","","","","","","","","","",""
"SON-DBSRT40G-50PC-STD-YLLW","SON-DIAMONDBURRBITSET-PARENT","50pc Diamond Burr Set for Rotary Tool, 40 Grit","","","","","","","","","","","","","","","","","","","","","",""
"SON-DIAMONDHOLESAW-80GRT","","10pc Diamond Coated Hole Saw Set for Glass and Stone, 80 Grit","","","","","","","","","","","","unisex","","","","","","","","","",""
"SON-DKBSBS-3PC-SML-ASSRTD","","3 Piece Universal Diamond Knife and Blade Sharpening Block Set","","","","","","","","","","","","Unisex","","","","","","","","","",""
"SON-DOUBLEENDEDSTEELSPATULA","","Universal Tool Double Ended Stainless Steel Spatula","","","","","","","","","","","","Unisex","","","","","","","","","",""
"SON-DTCBAU-12PC-SML-WHT-2","","(12 Pack) Disposable Towels Compact Compressed Biodegradable and Unscented","","","","","","","","","","","","Unisex","","","","","","","","","",""
"SON-EIGHT-PC-STENCIL","","8 Pc Template Stencil Set Drawing Kit in Assorted Shapes","","","","","","","","","","","","unisex","","","","","","","","","",""
"SON-EXTEND-FLYSWATTER-ASSRT","","ASR Outdoor Extendable Insect Bug Fly Swatter Durable Telescopic Pole Anti Slip","","","","","","","","","","","","unisex","","","","","","","","","",""
"SON-EXTEND-FLYSWATTER-RED","","ASR Outdoor Extendable Insect Bug Fly Swatter Durable Telescopic Pole Anti Slip","","","","","","","","","","","","unisex","","","","","","","","","",""
"SON-FIRSTAIDKIT-100PC","","ASR Outdoor First Aid Kit in Waterproof Dry Sack Emergency Supplies 100 Pieces","","","","","","","","","","","","unisex","","","","","","","","","",""
"SON-FLEXIDUSTER-GRN","SON-FLEXIDUSTER-PARENT","Extendable Flexible Feather Duster For Home And Office Cleaning - Green","","","","","","","","","","","","","","","","","","","","","",""
"SON-OTRSCMP-STD-YLLW","","ASR Outdoor Thermal Mat Heat Reflective Camping Sleeping Pad Insulated Winter Chill","","","","","","","","","","","","Unisex","","","","","","","","","0.5",""
"SON-FOLDINGSLUICEBOXBACKPACK-BUN","SON-FOLDINGSLUICEBOX-PARENT","ASR Outdoor 50"" Aluminum Folding Sluice Box for Gold Prospecting Backpack Kit, Black","","","","","","","","","","","","","","","","","","","","","",""
"SON-GOLDKITCOP-7PC-KIT-EBAY-HPN","","7pc Gold Panning Kit 1/4 Mesh Classifier, 14"" & 10"" Green Gold Pans, 2 vials, Sniffer Bottle, Tweezers With Magnefier","","","","","","","","","","","","","","","","","","","","","",""
"SON-GOLDMAT-GP-SB35-MAT","","ASR Outdoor Rubber Riffled Gold Sluice Box Matting for Gold Recovery, 27x10 inch","","","","","","","","","","","","unisex","","","","","","","","","",""
"SON-GOLDMAT-GP-SB35-MAT-AMZ-HPN","","SE GP-SB35-MAT Prospector's Choice 10"" x 27"" Trimmable Riffled Sluice Box Matting","","","","","","","","","","","","Unisex","","","","","","","","","",""
"SON-GOLDSANDSCOOP-BLACK-HPNR","","SE GP3-SS20 Series Prospector's Choice Plastic Sand Scoop For Metal Detecting","","","","","","","","","","","","Unisex","","","","","","","","","",""
"SON-GOLDSANDSCOOP-ORANGE-HPNR","","SE GP3-SS20 Series Prospector's Choice Plastic Sand Scoop For Metal Detecting","","","","","","","","","","","","Unisex","","","","","","","","","",""
"SON-GOLDS-LARGE-SCOOP-BLK","SON-SANDSCOOPER-LARGE-PARENT","ASR Outdoor Large Sifting Scoop Pay Dirt Hand Trowel for Gold Panning - Black","","","","","","","","","","","","","","","","","","","","","",""
"SON-GOLDS-LARGE-SCOOP-ORNG","SON-SANDSCOOPER-LARGE-PARENT","ASR Outdoor Metal Detector 8.5 inch Heavy Duty Large Plastic Sand Scoop for Metal Detecting, Orange","","","","","","","","","","","","","","","","","","","","","",""
"SON-GR6ISPP40HSI-6IN-GRN-HPNR","","SE GP4-40 5.5"" Mini Stackable Sifting Pan, 40 Holes/Square Inch","","","","","","","","","","","","Unisex","","","","","","","","","",""
"SON-GRAPHITECRUCIBLES-PARENT","","Universal Tool Graphite Crucible for Melting Gold and Silver (2 Sizes)","","","","","","","","","","","","","","","","","","","","","",""
"SON-GRAYDUCTTAPE-30FT","","Universal Tool 30ft Roll Gray Duct Tape 2 Inch Wide Adhesive Gear","","","","","","","","","","","","unisex","","","","","","","","","",""
"SON-GRCSS20HPSI-6-GRN-HPNR","","SE GP4-20 5.5"" Mini Stackable Sifting Pan, 20 Holes/Square Inch","","","","","","","","","","","","Unisex","","","","","","","","","",""
"SON-GRCSS30HPSI-6-GRN-1","","Gold Rush Sifting Classifier Sieve Mini 6 Inch Prospect Pan 30 Holes per Sq Inch","","","","","","","","","","","","Unisex","","","","","","","","","",""
"SON-GUNCLEANKIT-24PC","","24 Piece Set ASR Outdoor Gun Cleaning Kit Brass Punches Brushes and Patches","","","","","","","","","","","","unisex","","","","","","","","","",""
"SON-GUNCLMAT-18IN","","American Flag Non-Slip Gun and Electronics Cleaning Mat Washable 18 Inch","","","","","","","","","","","","unisex","","","","","","","","","",""
"SON-HALSAST40I34WB-2PC-40-BLCK","","Hook and Loop Self Adhesive Sewing Tape 40 Inch 3/4 Wide for Arts Crafts - Black","","","","","","","","","","","","Unisex","","","","","","","","","",""
"SON-HHMHDSS4XM-5X3X25","","Helping Hand Magnifier Heavy Duty Soldering Station - 4x Magnification","","","","","","","","","","","","Unisex","","","","","","","","","",""
"SON-HOOKSNPICKS-6PC","","ToolTreaux Hook and Pick Precision Automotive Tool Set Puller Removers 6 Pieces","","","","","","","","","","","","male","","","","","","","","","",""
"SON-HSSSBAM-2PC-SLVR","","2pc Mini High Speed Steel Saw Blade And Mandrel 1/4 Inch Arbor Size .8mm","","","","","","","","","","","","Unisex","","","","","","","","","",""
"SON-HTSSS-5PC-SML-GRY","","Universal 5pc Hobby Tweezer Set Stainless Steel","","","","","","","","","","","","","","","","","","","","","",""
"SON-HTSSS-5PC-SML-GRY-2","","5pc Universal Tweezer Set Stainless Steel, 5""","","","","","","","","","","","","Unisex","","","","","","","","","",""
"SON-ICE-TEMPERED-SCISSOR-SP102","","Universal Tool Ice Tempered S Steel Salon Hairdressing Barber Scissor 5.5 inch","","","","","","","","","","","","unisex","","","","","","","","","",""
"SON-ICE-TEMPERED-SCISSOR-SP102-4PK","","4 Pack Universal Tool Tempered Steel Salon Hairdressing Barber Scissor 5.5 inch","","","","","","","","","","","","unisex","","","","","","","","","",""
"SON-ICE-TEMPERED-SCISSOR-SP105","","Universal Tool Ice Tempered S Steel Salon Hairdressing Barber Scissor 7.5 inch","","","","","","","","","","","","unisex","","","","","","","","","",""
"SON-J65XCKCWHGB-XL-BL-2","","Jumbo 6.5"" XL Carabiner Key Chain With Hand Grip - Blue","","","","","","","","","","","","Unisex","","","","","","","","","",""
"SON-J65XCKCWHGCS-XL-SLVR-3","SON-CARABINERSJUMBO-PARENT","7-3/4"" Jumbo Aluminum Carabiner - Chrome Silver","","","","","","","","","","","","Unisex","","","","","","","","","",""
"SON-JAROPENER-BJ094","","Beille Rubber 4 in 1 Non Slip Multipurpose Adjustable Easy Grip Jar Opener Tool","","","","","","","","","","","","unisex","","","","","","","","","",""
"SON-JEWELERSSAWBLADES04-144PK","","ToolTreaux 144pc Jewelry Saw Blades Set 0/3 Size 5.25"" 50 TPI Steel","","","","","","","","","","","","Unisex","","","","","","","","","",""
"SON-JEWELLOUPE-10XP-TT","SON-JEWELLOUPE-10X-PARENT-TT","ToolTreaux 10X Jewelers Loupe 25mm Diameter Glass Lens Magnifier Plastic","","","","","","","","","","","","unisex","","","","","","","","","",""
"SON-JUMBOTWEEZER-4PC-IR-TT","","ToolTreaux Stainless Steel Jumbo Tweezer Set Serrated Tips Secure Grip - 3pc","","","","","","","","","","","","Unisex","","","","","","","","","",""
"SON-LSTTSWC1210A8I-4PC-14X4X25-SLVR","","3pc Large Serrated Tweezer Tong Set with Case 12, 10, and 8 Inch","","","","","","","","","","","","Unisex","","","","","","","","","",""
"SON-LEDWORKLIGHT-LARGE-BLACKORANGE","","750 Lumen Durable Portable Work Light Indoor Outdoor Multi Use Black","","","","","","","","","","","","unisex","","","","","","","","","",""
"SON-LIGHT-FL8825-12COB","","ASR Outdoor 3 Stage Super Bright Hanging Puck Light,  240 Lumen COB LED","","","","","","","","","","","","unisex","","","","","","","","","",""
"SON-MINERMOSS-12X36BLU-HPNR","","SE GP-MT415-3BL 12"" x 36"" Blue Miner's Moss (Sluice Box Matting)","","","","","","","","","","","","Unisex","","","","","","","","","",""
"SON-MINERMOSS-12X36GRN-HPNR","","SE GP-MT415-2GG 12"" x 36"" Green Miner's Moss (Sluice Box Matting)","","","","","","","","","","","","Unisex","","","","","","","","","",""
"SON-MINERMOSS-12X36GRY-HPNR","","SE GP-MT415-1GR 12"" x 36"" Grey Miner's Moss (Sluice Box Matting)","","","","","","","","","","","","Unisex","","","","","","","","","",""
"SON-MULTI-COLOR-HEADLAMP-FL8219-5","","ASR Outdoor 4 in 1 350 Lumen Multi Color Tilting Head Lamp Camping Garden Hiking","","","","","","","","","","","","unisex","","","","","","","","","",""
"SON-PJEGFTSD-7PC-SML-SLVR","","ToolTreaux 7pc Precision Jewelers Eyeglass Repair Kit Screwdriver Set Hobby Tools","","","","","","","","","","","","Unisex","","","","","","","","","",""
"SON-NECKKNIFE-BLU","SON-NECKKNIFE-PARENT","4 Inch ASR Outdoor Fixed Blade Tanto Point Neck Knife - Blue","","","","","","","","","","","","","","","","","","","","","",""
"SON-OEHWPASBC-2","","Orange Emergency Hammer Window Punch and Seat Belt Cutter","","","","","","","","","","","","Unisex","","","","","","","","","",""
"SON-PAKAWOODKNIFE-3IN","SON-PAKAWOODKNIFE-PARENT","ASR Outdoor Paka Wood Pocket Knife Folding Blade 440 Stainless Steel Clip Point","","","","","","","","","","","","","","","","","","","","","",""
"SON-PARACORDBRACELETKIT-1OPC","","ASR Outdoor Assorted Camo Design Paracord Bracelet Kit with Buckles 10ft Each","","","","","","","","","","","","unisex","","","","","","","","","",""
"SON-UT22KGMS-3625L-BLCK","SON-MARKINGSTAMP-PARENT","Universal Tool 22k Gold Marking Stamp for Jewelry Metalworking Arts and Crafts","","","","","","","","","","","","Unisex","","","","","","","","","",""
"SON-PFSWKC-2PC-4-ORNG","","(2 Piece) ASR Outdoor Plastic Funnel Set with Key Chains for Camping Hiking","","","","","","","","","","","","Unisex","","","","","","","","","",""
"SON-PHONESTAND-FL89026TL","","Universal Rechargeable Phone Stand Table Lamp Touch Switch 120 Lumen","","","","","","","","","","","","unisex","","","","","","","","","",""
"SON-PISTOLKIT-66PC","","ASR Outdoor 66pc Pistol Cleaning Kit In Zippered Shell Case","","","","","","","","","","","","unisex","","","","","","","","","",""
"SON-PLASTICDROPPERS-50PACK-BUN","SON-PLASTICDROPPERS-PARENT","(50 Pack) ASR Outdoor Plastic Dropper Pipette Gold Panning 5.5 Inch - 3mL","","","","","","","","","","","","","","","","","","","","","",""
"SON-PLASTICDROPPERS-50PACK-BUN-HPNR","","SE GP3-PD55 Prospector's Choice Plastic Disposable Droppers (50 PC.)","","","","","","","","","","","","Unisex","","","","","","","","","",""
"SON-POCKETKNIFE-BLK","","ASR Outdoor Sleek EDC 7"" Folding Pocket Knife Drop Point Blade, Black","","","","","","","","","Drop Point","","","male","","","","","","","","","",""
"SON-POCKET-KNIFE-KFD702","","ASR Outdoor Sleek 7"" Folding Pocket Knife Drop Point Blade, Black","","","","","","","","","","","","unisex","","","","","","","","","",""
"SON-POCKETSLUICEBOX-GRN-AMZ-HPN","","SE Prospector's Choice Pocket Sized Sluice Box - GP-SB36PT","","","","","","","","","","","","Unisex","","","","","","","","","",""
"SON-POLISHINGWHEEL-2IN","","Universal Tool Cloth Polishing Buff Wheel 2 Inch Diameter Soft Muslin","","","","","","","","","","","","unisex","","","","","","","","","",""
"SON-PONCHO-GRN","","ASR Outdoor Emergency Poncho Green Polyethylene Rain Gear Camping One Size","","","","","","","","","","","","Unisex","","","","","","","","","",""
"SON-PWCCS-13PC-STD-BLCK","SON-CHISELSET-PARENT","12pc Professional Wood Carving Chisel Set Various Blades Woodworking Clay and Wax","","","","","","","","","","","","unisex","","","","","","","","","",""
"SON-PWCCS-13PC-STD-BLCK-BUN-TT","","ToolTreaux Woodcarving Chisel Set Professional Craft and Hobby Tools - 12 Pieces","","","","","","","","","","","","unisex","","","","","","","","","",""
"SON-RINGSIZESTICK-10IN","","SE JT114RS 10"" Aluminum Ring Stick","","","","","","","","","","","","unisex","","","","","","","","","",""
"SON-RKBRPRBF8828HK-12PC-SML-SLVR","","10pc Razor Knife Blade Refill Pack Replacement Blades for 8828 Hobby Knife","","","","","","","","","","","","Unisex","","","","","","","","","",""
"SON-ROTARY-TOOL-KIT-RA9276","","Universal Tool 276pc Rotary Tool Accessories Kit on Revolving Stand","","","","","","","","","","","","unisex","","","","","","","","","",""
"SON-RSSWMB-16PC-65X5X5E-2","","16pc Ratchet Screwdriver Grip Handle Set with Magnetized Bits Power Hand Tools","","","","","","","","","","","","Unisex","","","","","","","","","",""
"SON-SHOCKCORD-30FT","","ASR Outdoor Elastic Shock Cord Natural Rubber 30 Feet 3mm Diameter, Black","","","","","","","","","","","","unisex","","","","","","","","","",""
"SON-SLINGSHOT-2PC","","ASR Outdoor - Wrist Brace Slingshot with Adjustable Iron Frame - Ammo Included","","","","","","","","","","","","Unisex","","","","","","","","","",""
"SON-SLUICE-BOX-AMZN-HPNR","","Gold Rush Portable Backpack Sluice Box Professional Sifting Sieve - 30 Inch","","","","","","","","","","","","Unisex","","","","","","","","","",""
"SON-URCHCTFTW6EB-8","","Universal Unisex Razor Comb Home Hair Cut Scissor with 5 Extra Blades","","","","","","","","","","","","Unisex","","","","","","","","","",""
"SON-SPORTS-BELT-8INCH","","Sports Belt 8 Inch Expanding Pocket Black Reflective Strips Running Hiking","","","","","","","","","","","","Unisex","","","","","","","","","",""
"SON-SSDESWCT-SML-CHRM","","Universal Tool Stainless Steel Double Ended Carving Spatula Hobby Pottery Tools Art Supplies, 6.5 Inch","","","","","","","","","","","","Unisex","","","","","","","","","",""
"SON-SSMFUPKWCP-2PC","","ASR Outdoor Stainless Steel Multi-tool Utility EDC Pocket Knife with Carry Pouch","","","","","","","","","","","","Unisex","","","","","","","","","",""
"SON-STEELDIGGER-GRN-AMZ-HPN","","SE Prospector's Choice 12"" Serrated Edge Digger - GP3-SS30DT","","","","","","","","","","","","Unisex","","","","","","","","","",""
"SON-STEPDRILLBITS-3PC","","Universal Tool High Speed Steel Step Drill Bits Locking Hex Shank Assorted - 3pc","","","","","","","","","","","","unisex","","","","","","","","","",""
"SON-STONEHAMMER-10IN-HPNR","","SE 8372SH Stone Hammer, 10""","","","","","","","","","","","","Unisex","","","","","","","","","",""
"SON-TCFPKCB12IX15I-BUN-2PC-2PK-CLR-4PACK","SON-CLEARCUTTINGBOARD-PARENT","(4 Pack) Thin Clear Flexible Plastic Kitchen Cutting Board 12 Inch x 15 Inch","","","","","","","","","","","","Unisex","","","","","","","","","",""
"SON-TCFPKCB12IX15I-BUN-4PC-4PK-CLR","","4pk - Flexible Plastic Kitchen Cutting Board 12 Inch x 15 Inch","","","","","","","","","","","","Unisex","","","","","","","","","",""
"SON-TDFS-10PC-55L-SLVR","","Professional Quality Tapered Diamond File Assorted Grits 10 Piece Set","","","","","","","","","","","","Unisex","","","","","","","","","",""
"SON-TROWELKNEELINGPADCOMBO","","Foam Kneeling Pad and Hand Trowel Shovel Outdoor Home Garden Combo Set","","","","","","","","","","","","Unisex","","","","","","","","","",""
"SON-TS2ISSCS-6PC","","ToolTreaux 2 Inch Metal Spring Heavy Duty Clamps Set Rubber Tipped Grip 6pc","","","","","","","","","","","","Unisex","","","","","","","","","",""
"SON-TT-GLUEGUNSTICKKIT-15PC-BUN","","ToolTreaux 10 Watt Mini Glue Gun and Hot Glue Sticks Crafting Supplies Kit, 15pc","","","","","","","","","","","","unisex","","","","","","","","","",""
"SON-TTX-DRILLBITS-15PC","","Tooltreaux High Speed Stainless Steel Drill Bits Set 1.05 to 2mm 15 Pieces","","","","","","","","","","","","unisex","","","","","","","","","",""
"SON-TWEEZERSET-4PC","","Universal Tool Stainless Steel Tweezer Set Assorted Tips Precision Tools - 4pc","","","","","","","","","","","","unisex","","","","","","","","","",""
"SON-U3IRHC-MED-SLVR","SON-U3IRHC-MED-SLVR-PARENT","1pk Universal Rubber Head Clamps 3 Inch Secure Lever Lock Metal Body Outdoor","","","","","","","","","","","","","","","","","","","","","",""
"SON-UDRTASSPC-228PC-MTL","","228pc Universal Deluxe Rotary Tool Accessory Set for Sanding Polishing Cutting","","","","","","","","","","","","Unisex","","","","","","","","","",""
"SON-UMLDSHS-BLCK","","Medical Lightweight Diagnostic Non Chill Single Head Stethoscope 30in Universal","","","","","","","","","","","","Unisex","","","","","","","","","",""
"SON-UT12IPT-LG-BL","","SE Paper Trimmer 12 Inch Cutting Board Magnetic with Grid Guide Base","","","","","","","","","","","","Unisex","","","","","","","","","",""
"SON-UT12IPT-LG-BL-2","","Universal Tool Paper Trimmer 12 Inch Cutting Board Magnetic with Grid Guide Base","","","","","","","","","","","","Unisex","","","","","","","","","",""
"SON-UTPEBS-3PC-123814I-GRY","","Universal Tool Professional Power Extension Socket Bits for Drills 3pc Set","","","","","","","","","","","","Unisex","","","","","","","","","",""
"SON-UTPSCRASIWB-LG-TN","","100pc Polish Sand Cut Rotary Accessory Set in Wooden Box","","","","","","","","","","","","Unisex","","","","","","","","","",""
"SON-UTTHDFSSP-1025-WDN","","Universal Tool Texturising Hammer Dual Face Square Stripe Patterns Wooden Handle","","","","","","","","","","","","Unisex","","","","","","","","","",""
"SON-UTWBPSWAT-9PC-STD-RD-2","","Deluxe 9 Piece Wood Burning Pen Burn-in Tool, Arts and Craft Hobby Kit","","","","","","","","","","","","Unisex","","","","","","","","","",""
"SON-UVBLACKLIGHT-BLK","","ASR Portable UV Black Light with LED Flashlight Verify IDS Passports Cards","","","","","","","","","","","","unisex","","","","","","","","","",""
"SON-WAISTTRAVELBELT-BLK","","ASR Outdoor Water Resistant Storage Belt Waist Travel Pouch Adjustable Buckle","","","","","","","","","","","","unisex","","","","","","","","","",""
"SON-WATERPROOF-NOTEBOOK","","ASR Outdoor Waterproof Adventure Writing Journal Smudgeproof Personal Notebook","","","","","","","","","","","","Unisex","","","","","","","","","",""
"SON-WATERPROOF-NOTEBOOK-IR-TT","","ASR Outdoor Waterproof Notebook with Pencil Smudgeproof Mini Pocket Journal","","","","","","","","","","","","Unisex","","","","","","","","","",""
"SON-WRRFSDE175MM-10PC-SML-SLVR","","ToolTreaux 10pc Double Ended Fine Cut Riffler File Set for Metal Jewelry Work","","","","","","","","","","","","Unisex","","","","","","","","","",""
"SVT-SOUTHWESTSOCKS-BLU","SVT-SOUTHWESTSOCKS-VARIOUS-PARENT","ASR Outdoor Blue Aztec Mens Socks Hiking Gear Camping Accessories, 1 Pair","","","","","","","","","","","","","","","","","","","","","",""
"UNI-ZIP-CABLE-WHITE-4MM","UNI-ZIP-CABLE-PARENT","100pk 12in Universal Utility Cable Zip Tie Cable White 4MM","","","","","","","12 in","","","","","Unisex","","","","","","","","","4mm",""
"UNV-CCPW2XM-BUN-2PK","","Lot 2 Magnifying Credit Card Pocket Wallet Magnifier","","","","","","","","","","","","Unisex","","","","","","","","","",""
"UNV-TCFPKCB-BUN-2PC-3PK-12B15-CLR-6PACK","UNV-TCFPKCB-PARENT","(6 Pack) Thin Clear Flexible Plastic Kitchen Cutting Board 12 Inch x 15 Inch","","","","","","","","","","","","","","","","","","","","","",""
"UNV-UHAOUKK-BUN-6PK-S-ASSRTD","","6 Pack Utility Knives Home and Office Razor Blades","","","","","","","","","","","","Unisex","","","","","","","","","",""
"UNV-URCHCTFTW6EB-BUN-4PK-8","","Unisex Razor Comb Home Hair Cut Thinning Feathering Trimming 6 Extra Blades 4pk","","","","","","","","","","","","Unisex","","","","","","","","","",""
"UPD-PRINCESSHAIRBACKPACK-SM","","Disney Princess Girls Hair Accessories Backpack with Comb Mirror Hair Ponies","","","","","","","","","","","","female","","","","","","","","","",""
"UPD-INCRED-2-PENCIL-6PK","","Disney Pixar Incredibles 2 Personalized Pencils Hero Super Star Awesome 6 Pack","","","","","","","","","","","","unisex","","","","","","","","","",""
"UPD-INCRED-2-STATIONERY-9PC","","Disney Pixar Incredibles 2 9 pc Stationary Set","","","","","","","","","","","","unisex","","","","","","","","","",""
"XGI-URBANPLAYMAT-POLICE-KP-IH","XGI-URBANPLAYMAT-KP-IH-PARENT","Kidplokio 8pc Urban City Police Friction Powered Toy Cars with Play Mat, Blue, Boys Ages 3+","","","","","","","","","","","","male","","","","","","","","","",""
"ASR-15PC-3LB-PAYDIRT-ALUMINUM","ASR-15PC-3LB-PAYDIRT-PARENT","ASR Outdoor 3lb Paydirt Backpack Gold Panning Kit Mini Auminum Sluice Box, 15pc","","","","","","","","","","","","","","","","","","","","","",""
"SON-GR4XTVCSACK-5PC-SML-BLCK","","Gold Rush 4x Tweezer & Vial Combo Set (BUNDLE COMPONENT SKU)","","","","","","","","","","","","unisex","","","","","","","","","",""
"MCN-AKUADIVEKNIFE-BLACK-E2N","","GEAR AID Akua Blunt Tip Paddle Knife with 3"" Serrated Blade and Sheath, Black","","","","","","","","","","","","","","","","","","","","","",""
"MCN-ODORELIMINATOR-GALLON-PZ","","Gear Aid Wash-In Odor Eliminator - 1 Gallon","","","","","","","","","","","","","","","","","","","","","",""
"MCN-FSABRA-1OZ-CLR-PARENT","","GEAR AID Aquaseal SR Shoe and Boot Repair Adhesive, Clear Glue, 1 oz","","","","","","","","","","","","","","","","","","","","","",""
"MCN-CAMOFORM-EBAY2-PARENT","","GEAR AID Camo Form Self-Cling Reusable Camouflage Wrap 2” x 144”, Various Colors","","","","","","","","","","","","","","","","","","","","","",""
