numeric_id,product_title,media_id,filename,new_alt,len
8406498541868,24pc Deluxe 50 Inch Aluminum Folding Sluice Box Gold Panning Kit with 30L Backpack,43430222201132,ASRO_24pc_gp_backpack_kit_desert_khaki_main.jpg,24-piece deluxe gold panning kit with a 50-inch folding aluminum sluice box and 30L backpack (view 1).,102
8406498541868,24pc Deluxe 50 Inch Aluminum Folding Sluice Box Gold Panning Kit with 30L Backpack,43430220792108,24pc_Deluxe_Backpack_Sluice_Kit_Update_BROWN.jpg,24-piece deluxe gold panning kit with a 50-inch folding aluminum sluice box and 30L backpack (view 2).,102
8461244367148,"Multi Riffle Plastic Sluice Box Gold Prospecting Equipment, Green",42522948665644,61OhOxHhMTL._AC_SL1500.jpg,Green plastic multi-riffle sluice box for gold prospecting (view 1).,68
8461244367148,"Multi Riffle Plastic Sluice Box Gold Prospecting Equipment, Green",42522948337964,81aS3jnW6LL._AC_SL1500.jpg,Green plastic multi-riffle sluice box for gold prospecting (view 2).,68
8502255157548,Stackable 5 Gallon Bucket Classifier Screens Sifting Sieves (Many Sizes),42423750099244,GP2-130_Angle-2.jpg,Stackable 5-gallon bucket gold classifier screens in assorted stainless mesh sizes.,83
8502674391340,"13pc Portable Gold Panning Kit with Collapsible Bucket, Mini Aluminum Sluice Box and 30L Backpack (4 Colors)",43402555261228,ASRO_13pc_backpack_gold_panning_kit_main_brown.jpg,"13-piece portable gold panning kit with a collapsible bucket, mini aluminum sluice box, and 30L backpack (view 1).",114
8502674391340,"13pc Portable Gold Panning Kit with Collapsible Bucket, Mini Aluminum Sluice Box and 30L Backpack (4 Colors)",43402555326764,ASRO_13pc_backpack_gold_panning_kit_main_green.jpg,"13-piece portable gold panning kit with a collapsible bucket, mini aluminum sluice box, and 30L backpack (view 2).",114
8502674391340,"13pc Portable Gold Panning Kit with Collapsible Bucket, Mini Aluminum Sluice Box and 30L Backpack (4 Colors)",43402564239660,ASRO_blue_prospectors_scoop_lifestyle.jpg,"13-piece portable gold panning kit with a collapsible bucket, mini aluminum sluice box, and 30L backpack (view 3).",114
8502674391340,"13pc Portable Gold Panning Kit with Collapsible Bucket, Mini Aluminum Sluice Box and 30L Backpack (4 Colors)",43402562568492,ASRO_5lb_magnetic_pick_up_tool_gold_panning_lifestyle.jpg,"13-piece portable gold panning kit with a collapsible bucket, mini aluminum sluice box, and 30L backpack (view 4).",114
8517884444972,50 Inch Aluminum Folding Sluice Box Backpack Kit Gold Prospecting Equipment (4 Colors),42534064849196,ASRO_30L_backpack_folding_sluice_box_combo_main_desert_khaki_08f1c2ad-5852-4ed9-8f24-33848f0b8eab.jpg,50-inch folding aluminum sluice box backpack kit for gold prospecting (view 1).,79
8517884444972,50 Inch Aluminum Folding Sluice Box Backpack Kit Gold Prospecting Equipment (4 Colors),42534070518060,ASRO_30L_backpack_folding_sluice_box_combo_main_brown.jpg,50-inch folding aluminum sluice box backpack kit for gold prospecting (view 2).,79
8521704636716,30L Heavy Stitch Gold Panning Backpack Camping Gear Canvas Rucksack (4 Colors),42534035423532,ASRO_30L_canvas_backpack_desert_khaki_main.jpg,30L heavy-stitch canvas gold panning backpack rucksack for camping and prospecting (view 1).,92
8521704636716,30L Heavy Stitch Gold Panning Backpack Camping Gear Canvas Rucksack (4 Colors),42500190175532,1_8ea75b83-b971-4276-a394-94237ce80ae2.png,30L heavy-stitch canvas gold panning backpack rucksack for camping and prospecting (view 2).,92
8521704636716,30L Heavy Stitch Gold Panning Backpack Camping Gear Canvas Rucksack (4 Colors),42534044631340,ASRO_30L_backpack_od_black_main.jpg,30L heavy-stitch canvas gold panning backpack rucksack for camping and prospecting (view 3).,92
8521704636716,30L Heavy Stitch Gold Panning Backpack Camping Gear Canvas Rucksack (4 Colors),42534049448236,30L_canvas_backpack_brown_DETAIL2.png,30L heavy-stitch canvas gold panning backpack rucksack for camping and prospecting (view 4).,92
8521704636716,30L Heavy Stitch Gold Panning Backpack Camping Gear Canvas Rucksack (4 Colors),42534048399660,ASRO_30L_canvas_backpack_desert_khaki_back_detail.jpg,30L heavy-stitch canvas gold panning backpack rucksack for camping and prospecting (view 5).,92
8521704636716,30L Heavy Stitch Gold Panning Backpack Camping Gear Canvas Rucksack (4 Colors),42500190372140,10.png,30L heavy-stitch canvas gold panning backpack rucksack for camping and prospecting (view 6).,92
8521704636716,30L Heavy Stitch Gold Panning Backpack Camping Gear Canvas Rucksack (4 Colors),42500190339372,7.png,30L heavy-stitch canvas gold panning backpack rucksack for camping and prospecting (view 7).,92
8521704636716,30L Heavy Stitch Gold Panning Backpack Camping Gear Canvas Rucksack (4 Colors),42534047023404,ASRO_30L_canvas_backpack_desert_khaki_zipper_stiching_detail.jpg,30L heavy-stitch canvas gold panning backpack rucksack for camping and prospecting (view 8).,92
8521825714476,"19pc Ultimate Gold Panning Kit with Classifier Screens, Gold Pans, Rock Pick",43544187896108,71cdiRhntSL._AC_SL1500.jpg,"19-piece gold panning kit with classifier screens, gold pans, and a rock pick.",78
8521842229548,Miners Moss Sluice Box Matting for Gold Prospecting (Multiple Sizes and Colors),43722079502636,ASRO_miners_moss_green_24x36_inches_main.jpg,Miners moss sluice box matting for fine gold recovery (view 1).,63
8521842229548,Miners Moss Sluice Box Matting for Gold Prospecting (Multiple Sizes and Colors),43722080289068,ASRO_green_miners_moss_infographic_01.png,Miners moss sluice box matting for fine gold recovery (view 2).,63
8521842229548,Miners Moss Sluice Box Matting for Gold Prospecting (Multiple Sizes and Colors),43722080321836,ASRO_green_miners_moss_infographic_02.png,Miners moss sluice box matting for fine gold recovery (view 3).,63
8521842229548,Miners Moss Sluice Box Matting for Gold Prospecting (Multiple Sizes and Colors),43722080223532,ASRO_miners_moss_green_24x36_inches_lifestyle_01.jpg,Miners moss sluice box matting for fine gold recovery (view 4).,63
8521842229548,Miners Moss Sluice Box Matting for Gold Prospecting (Multiple Sizes and Colors),43722080256300,ASRO_miners_moss_green_24x36_inches_lifestyle_02_1.jpg,Miners moss sluice box matting for fine gold recovery (view 5).,63
8521842229548,Miners Moss Sluice Box Matting for Gold Prospecting (Multiple Sizes and Colors),43722080190764,ASRO_miners_moss_green_24x36_inches_product_detail.jpg,Miners moss sluice box matting for fine gold recovery (view 6).,63
8522010329388,21pc Folding 50 Inch Aluminum Sluice Box Gold Panning Kit with Gold Recovery Prospecting Tools,42316293144876,yPgC0cOMzaSrhjV44T0wcixQhIRACY-metaMjAyMF9kbHhfa2l0X25vX2Z1bm5lbF9pbmZvLmpwZw.jpg,21-piece gold panning kit with a 50-inch folding aluminum sluice box and gold recovery tools.,93
9082999210284,11 Inch Pin Pointer Metal Detecting Hand Trowel Shovel with Depth Markers (2 Colors),43582044078380,ASRO_black_hand_trowel_lifestyle_01.png,11-inch metal detecting hand trowel with a pin pointer tip and depth markers (view 1).,86
9082999210284,11 Inch Pin Pointer Metal Detecting Hand Trowel Shovel with Depth Markers (2 Colors),43582044438828,ASRO_orange_hand_trowel_infographic_01.png,11-inch metal detecting hand trowel with a pin pointer tip and depth markers (view 2).,86
9082999210284,11 Inch Pin Pointer Metal Detecting Hand Trowel Shovel with Depth Markers (2 Colors),43582044406060,ASRO_orange_hand_trowel_infographic_02.png,11-inch metal detecting hand trowel with a pin pointer tip and depth markers (view 3).,86
9082999210284,11 Inch Pin Pointer Metal Detecting Hand Trowel Shovel with Depth Markers (2 Colors),43582044373292,ASRO_orange_hand_trowel_infographic_03.png,11-inch metal detecting hand trowel with a pin pointer tip and depth markers (view 4).,86
9082999210284,11 Inch Pin Pointer Metal Detecting Hand Trowel Shovel with Depth Markers (2 Colors),43582045126956,ASRO_orange_hand_trowel_scale.png,11-inch metal detecting hand trowel with a pin pointer tip and depth markers (view 5).,86
9511366590764,"Heavy Duty Galvanized Carbon Steel Tent Stakes 11 Inch – Camping Ground Anchors for Tents Tarps Canopies (3 Colors, Assorted Pack Sizes)",39056544039212,909NRC-T_tent_pegs_orange_fan4pc.jpg,"11-inch galvanized carbon steel tent stakes for anchoring tents, tarps, and canopies (view 1).",94
9511366590764,"Heavy Duty Galvanized Carbon Steel Tent Stakes 11 Inch – Camping Ground Anchors for Tents Tarps Canopies (3 Colors, Assorted Pack Sizes)",43581921100076,glow_in_the_dark_tent_peg_stake.jpg,"11-inch galvanized carbon steel tent stakes for anchoring tents, tarps, and canopies (view 2).",94
9511366590764,"Heavy Duty Galvanized Carbon Steel Tent Stakes 11 Inch – Camping Ground Anchors for Tents Tarps Canopies (3 Colors, Assorted Pack Sizes)",43581928800556,ASRO_orange_tent_stakes_infographic_features.jpg,"11-inch galvanized carbon steel tent stakes for anchoring tents, tarps, and canopies (view 3).",94
9511366590764,"Heavy Duty Galvanized Carbon Steel Tent Stakes 11 Inch – Camping Ground Anchors for Tents Tarps Canopies (3 Colors, Assorted Pack Sizes)",43581927325996,ASRO_green_tent_stakes_infographic.jpg,"11-inch galvanized carbon steel tent stakes for anchoring tents, tarps, and canopies (view 4).",94
9511366590764,"Heavy Duty Galvanized Carbon Steel Tent Stakes 11 Inch – Camping Ground Anchors for Tents Tarps Canopies (3 Colors, Assorted Pack Sizes)",43581924180268,lifestyle_glow_inthedark_peg_stake.jpg,"11-inch galvanized carbon steel tent stakes for anchoring tents, tarps, and canopies (view 5).",94
9511366590764,"Heavy Duty Galvanized Carbon Steel Tent Stakes 11 Inch – Camping Ground Anchors for Tents Tarps Canopies (3 Colors, Assorted Pack Sizes)",43581928833324,ASRO_green_tent_stakes_lifestyle_01.jpg,"11-inch galvanized carbon steel tent stakes for anchoring tents, tarps, and canopies (view 6).",94
9512966947116,"3-in-1 Waterproof Match Container – Fire Starter Flint, Signal Mirror & Dry Storage Capsule (2 Colors)",43582010229036,ASRO_orange_3_in_1_match_container_emergency_prep_item_main_no_packaging.jpg,"3-in-1 waterproof match container with a flint fire starter, signal mirror, and dry storage (view 1).",101
9512966947116,"3-in-1 Waterproof Match Container – Fire Starter Flint, Signal Mirror & Dry Storage Capsule (2 Colors)",43582008262956,ASRO_orange_3_in_1_match_container_emergency_prep_item_main.jpg,"3-in-1 waterproof match container with a flint fire starter, signal mirror, and dry storage (view 2).",101
9512966947116,"3-in-1 Waterproof Match Container – Fire Starter Flint, Signal Mirror & Dry Storage Capsule (2 Colors)",43582016782636,ASRO_green_3_in_1_match_container_emergency_prep_item_main.jpg,"3-in-1 waterproof match container with a flint fire starter, signal mirror, and dry storage (view 3).",101
9512966947116,"3-in-1 Waterproof Match Container – Fire Starter Flint, Signal Mirror & Dry Storage Capsule (2 Colors)",43582013014316,ASRO_orange_3_in_1_match_container_emergency_prep_item_open.jpg,"3-in-1 waterproof match container with a flint fire starter, signal mirror, and dry storage (view 4).",101
9516314722604,Micro EDC Ceramic Striker Survival Gear Fire Starter (2 Colors),43582088380716,ASRO_black_ceramic_micro_fire_starter_1pc_main.jpg,Micro EDC ceramic striker fire starter for survival kits (view 1).,66
9516314722604,Micro EDC Ceramic Striker Survival Gear Fire Starter (2 Colors),43582089363756,ASRO_white_ceramic_micro_fire_starter_1pc_main.jpg,Micro EDC ceramic striker fire starter for survival kits (view 2).,66
9516520374572,"Lightweight Waterproof Dry Sack Bags with Roll Top (3 Sizes, 3 Colors)",43721998598444,ASRO_3L_dry_sack_blue_main.jpg,Lightweight waterproof dry sack bag with a roll-top closure (view 1).,69
9516520374572,"Lightweight Waterproof Dry Sack Bags with Roll Top (3 Sizes, 3 Colors)",43722002628908,ASRO_3L_dry_sack_blue_infographic_01.jpg,Lightweight waterproof dry sack bag with a roll-top closure (view 2).,69
9516520374572,"Lightweight Waterproof Dry Sack Bags with Roll Top (3 Sizes, 3 Colors)",43722002727212,ASRO_3L_dry_sack_blue_infographic_02.jpg,Lightweight waterproof dry sack bag with a roll-top closure (view 3).,69
9516520374572,"Lightweight Waterproof Dry Sack Bags with Roll Top (3 Sizes, 3 Colors)",43722002661676,ASRO_3L_dry_sack_blue_infographic_03.jpg,Lightweight waterproof dry sack bag with a roll-top closure (view 4).,69
9516520374572,"Lightweight Waterproof Dry Sack Bags with Roll Top (3 Sizes, 3 Colors)",43722002694444,ASRO_3L_dry_sack_blue_infographic_04.jpg,Lightweight waterproof dry sack bag with a roll-top closure (view 5).,69
9652288487724,"5LB Genuine Rough Gemstone Paydirt Bags, Rocks and Minerals Collection, Sift, Sort and Find Treasure",43483913224492,81TEcQ45qmL._AC_SL1500.jpg,5-pound rough gemstone paydirt bag for rock and mineral collecting.,67
9833202319660,Genuine Gemstone Paydirt Bags Rock Collecting (12 Rock Types),43568448078124,ASRO_tumbled_rock_china_mix_main.png,Genuine gemstone paydirt bag with assorted rock types for collecting.,69
9892955554092,"16 Inch Everyday Carry Travel Tool or Duffel Bag, Black",43722148741420,AB18_ToolTreaux_18_inch_duffle_bag_black_scale.jpg,16-inch black everyday carry travel and duffel bag (view 1).,60
9892955554092,"16 Inch Everyday Carry Travel Tool or Duffel Bag, Black",43722148872492,AB18_ToolTreaux_18_inch_duffle_bag_black_detail1.jpg,16-inch black everyday carry travel and duffel bag (view 2).,60
9892955554092,"16 Inch Everyday Carry Travel Tool or Duffel Bag, Black",43722148774188,AB18_ToolTreaux_18_inch_duffle_bag_black_detail2.jpg,16-inch black everyday carry travel and duffel bag (view 3).,60
9892955554092,"16 Inch Everyday Carry Travel Tool or Duffel Bag, Black",43722148839724,AB18_ToolTreaux_18_inch_duffle_bag_black_detail3.jpg,16-inch black everyday carry travel and duffel bag (view 4).,60
9892955554092,"16 Inch Everyday Carry Travel Tool or Duffel Bag, Black",43722148806956,AB18_ToolTreaux_18_inch_duffle_bag_black_main.jpg,16-inch black everyday carry travel and duffel bag (view 5).,60
10016120537388,"Universal Fit Survival 550 Paracord Belt with Stainless Steel Buckle, 52 inch",43396845764908,71K7CL2jIvS-2_90071755-8cd4-4b98-bd88-e0e5846eb663.jpg,52-inch survival 550 paracord belt with a stainless steel buckle.,65
10049578959148,20pc Beach Combing Metal Detector Gold Panning Kit with Serrated Digger,42094534099244,trowel_in_grass_13in_92583e7b-fd6f-4401-9d46-65c6e0673668.jpg,20-piece beach combing metal detector kit with a serrated digger (view 1).,74
10049578959148,20pc Beach Combing Metal Detector Gold Panning Kit with Serrated Digger,42094546747692,GP3-SS20_Sand_Scoop_lifestyle_01_5b24aff3-3bb1-4fd9-a14b-d42aa732d49f.jpg,20-piece beach combing metal detector kit with a serrated digger (view 2).,74
10049578959148,20pc Beach Combing Metal Detector Gold Panning Kit with Serrated Digger,42094532460844,GB5_glass_vial_lifestyle_01.jpg,20-piece beach combing metal detector kit with a serrated digger (view 3).,74
10049578959148,20pc Beach Combing Metal Detector Gold Panning Kit with Serrated Digger,42094529347884,20pcbeachcombingkitScale.jpg,20-piece beach combing metal detector kit with a serrated digger (view 4).,74
10049578959148,20pc Beach Combing Metal Detector Gold Panning Kit with Serrated Digger,42094529380652,sizeofasrdrawstringbag.jpg,20-piece beach combing metal detector kit with a serrated digger (view 5).,74
10049578959148,20pc Beach Combing Metal Detector Gold Panning Kit with Serrated Digger,42094571389228,greenstackingclassifierhalfinch4.jpg,20-piece beach combing metal detector kit with a serrated digger (view 6).,74
10095730983212,"Compact 50 Lumens Mini Zipper Light with Keychain, Camping Hiking EDC Survival Gear",42404708581676,ASRO_mini_zipper_light_lifestyle_01.png,Compact 50-lumen mini zipper light with a keychain for camping and EDC (view 1).,80
10095730983212,"Compact 50 Lumens Mini Zipper Light with Keychain, Camping Hiking EDC Survival Gear",42404759929132,ASRO_mini_zipper_light_lifestyle_dog_02.png,Compact 50-lumen mini zipper light with a keychain for camping and EDC (view 2).,80
10095730983212,"Compact 50 Lumens Mini Zipper Light with Keychain, Camping Hiking EDC Survival Gear",42404777099564,ASRO_mini_zipper_light_lifestyle_03.png,Compact 50-lumen mini zipper light with a keychain for camping and EDC (view 3).,80
10095730983212,"Compact 50 Lumens Mini Zipper Light with Keychain, Camping Hiking EDC Survival Gear",42404699799852,FL131ZL_zipper_light_detail_02.jpg,Compact 50-lumen mini zipper light with a keychain for camping and EDC (view 4).,80
10095730983212,"Compact 50 Lumens Mini Zipper Light with Keychain, Camping Hiking EDC Survival Gear",42404700258604,ASRO_mini_zipper_light_infographic.png,Compact 50-lumen mini zipper light with a keychain for camping and EDC (view 5).,80
10095730983212,"Compact 50 Lumens Mini Zipper Light with Keychain, Camping Hiking EDC Survival Gear",42404700979500,ASRO_mini_zipper_light_main_packaging.png,Compact 50-lumen mini zipper light with a keychain for camping and EDC (view 6).,80
10095730983212,"Compact 50 Lumens Mini Zipper Light with Keychain, Camping Hiking EDC Survival Gear",42404701012268,FL131ZL_zipper_light_packaging_02.jpg,Compact 50-lumen mini zipper light with a keychain for camping and EDC (view 7).,80
10095730983212,"Compact 50 Lumens Mini Zipper Light with Keychain, Camping Hiking EDC Survival Gear",42404701176108,FL131ZL_zipper_light_detail_01.jpg,Compact 50-lumen mini zipper light with a keychain for camping and EDC (view 8).,80
10099746996524,"Wildlife Collectors Hunting Knife with Decorative Scabbard, Sleeve and Animal Head (15 Styles)",42445486457132,71PBM9nTr1L._AC_SL1500.jpg,"Wildlife collector hunting knife with a decorative scabbard, sleeve, and animal head handle (view 1).",101
10099746996524,"Wildlife Collectors Hunting Knife with Decorative Scabbard, Sleeve and Animal Head (15 Styles)",42445476364588,61ZZCV6i29L.jpg,"Wildlife collector hunting knife with a decorative scabbard, sleeve, and animal head handle (view 2).",101
10099746996524,"Wildlife Collectors Hunting Knife with Decorative Scabbard, Sleeve and Animal Head (15 Styles)",42445474824492,61CEtQbfhGL.jpg,"Wildlife collector hunting knife with a decorative scabbard, sleeve, and animal head handle (view 3).",101
10099746996524,"Wildlife Collectors Hunting Knife with Decorative Scabbard, Sleeve and Animal Head (15 Styles)",42445492453676,81AAbnX5JaL._AC_SL1500.jpg,"Wildlife collector hunting knife with a decorative scabbard, sleeve, and animal head handle (view 4).",101
10099746996524,"Wildlife Collectors Hunting Knife with Decorative Scabbard, Sleeve and Animal Head (15 Styles)",42445289816364,americanflag_bald_eagle_collector_knife.jpg,"Wildlife collector hunting knife with a decorative scabbard, sleeve, and animal head handle (view 5).",101
10099746996524,"Wildlife Collectors Hunting Knife with Decorative Scabbard, Sleeve and Animal Head (15 Styles)",42445294698796,americanflag_proud_eagle_main.jpg,"Wildlife collector hunting knife with a decorative scabbard, sleeve, and animal head handle (view 6).",101
10099746996524,"Wildlife Collectors Hunting Knife with Decorative Scabbard, Sleeve and Animal Head (15 Styles)",42445325697324,americanflag_howling_wolf_main.jpg,"Wildlife collector hunting knife with a decorative scabbard, sleeve, and animal head handle (view 7).",101
10099746996524,"Wildlife Collectors Hunting Knife with Decorative Scabbard, Sleeve and Animal Head (15 Styles)",42445331530028,americanflag_liberty_eagle_main.jpg,"Wildlife collector hunting knife with a decorative scabbard, sleeve, and animal head handle (view 8).",101
10099746996524,"Wildlife Collectors Hunting Knife with Decorative Scabbard, Sleeve and Animal Head (15 Styles)",42445356040492,black_eagle.png,"Wildlife collector hunting knife with a decorative scabbard, sleeve, and animal head handle (view 9).",101
10099746996524,"Wildlife Collectors Hunting Knife with Decorative Scabbard, Sleeve and Animal Head (15 Styles)",42445388775724,ASRO_black_wolf_knife_main.jpg,"Wildlife collector hunting knife with a decorative scabbard, sleeve, and animal head handle (view 10).",102
10099746996524,"Wildlife Collectors Hunting Knife with Decorative Scabbard, Sleeve and Animal Head (15 Styles)",42445406896428,ASRO_classic_eagle_knife_main.jpg,"Wildlife collector hunting knife with a decorative scabbard, sleeve, and animal head handle (view 11).",102
10099746996524,"Wildlife Collectors Hunting Knife with Decorative Scabbard, Sleeve and Animal Head (15 Styles)",42445413089580,ASRO_white_eagle_knife_main.jpg,"Wildlife collector hunting knife with a decorative scabbard, sleeve, and animal head handle (view 12).",102
10099746996524,"Wildlife Collectors Hunting Knife with Decorative Scabbard, Sleeve and Animal Head (15 Styles)",42445422428460,31cofGFRenL.jpg,"Wildlife collector hunting knife with a decorative scabbard, sleeve, and animal head handle (view 13).",102
10099746996524,"Wildlife Collectors Hunting Knife with Decorative Scabbard, Sleeve and Animal Head (15 Styles)",42445437337900,ASRO_american_flag_eagle_white_knife_main.jpg,"Wildlife collector hunting knife with a decorative scabbard, sleeve, and animal head handle (view 14).",102
10099746996524,"Wildlife Collectors Hunting Knife with Decorative Scabbard, Sleeve and Animal Head (15 Styles)",42445449330988,ASRO_american_flag_wolf_pack_knife_main.jpg,"Wildlife collector hunting knife with a decorative scabbard, sleeve, and animal head handle (view 15).",102
10099746996524,"Wildlife Collectors Hunting Knife with Decorative Scabbard, Sleeve and Animal Head (15 Styles)",42445462962476,ASRO_white_wolf_knife_main.jpg,"Wildlife collector hunting knife with a decorative scabbard, sleeve, and animal head handle (view 16).",102
10099746996524,"Wildlife Collectors Hunting Knife with Decorative Scabbard, Sleeve and Animal Head (15 Styles)",42445470499116,americanflag_liberty_eagle_size.jpg,"Wildlife collector hunting knife with a decorative scabbard, sleeve, and animal head handle (view 17).",102
10099746996524,"Wildlife Collectors Hunting Knife with Decorative Scabbard, Sleeve and Animal Head (15 Styles)",42445537083692,H-4852-DR_deer_dagger_detail_02.jpg,"Wildlife collector hunting knife with a decorative scabbard, sleeve, and animal head handle (view 18).",102
10099746996524,"Wildlife Collectors Hunting Knife with Decorative Scabbard, Sleeve and Animal Head (15 Styles)",42445509919020,americanflag_all_knives_dagger.jpg,"Wildlife collector hunting knife with a decorative scabbard, sleeve, and animal head handle (view 19).",102
10099787170092,8 Inch American Back Lock Folding Pocket Knife (2 Styles),43153194909996,ASR_Outdoor_Wolf_Pocket_Knife_Gift_MAIN.jpg,8-inch American back lock folding pocket knife (view 1).,56
10099787170092,8 Inch American Back Lock Folding Pocket Knife (2 Styles),42445739131180,61_k3Z7JcKL._AC_SL1500.jpg,8-inch American back lock folding pocket knife (view 2).,56
10099787170092,8 Inch American Back Lock Folding Pocket Knife (2 Styles),43153198055724,ASR_Outdoor_Wolf_Pocket_Knife_Gift_3.jpg,8-inch American back lock folding pocket knife (view 3).,56
10099787170092,8 Inch American Back Lock Folding Pocket Knife (2 Styles),42445740671276,61fULXGuayL._AC_SL1500.jpg,8-inch American back lock folding pocket knife (view 4).,56
10099787170092,8 Inch American Back Lock Folding Pocket Knife (2 Styles),42445741949228,6166k-mOHnL._AC_SL1500.jpg,8-inch American back lock folding pocket knife (view 5).,56
10099787170092,8 Inch American Back Lock Folding Pocket Knife (2 Styles),43153198809388,ASR_Outdoor_Wolf_Pocket_Knife_Mens_Stocking_Stuffer.jpg,8-inch American back lock folding pocket knife (view 6).,56
10099787170092,8 Inch American Back Lock Folding Pocket Knife (2 Styles),43153198416172,ASR_Outdoor_Wolf_Pocket_Knife_SCALE.jpg,8-inch American back lock folding pocket knife (view 7).,56
10099832357164,Wild Icons Collector Fixed Blade Hunting Knife Series with Animal Head and Sheath (4 Styles),42446122385708,ASRO_wild_icons_knife_series_deer_main.jpg,Wild Icons collector fixed blade hunting knife with an animal head handle and sheath (view 1).,94
10099832357164,Wild Icons Collector Fixed Blade Hunting Knife Series with Animal Head and Sheath (4 Styles),42446119797036,ASRO_wild_icons_knife_series_eagle_main_f4d24fb2-e4f1-4a76-9cb6-dcf6295cac36.jpg,Wild Icons collector fixed blade hunting knife with an animal head handle and sheath (view 2).,94
10099832357164,Wild Icons Collector Fixed Blade Hunting Knife Series with Animal Head and Sheath (4 Styles),42446135329068,ASRO_wild_icons_knife_series_wolf_main.jpg,Wild Icons collector fixed blade hunting knife with an animal head handle and sheath (view 3).,94
10099850772780,"Non-Metallic Zirconia Ceramic Mini Survival Razor Blade, Wear-Resistant and Non-Dulling",42446228848940,CRB_ceramic_razor_blade_detail_03-1.jpg,Non-metallic zirconia ceramic mini survival razor blade (view 1).,65
10099850772780,"Non-Metallic Zirconia Ceramic Mini Survival Razor Blade, Wear-Resistant and Non-Dulling",42446226489644,CRB_ceramic_razor_blade_scale-1.jpg,Non-metallic zirconia ceramic mini survival razor blade (view 2).,65
10099850772780,"Non-Metallic Zirconia Ceramic Mini Survival Razor Blade, Wear-Resistant and Non-Dulling",42446217576748,CRB_ceramic_razor_blade_detail_01-1.jpg,Non-metallic zirconia ceramic mini survival razor blade (view 3).,65
10099850772780,"Non-Metallic Zirconia Ceramic Mini Survival Razor Blade, Wear-Resistant and Non-Dulling",42446226915628,CRB_ceramic_razor_blade_detail_02.jpg,Non-metallic zirconia ceramic mini survival razor blade (view 4).,65
10099858768172,Mini Folding Ceramic Razor Blade Survival Tool EDC Gear,42446310834476,CFR_ceramic_folding_razor_detail_04.jpg,Mini folding ceramic razor blade survival and EDC tool (view 1).,64
10099858768172,Mini Folding Ceramic Razor Blade Survival Tool EDC Gear,42446307295532,CFR_ceramic_folding_razor_detail_02.jpg,Mini folding ceramic razor blade survival and EDC tool (view 2).,64
10099858768172,Mini Folding Ceramic Razor Blade Survival Tool EDC Gear,42446312079660,CFR_ceramic_folding_razor_scale.jpg,Mini folding ceramic razor blade survival and EDC tool (view 3).,64
10099858768172,Mini Folding Ceramic Razor Blade Survival Tool EDC Gear,42446310048044,CFR_ceramic_folding_razor_detail_05.jpg,Mini folding ceramic razor blade survival and EDC tool (view 4).,64
10099858768172,Mini Folding Ceramic Razor Blade Survival Tool EDC Gear,42446313390380,CFR_ceramic_folding_razor_2pk_02.jpg,Mini folding ceramic razor blade survival and EDC tool (view 5).,64
10099858768172,Mini Folding Ceramic Razor Blade Survival Tool EDC Gear,42446314570028,CFR_ceramic_folding_razor_2pk_02_23acdc13-ced2-40e2-86b2-41d142f84d33.jpg,Mini folding ceramic razor blade survival and EDC tool (view 6).,64
10100504035628,Mini Logo EDC Small Pocket Knife Multitool (4 Colors),42453731934508,small_pocket_knife_edc_tool.jpg,Mini logo EDC pocket knife multitool (view 1).,46
10100504035628,Mini Logo EDC Small Pocket Knife Multitool (4 Colors),42453780398380,61E4WQ-CJ7L._AC_SL1500.jpg,Mini logo EDC pocket knife multitool (view 2).,46
10100504035628,Mini Logo EDC Small Pocket Knife Multitool (4 Colors),42453735833900,61CjEj0ujpL._AC_SL1500_-2-2-2-2-2-3.jpg,Mini logo EDC pocket knife multitool (view 3).,46
10100504035628,Mini Logo EDC Small Pocket Knife Multitool (4 Colors),42453735768364,611KEKXSpSL._AC_SL1500_-2-2-2-2-2.jpg,Mini logo EDC pocket knife multitool (view 4).,46
10100504035628,Mini Logo EDC Small Pocket Knife Multitool (4 Colors),42453735735596,61V3fVz90VL._AC_SL1500_-2-2-2-2-2.jpg,Mini logo EDC pocket knife multitool (view 5).,46
10100504035628,Mini Logo EDC Small Pocket Knife Multitool (4 Colors),42453735702828,61XhmWOh6wL._AC_SL1500_-2-2-2-2-2.jpg,Mini logo EDC pocket knife multitool (view 6).,46
10100504035628,Mini Logo EDC Small Pocket Knife Multitool (4 Colors),42453735670060,23-2-2-2-2.jpg,Mini logo EDC pocket knife multitool (view 7).,46
10100504035628,Mini Logo EDC Small Pocket Knife Multitool (4 Colors),42453735604524,Manual_Open_Mechanism.jpg,Mini logo EDC pocket knife multitool (view 8).,46
10100504035628,Mini Logo EDC Small Pocket Knife Multitool (4 Colors),42453735637292,1-2-2-2-2.jpg,Mini logo EDC pocket knife multitool (view 9).,46
10100504035628,Mini Logo EDC Small Pocket Knife Multitool (4 Colors),42453782987052,61E4WQ-CJ7L._AC_SL1500_966818c1-e67f-4e9b-b686-44bbba871e22.jpg,Mini logo EDC pocket knife multitool (view 10).,47
10100504035628,Mini Logo EDC Small Pocket Knife Multitool (4 Colors),42927803007276,ASRO_red_logo_pocket_knife_mini.jpg,Mini logo EDC pocket knife multitool (view 11).,47
10101810626860,"6pk Large Aluminum Carabiner Spring Clip with Keychain (3.25 Inches, Assorted Colors)",42461741547820,ASRO_large_black_carabiner_lifestyle_02.jpg,Large 3.25-inch aluminum carabiner spring clips with keychains (view 1).,72
10101810626860,"6pk Large Aluminum Carabiner Spring Clip with Keychain (3.25 Inches, Assorted Colors)",42461744333100,ASRO_large_black_carabiner_lifestyle_03.jpg,Large 3.25-inch aluminum carabiner spring clips with keychains (view 2).,72
10101810626860,"6pk Large Aluminum Carabiner Spring Clip with Keychain (3.25 Inches, Assorted Colors)",42461740204332,ASRO_large_black_carabiner_lifestyle_01.jpg,Large 3.25-inch aluminum carabiner spring clips with keychains (view 3).,72
10101810626860,"6pk Large Aluminum Carabiner Spring Clip with Keychain (3.25 Inches, Assorted Colors)",42461738959148,ASRO_large_black_carabiner_infographic.jpg,Large 3.25-inch aluminum carabiner spring clips with keychains (view 4).,72
10101810626860,"6pk Large Aluminum Carabiner Spring Clip with Keychain (3.25 Inches, Assorted Colors)",42461725589804,ASRO_6pk_carabiners_main_blue.jpg,Large 3.25-inch aluminum carabiner spring clips with keychains (view 5).,72
10101810626860,"6pk Large Aluminum Carabiner Spring Clip with Keychain (3.25 Inches, Assorted Colors)",42461727424812,ASRO_6pk_carabiners_main_dark_blue.jpg,Large 3.25-inch aluminum carabiner spring clips with keychains (view 6).,72
10101810626860,"6pk Large Aluminum Carabiner Spring Clip with Keychain (3.25 Inches, Assorted Colors)",42461729685804,ASRO_6pk_carabiners_main_green.jpg,Large 3.25-inch aluminum carabiner spring clips with keychains (view 7).,72
10101810626860,"6pk Large Aluminum Carabiner Spring Clip with Keychain (3.25 Inches, Assorted Colors)",42461730275628,ASRO_6pk_carabiners_main_silver.jpg,Large 3.25-inch aluminum carabiner spring clips with keychains (view 8).,72
10101810626860,"6pk Large Aluminum Carabiner Spring Clip with Keychain (3.25 Inches, Assorted Colors)",42461732602156,ASRO_6pk_carabiners_main_pink.jpg,Large 3.25-inch aluminum carabiner spring clips with keychains (view 9).,72
10101810626860,"6pk Large Aluminum Carabiner Spring Clip with Keychain (3.25 Inches, Assorted Colors)",42461735026988,ASRO_6pk_carabiners_main_orange.jpg,Large 3.25-inch aluminum carabiner spring clips with keychains (view 10).,73
10157710999852,"Kids 8X High-Res Optics Compact Binoculars Outdoor Travel Gift with Lanyard, Blue",42927740125484,blue_binoculars_INFOGRAPHIC.jpg,Kids 8x compact binoculars in blue with a lanyard for outdoor travel (view 1).,78
10157710999852,"Kids 8X High-Res Optics Compact Binoculars Outdoor Travel Gift with Lanyard, Blue",42927743009068,blue_binoculars_LANYARD_DETAIL.jpg,Kids 8x compact binoculars in blue with a lanyard for outdoor travel (view 2).,78
10157710999852,"Kids 8X High-Res Optics Compact Binoculars Outdoor Travel Gift with Lanyard, Blue",42927740944684,blue_binoculars_lifestyle_04.jpg,Kids 8x compact binoculars in blue with a lanyard for outdoor travel (view 3).,78
10157710999852,"Kids 8X High-Res Optics Compact Binoculars Outdoor Travel Gift with Lanyard, Blue",42927741763884,blue_binoculars_lifestyle_02.jpg,Kids 8x compact binoculars in blue with a lanyard for outdoor travel (view 4).,78
10157710999852,"Kids 8X High-Res Optics Compact Binoculars Outdoor Travel Gift with Lanyard, Blue",42927741731116,blue_binoculars_lifestyle_03.jpg,Kids 8x compact binoculars in blue with a lanyard for outdoor travel (view 5).,78
10157710999852,"Kids 8X High-Res Optics Compact Binoculars Outdoor Travel Gift with Lanyard, Blue",42927741796652,blue_binoculars_resting_in_tree_lifestyle_01.jpg,Kids 8x compact binoculars in blue with a lanyard for outdoor travel (view 6).,78
10157710999852,"Kids 8X High-Res Optics Compact Binoculars Outdoor Travel Gift with Lanyard, Blue",42927742353708,blue_binoculars_lifestyle_05.jpg,Kids 8x compact binoculars in blue with a lanyard for outdoor travel (view 7).,78
10157710999852,"Kids 8X High-Res Optics Compact Binoculars Outdoor Travel Gift with Lanyard, Blue",42927741665580,blue_binoculars_main.jpg,Kids 8x compact binoculars in blue with a lanyard for outdoor travel (view 8).,78
10158773862700,"First Aid Kit in Plastic Waterproof Case Survival Gear Emergency Preparedness Item, 50pc",42939390460204,ASRO_50pc_first_aid_kit_lifestyle.jpg,50-piece first aid kit in a waterproof plastic case for emergencies (view 1).,77
10158773862700,"First Aid Kit in Plastic Waterproof Case Survival Gear Emergency Preparedness Item, 50pc",42939387085100,FA50_50pc_First_Aid_KIt_Flat_Lay.jpg,50-piece first aid kit in a waterproof plastic case for emergencies (view 2).,77
10158773862700,"First Aid Kit in Plastic Waterproof Case Survival Gear Emergency Preparedness Item, 50pc",42939386298668,FA50_50pc_First_Aid_KIt_scale.jpg,50-piece first aid kit in a waterproof plastic case for emergencies (view 3).,77
10158773862700,"First Aid Kit in Plastic Waterproof Case Survival Gear Emergency Preparedness Item, 50pc",42939386659116,FA50_50pc_First_Aid_KIt_detail_06.jpg,50-piece first aid kit in a waterproof plastic case for emergencies (view 4).,77
10165489860908,"10 Inch Triple Riffle Gold Pan Gold Prospecting Equipment, Green",42988225298732,ASR_triple_riffle_gold_pan_green_scale_pl_corrected.jpg,10-inch green triple-riffle gold pan for prospecting (view 1).,62
10165489860908,"10 Inch Triple Riffle Gold Pan Gold Prospecting Equipment, Green",42988228346156,ASR_triple_riffle_gold_pan_green_detail6_PL_corrected.jpg,10-inch green triple-riffle gold pan for prospecting (view 2).,62
10165489860908,"10 Inch Triple Riffle Gold Pan Gold Prospecting Equipment, Green",42988897927468,ASRO_triple_riffle_gold_pan_lifestyle_01.jpg,10-inch green triple-riffle gold pan for prospecting (view 3).,62
10165489860908,"10 Inch Triple Riffle Gold Pan Gold Prospecting Equipment, Green",42988222415148,ASR_triple_riffle_gold_pan_green_lifestyle1_PL_corrected.jpg,10-inch green triple-riffle gold pan for prospecting (view 4).,62
10165489860908,"10 Inch Triple Riffle Gold Pan Gold Prospecting Equipment, Green",42988222382380,ASR_triple_riffle_gold_pan_green_lifestyle2_PL_corrected.jpg,10-inch green triple-riffle gold pan for prospecting (view 5).,62
10165489860908,"10 Inch Triple Riffle Gold Pan Gold Prospecting Equipment, Green",42988227887404,ASR_triple_riffle_gold_pan_green_detail1_PL_corrected.jpg,10-inch green triple-riffle gold pan for prospecting (view 6).,62
10165489860908,"10 Inch Triple Riffle Gold Pan Gold Prospecting Equipment, Green",42988228313388,ASR_triple_riffle_gold_pan_green_detail2_PL_corrected.jpg,10-inch green triple-riffle gold pan for prospecting (view 7).,62
10165489860908,"10 Inch Triple Riffle Gold Pan Gold Prospecting Equipment, Green",42988228280620,ASR_triple_riffle_gold_pan_green_detail3_PL_corrected.jpg,10-inch green triple-riffle gold pan for prospecting (view 8).,62
10165489860908,"10 Inch Triple Riffle Gold Pan Gold Prospecting Equipment, Green",42988227952940,ASR_triple_riffle_gold_pan_green_detail4_PL_corrected.jpg,10-inch green triple-riffle gold pan for prospecting (view 9).,62
10165489860908,"10 Inch Triple Riffle Gold Pan Gold Prospecting Equipment, Green",42988227920172,ASR_triple_riffle_gold_pan_green_detail5_PL_corrected.jpg,10-inch green triple-riffle gold pan for prospecting (view 10).,63
10165513879852,"10 Inch Bottom Dual Riffle Gold Pan Gold Prospecting Equipment, Green",42988343853356,61d97QUxKyL._AC_SL1500.jpg,10-inch green bottom dual-riffle gold pan for prospecting (view 1).,67
10165513879852,"10 Inch Bottom Dual Riffle Gold Pan Gold Prospecting Equipment, Green",42988343886124,81gKjdxN6mL._AC_SL1500.jpg,10-inch green bottom dual-riffle gold pan for prospecting (view 2).,67
10165513879852,"10 Inch Bottom Dual Riffle Gold Pan Gold Prospecting Equipment, Green",42988343787820,81IEDoOnJoL._AC_SL1500.jpg,10-inch green bottom dual-riffle gold pan for prospecting (view 3).,67
10165513879852,"10 Inch Bottom Dual Riffle Gold Pan Gold Prospecting Equipment, Green",42988343722284,618qTkbCXjL._AC_SL1500.jpg,10-inch green bottom dual-riffle gold pan for prospecting (view 4).,67
10165513879852,"10 Inch Bottom Dual Riffle Gold Pan Gold Prospecting Equipment, Green",42988343755052,61xfneuIlDL._AC_SL1500.jpg,10-inch green bottom dual-riffle gold pan for prospecting (view 5).,67
10165513879852,"10 Inch Bottom Dual Riffle Gold Pan Gold Prospecting Equipment, Green",42988343820588,61w7ApQUguL._AC_SL1500.jpg,10-inch green bottom dual-riffle gold pan for prospecting (view 6).,67
10169362415916,"Dual Grit Knife Blade Sharpening Stones, 120/240 (2 Sizes)",43013197988140,SS861_2in1_sharpening_stone_info_02.jpg,Dual grit 120/240 knife blade sharpening stone (view 1).,56
10169362415916,"Dual Grit Knife Blade Sharpening Stones, 120/240 (2 Sizes)",43013214765356,SS6_6in_sharpening_stone_lifestyle_02_crop.jpg,Dual grit 120/240 knife blade sharpening stone (view 2).,56
10169362415916,"Dual Grit Knife Blade Sharpening Stones, 120/240 (2 Sizes)",43013215027500,SS6_6in_sharpening_stone_lifestyle_01_crop.jpg,Dual grit 120/240 knife blade sharpening stone (view 3).,56
10169362415916,"Dual Grit Knife Blade Sharpening Stones, 120/240 (2 Sizes)",43013215322412,SS6_6in_sharpening_stone_lifestyle_04_crop.jpg,Dual grit 120/240 knife blade sharpening stone (view 4).,56
10246630015276,Weather Resistant Nylon Rock Hounding Equipment Tool Bag with Shoulder Strap (18 x 8.5 x 11 inches),43478746923308,Rock_Hounding_tool_bag_side_pocket.jpg,Weather-resistant nylon rock hounding tool bag with a shoulder strap (view 1).,78
10246630015276,Weather Resistant Nylon Rock Hounding Equipment Tool Bag with Shoulder Strap (18 x 8.5 x 11 inches),43478746857772,Rock_Hounding_tool_bag_texture.jpg,Weather-resistant nylon rock hounding tool bag with a shoulder strap (view 2).,78
10246630015276,Weather Resistant Nylon Rock Hounding Equipment Tool Bag with Shoulder Strap (18 x 8.5 x 11 inches),43478746890540,Rock_Hounding_tool_bag_small_278b3ee3-e78a-406e-a8ee-71d83bc3ae7b.jpg,Weather-resistant nylon rock hounding tool bag with a shoulder strap (view 3).,78
10246630015276,Weather Resistant Nylon Rock Hounding Equipment Tool Bag with Shoulder Strap (18 x 8.5 x 11 inches),43478746956076,Rock_Hounding_tool_bag_side.jpg,Weather-resistant nylon rock hounding tool bag with a shoulder strap (view 4).,78
10246630015276,Weather Resistant Nylon Rock Hounding Equipment Tool Bag with Shoulder Strap (18 x 8.5 x 11 inches),43478746988844,Rock_Hounding_tool_bag_back.jpg,Weather-resistant nylon rock hounding tool bag with a shoulder strap (view 5).,78
10246633947436,4pc Premium Quality Aluminum Eye Loupe Set for Rock Hounding Geology Gold Prospecting (2.5X 5X 7.5X 10X),43478824812844,MI125-4_4pc_alum_loupe_detail_03.jpg,4-piece aluminum eye loupe set in 2.5x to 10x magnification for rock hounding (view 1).,87
10246633947436,4pc Premium Quality Aluminum Eye Loupe Set for Rock Hounding Geology Gold Prospecting (2.5X 5X 7.5X 10X),43478824845612,MI125-4_4pc_alum_loupe_detail_04amz.jpg,4-piece aluminum eye loupe set in 2.5x to 10x magnification for rock hounding (view 2).,87
10246633947436,4pc Premium Quality Aluminum Eye Loupe Set for Rock Hounding Geology Gold Prospecting (2.5X 5X 7.5X 10X),43478825664812,MI125-4_4pc_alum_loupe_scale.jpg,4-piece aluminum eye loupe set in 2.5x to 10x magnification for rock hounding (view 3).,87
10246636929324,20pc Complete Aluminum Storage Container Set for Rock Hounding Gold Prospecting Gemstones Geology,43478936453420,AluminumDisplays38mm1.jpg,20-piece aluminum storage container set for rock hounding and gemstones (view 1).,81
10246636929324,20pc Complete Aluminum Storage Container Set for Rock Hounding Gold Prospecting Gemstones Geology,43478940090668,AluminumDisplays53mm1.jpg,20-piece aluminum storage container set for rock hounding and gemstones (view 2).,81
10246636929324,20pc Complete Aluminum Storage Container Set for Rock Hounding Gold Prospecting Gemstones Geology,43478939894060,AluminumDisplays53mm2.jpg,20-piece aluminum storage container set for rock hounding and gemstones (view 3).,81
10246948356396,"3000 Lumen 5-Stage Rechargeable Flashlight with Adjustable Beam and SOS Mode Camping Gear, 7.5 Inches",43483804860716,ASRT_FL3661RC-6_3000_lumen_tactical_flashlight_charge_detail_02.png,3000-lumen rechargeable flashlight with an adjustable beam and SOS mode (view 1).,81
10246948356396,"3000 Lumen 5-Stage Rechargeable Flashlight with Adjustable Beam and SOS Mode Camping Gear, 7.5 Inches",43483804827948,ASRT_FL3661RC-6_3000_lumen_tactical_flashlight_head_detail_01.png,3000-lumen rechargeable flashlight with an adjustable beam and SOS mode (view 2).,81
10246948356396,"3000 Lumen 5-Stage Rechargeable Flashlight with Adjustable Beam and SOS Mode Camping Gear, 7.5 Inches",43483805090092,ASRT_FL3661RC-6_3000_lumen_tactical_flashlight_components_detail_03.png,3000-lumen rechargeable flashlight with an adjustable beam and SOS mode (view 3).,81
10246948356396,"3000 Lumen 5-Stage Rechargeable Flashlight with Adjustable Beam and SOS Mode Camping Gear, 7.5 Inches",43483805221164,ASRT_FL3661RC-6_3000_lumen_tactical_flashlight_features_infographic.png,3000-lumen rechargeable flashlight with an adjustable beam and SOS mode (view 4).,81
10246948356396,"3000 Lumen 5-Stage Rechargeable Flashlight with Adjustable Beam and SOS Mode Camping Gear, 7.5 Inches",43483805417772,ASRT_FL3661RC-6_3000_lumen_tactical_flashlight_lifestyle_01.png,3000-lumen rechargeable flashlight with an adjustable beam and SOS mode (view 5).,81
10246952878380,"2000 Lumen 5-Stage Rechargeable Flashlight with Adjustable Beam and SOS Mode Camping Gear, 7.5 Inches",43483831271724,ASRT_2000_lumen_tactical_flashlight_all_components.png,2000-lumen rechargeable flashlight with an adjustable beam and SOS mode (view 1).,81
10246952878380,"2000 Lumen 5-Stage Rechargeable Flashlight with Adjustable Beam and SOS Mode Camping Gear, 7.5 Inches",43483831304492,ASRT_2000_lumen_tactical_flashlight_scale.png,2000-lumen rechargeable flashlight with an adjustable beam and SOS mode (view 2).,81
10246952878380,"2000 Lumen 5-Stage Rechargeable Flashlight with Adjustable Beam and SOS Mode Camping Gear, 7.5 Inches",43483831337260,ASRT_2000_lumen_tactical_flashlight_infographic.png,2000-lumen rechargeable flashlight with an adjustable beam and SOS mode (view 3).,81
10246952878380,"2000 Lumen 5-Stage Rechargeable Flashlight with Adjustable Beam and SOS Mode Camping Gear, 7.5 Inches",43483831140652,ASRT_2000_lumen_tactical_flashlight_lifestyle_03.png,2000-lumen rechargeable flashlight with an adjustable beam and SOS mode (view 4).,81
10246952878380,"2000 Lumen 5-Stage Rechargeable Flashlight with Adjustable Beam and SOS Mode Camping Gear, 7.5 Inches",43483831173420,ASRT_2000_lumen_tactical_flashlight_lifestyle_02.png,2000-lumen rechargeable flashlight with an adjustable beam and SOS mode (view 5).,81
10246952878380,"2000 Lumen 5-Stage Rechargeable Flashlight with Adjustable Beam and SOS Mode Camping Gear, 7.5 Inches",43483831206188,ASRT_2000_lumen_tactical_flashlight_lifestyle_01.png,2000-lumen rechargeable flashlight with an adjustable beam and SOS mode (view 6).,81
10246952878380,"2000 Lumen 5-Stage Rechargeable Flashlight with Adjustable Beam and SOS Mode Camping Gear, 7.5 Inches",43483831238956,ASRT_2000_lumen_tactical_flashlight_detail_head.png,2000-lumen rechargeable flashlight with an adjustable beam and SOS mode (view 7).,81
10246957728044,Mini Stick On LED Lights 6 Pack Battery Operated Puck Lights with Magnet and Adhesive for Camping Gear RV Tool Boxes,43483849392428,ASRT_stick_it_anywhere_lights_product_listing_images.png,"Mini stick-on LED puck lights with magnets and adhesive backing, 6-pack (view 1).",81
10246957728044,Mini Stick On LED Lights 6 Pack Battery Operated Puck Lights with Magnet and Adhesive for Camping Gear RV Tool Boxes,43483849457964,ASRT_stick_it_anywhere_lights_scale_ffc80db4-90fe-41fe-b118-2bfe2e8f23ff.png,"Mini stick-on LED puck lights with magnets and adhesive backing, 6-pack (view 2).",81
10246957728044,Mini Stick On LED Lights 6 Pack Battery Operated Puck Lights with Magnet and Adhesive for Camping Gear RV Tool Boxes,43483849523500,ASRT_stick_it_anywhere_lights_infographic.png,"Mini stick-on LED puck lights with magnets and adhesive backing, 6-pack (view 3).",81
10246957728044,Mini Stick On LED Lights 6 Pack Battery Operated Puck Lights with Magnet and Adhesive for Camping Gear RV Tool Boxes,43483849949484,ASRT_stick_it_anywhere_lights_car_glove_compartment_lifestyle.png,"Mini stick-on LED puck lights with magnets and adhesive backing, 6-pack (view 4).",81
10246957728044,Mini Stick On LED Lights 6 Pack Battery Operated Puck Lights with Magnet and Adhesive for Camping Gear RV Tool Boxes,43483850211628,ASRT_stick_it_anywhere_lights_closet_lifestyle_04.png,"Mini stick-on LED puck lights with magnets and adhesive backing, 6-pack (view 5).",81
10246957728044,Mini Stick On LED Lights 6 Pack Battery Operated Puck Lights with Magnet and Adhesive for Camping Gear RV Tool Boxes,43483850539308,ASRT_stick_it_anywhere_lights_main_with_packaging.png,"Mini stick-on LED puck lights with magnets and adhesive backing, 6-pack (view 6).",81
10251979817260,Waterproof Pocket Notebook All Weather Field Notes Journal (50 Sheets with Pencil),43527424803116,OD-NB35WP_waterproof_notepad_detail_02.jpg,Waterproof pocket notebook with 50 all-weather sheets and a pencil (view 1).,76
10251979817260,Waterproof Pocket Notebook All Weather Field Notes Journal (50 Sheets with Pencil),43527427522860,OD-NB35WP_waterproof_notepad_lifestyle_04_crop.jpg,Waterproof pocket notebook with 50 all-weather sheets and a pencil (view 2).,76
10251979817260,Waterproof Pocket Notebook All Weather Field Notes Journal (50 Sheets with Pencil),43527415300396,OD-NB35WP_waterproof_notepad_lifestyle_02_crop.jpg,Waterproof pocket notebook with 50 all-weather sheets and a pencil (view 3).,76
10251979817260,Waterproof Pocket Notebook All Weather Field Notes Journal (50 Sheets with Pencil),43527426474284,OD-NB35WP_waterproof_notepad_packaging_ASRO.jpg,Waterproof pocket notebook with 50 all-weather sheets and a pencil (view 4).,76
10251979817260,Waterproof Pocket Notebook All Weather Field Notes Journal (50 Sheets with Pencil),43527428243756,OD-NB35WP_waterproof_notepad_detail_04.jpg,Waterproof pocket notebook with 50 all-weather sheets and a pencil (view 5).,76
10251979817260,Waterproof Pocket Notebook All Weather Field Notes Journal (50 Sheets with Pencil),43527408353580,OD-NB35WP_waterproof_notepad_scale.jpg,Waterproof pocket notebook with 50 all-weather sheets and a pencil (view 6).,76
10251985387820,"Stainless Steel Signaling Mirror – Emergency Survival Mirror for Hiking, Camping & Outdoor Safety",43527455703340,ASRO_survival_mirror_main_no_packaging_02.jpg,Stainless steel emergency signaling mirror for hiking and camping safety (view 1).,82
10251985387820,"Stainless Steel Signaling Mirror – Emergency Survival Mirror for Hiking, Camping & Outdoor Safety",43527455965484,ASRO_signal_survival_mirror_infographic.png,Stainless steel emergency signaling mirror for hiking and camping safety (view 2).,82
10251985387820,"Stainless Steel Signaling Mirror – Emergency Survival Mirror for Hiking, Camping & Outdoor Safety",43527456260396,ASRO_survival_mirror_lifestyle_01.jpg,Stainless steel emergency signaling mirror for hiking and camping safety (view 3).,82
10251991187756,"Waterproof Emergency Rain Poncho Lightweight Camping & Hiking Rain Protection (Clear, 1pk)",43527503675692,ASRO_clear_rain_poncho_lifestyle_01.jpg,Clear waterproof emergency rain poncho for camping and hiking (view 1).,71
10251991187756,"Waterproof Emergency Rain Poncho Lightweight Camping & Hiking Rain Protection (Clear, 1pk)",43527505215788,ASRO_clear_rain_poncho_lifestyle_02.jpg,Clear waterproof emergency rain poncho for camping and hiking (view 2).,71
10252002165036,2 Person Emergency Survival Shelter Lightweight Reflective Waterproof Tent,43527532544300,OF468_2person_emergency_shelter_detail_01-1.jpg,Two-person emergency survival shelter tent with a reflective waterproof finish (view 1).,88
10252002165036,2 Person Emergency Survival Shelter Lightweight Reflective Waterproof Tent,43527555547436,ASRO_emergency_2person_shelter_lifestyle01.jpg,Two-person emergency survival shelter tent with a reflective waterproof finish (view 2).,88
10252002165036,2 Person Emergency Survival Shelter Lightweight Reflective Waterproof Tent,43527532478764,OF468_2person_emergency_shelter_scale.jpg,Two-person emergency survival shelter tent with a reflective waterproof finish (view 3).,88
10252002165036,2 Person Emergency Survival Shelter Lightweight Reflective Waterproof Tent,43527532511532,OF468_2person_emergency_shelter_detail_02-1.jpg,Two-person emergency survival shelter tent with a reflective waterproof finish (view 4).,88
10252005343532,Reusable Thermal Mylar Emergency Blanket Sleeping Bag Bivvy Sack 40um Thickness,43527578157356,EB122OR_emergency_sleeping_bag_detail_01.jpg,Reusable thermal mylar emergency bivvy sack and sleeping bag (view 1).,70
10252005343532,Reusable Thermal Mylar Emergency Blanket Sleeping Bag Bivvy Sack 40um Thickness,43527579042092,bivvy2.jpg,Reusable thermal mylar emergency bivvy sack and sleeping bag (view 2).,70
10252005343532,Reusable Thermal Mylar Emergency Blanket Sleeping Bag Bivvy Sack 40um Thickness,43527579664684,EB122OR_mylar_blanket_ORG_lifestyle_02_crop.jpg,Reusable thermal mylar emergency bivvy sack and sleeping bag (view 3).,70
10252005343532,Reusable Thermal Mylar Emergency Blanket Sleeping Bag Bivvy Sack 40um Thickness,43527579468076,EB122OR_mylar_blanket_ORG_lifestyle_01_crop.jpg,Reusable thermal mylar emergency bivvy sack and sleeping bag (view 4).,70
10252005343532,Reusable Thermal Mylar Emergency Blanket Sleeping Bag Bivvy Sack 40um Thickness,43527579861292,EB122OR_mylar_blanket_ORG_lifestyle_04_crop.jpg,Reusable thermal mylar emergency bivvy sack and sleeping bag (view 5).,70
10252005343532,Reusable Thermal Mylar Emergency Blanket Sleeping Bag Bivvy Sack 40um Thickness,43527576977708,ASRO_EB122OR_bivy_sack_storage_container_1.png,Reusable thermal mylar emergency bivvy sack and sleeping bag (view 6).,70
10253903167788,Natural Citronella Mosquito Repellent Bracelet Wrist Band (4 Colors),43533938098476,HZ110_bug_eliminator_wrist_band_GRN_detail_01.jpg,Natural citronella mosquito repellent wristband bracelet (view 1).,66
10253903167788,Natural Citronella Mosquito Repellent Bracelet Wrist Band (4 Colors),43533938393388,HZ110_bug_eliminator_wrist_band_YLW_detail_01.jpg,Natural citronella mosquito repellent wristband bracelet (view 2).,66
10253903167788,Natural Citronella Mosquito Repellent Bracelet Wrist Band (4 Colors),43533938262316,HZ110_bug_eliminator_wrist_band_RED_detail_01.jpg,Natural citronella mosquito repellent wristband bracelet (view 3).,66
10253903167788,Natural Citronella Mosquito Repellent Bracelet Wrist Band (4 Colors),43533939933484,HZ110_bug_eliminator_wrist_band_asstd_detail_01-web.jpg,Natural citronella mosquito repellent wristband bracelet (view 4).,66
10253903167788,Natural Citronella Mosquito Repellent Bracelet Wrist Band (4 Colors),43533942063404,HZ110_bug_eliminator_wrist_band_lifestyle_01_crop.jpg,Natural citronella mosquito repellent wristband bracelet (view 5).,66
10253903167788,Natural Citronella Mosquito Repellent Bracelet Wrist Band (4 Colors),43533941899564,HZ110_bug_eliminator_wrist_band_lifestyle_02_crop.jpg,Natural citronella mosquito repellent wristband bracelet (view 6).,66
10253903167788,Natural Citronella Mosquito Repellent Bracelet Wrist Band (4 Colors),43533941113132,HZ110_bug_eliminator_wrist_band_BLU_packaging.jpg,Natural citronella mosquito repellent wristband bracelet (view 7).,66
10253903167788,Natural Citronella Mosquito Repellent Bracelet Wrist Band (4 Colors),43533940261164,HZ110_bug_eliminator_wrist_band_asstd_packaging.jpg,Natural citronella mosquito repellent wristband bracelet (view 8).,66
10253919387948,"19L Everyday Front Griptape Backpack with Padded Shoulder Straps, Green/Blue",43533982695724,ASR_Outdoor_Infographic_two_tone_daypack.jpg,19L everyday backpack with a griptape front and padded shoulder straps in green and blue (view 1).,98
10253919387948,"19L Everyday Front Griptape Backpack with Padded Shoulder Straps, Green/Blue",43533982728492,ASRO_two_tone_daypack_hiking_gear_lifestyle_01.jpg,19L everyday backpack with a griptape front and padded shoulder straps in green and blue (view 2).,98
10253919387948,"19L Everyday Front Griptape Backpack with Padded Shoulder Straps, Green/Blue",43533982761260,ASRO_two_tone_daypack_hiking_gear_lifestyle_02.jpg,19L everyday backpack with a griptape front and padded shoulder straps in green and blue (view 3).,98
10253919387948,"19L Everyday Front Griptape Backpack with Padded Shoulder Straps, Green/Blue",43533984858412,BP200_OLI-NY_detail_02.jpg,19L everyday backpack with a griptape front and padded shoulder straps in green and blue (view 4).,98
10253919387948,"19L Everyday Front Griptape Backpack with Padded Shoulder Straps, Green/Blue",43533985448236,BP200_OLI-NY_detail_03.jpg,19L everyday backpack with a griptape front and padded shoulder straps in green and blue (view 5).,98
10253919387948,"19L Everyday Front Griptape Backpack with Padded Shoulder Straps, Green/Blue",43533985579308,BP200_OLI-NY_detail_04.jpg,19L everyday backpack with a griptape front and padded shoulder straps in green and blue (view 6).,98
10253919387948,"19L Everyday Front Griptape Backpack with Padded Shoulder Straps, Green/Blue",43533985841452,BP200_OLI-NY_detail_05.jpg,19L everyday backpack with a griptape front and padded shoulder straps in green and blue (view 7).,98
10264366874924,"1pc Stainless Steel Gold Prospecting Carabiner Keychain, Lightweight Durable EDC Key Holder with Split Ring (2 Styles)",43594860888364,ASRO_gold_prospecting_keychains_sluice_box_main_no_packaging.jpg,Stainless steel gold prospecting carabiner keychain with a split ring (view 1).,79
10264366874924,"1pc Stainless Steel Gold Prospecting Carabiner Keychain, Lightweight Durable EDC Key Holder with Split Ring (2 Styles)",43594861478188,ASRO_gold_prospecting_keychains_sluice_box_scale.jpg,Stainless steel gold prospecting carabiner keychain with a split ring (view 2).,79
10264366874924,"1pc Stainless Steel Gold Prospecting Carabiner Keychain, Lightweight Durable EDC Key Holder with Split Ring (2 Styles)",43594857021740,ASRO_gold_prospecting_keychains_gold_panner_scale.jpg,Stainless steel gold prospecting carabiner keychain with a split ring (view 3).,79
10264366874924,"1pc Stainless Steel Gold Prospecting Carabiner Keychain, Lightweight Durable EDC Key Holder with Split Ring (2 Styles)",43594856988972,ASRO_gold_prospecting_keychains_gold_panner_infographic.jpg,Stainless steel gold prospecting carabiner keychain with a split ring (view 4).,79
10264366874924,"1pc Stainless Steel Gold Prospecting Carabiner Keychain, Lightweight Durable EDC Key Holder with Split Ring (2 Styles)",43594856956204,ASRO_gold_prospecting_keychains_gold_panner_side_view_detail.jpg,Stainless steel gold prospecting carabiner keychain with a split ring (view 5).,79
10264366874924,"1pc Stainless Steel Gold Prospecting Carabiner Keychain, Lightweight Durable EDC Key Holder with Split Ring (2 Styles)",43594862592300,ASRO_gold_prospecting_keychains_sluice_box_detail.jpg,Stainless steel gold prospecting carabiner keychain with a split ring (view 6).,79
10264366874924,"1pc Stainless Steel Gold Prospecting Carabiner Keychain, Lightweight Durable EDC Key Holder with Split Ring (2 Styles)",43594864591148,ASRO_gold_prospecting_keychains_gold_panner_lifestyle_01.jpg,Stainless steel gold prospecting carabiner keychain with a split ring (view 7).,79
10264366874924,"1pc Stainless Steel Gold Prospecting Carabiner Keychain, Lightweight Durable EDC Key Holder with Split Ring (2 Styles)",43594864165164,ASRO_gold_prospecting_keychains_sluice_box_lifestyle_01.jpg,Stainless steel gold prospecting carabiner keychain with a split ring (view 8).,79
10264366874924,"1pc Stainless Steel Gold Prospecting Carabiner Keychain, Lightweight Durable EDC Key Holder with Split Ring (2 Styles)",43594865246508,ASRO_gold_prospecting_keychains_lifestyle_02.jpg,Stainless steel gold prospecting carabiner keychain with a split ring (view 9).,79
10264366874924,"1pc Stainless Steel Gold Prospecting Carabiner Keychain, Lightweight Durable EDC Key Holder with Split Ring (2 Styles)",43594856923436,ASRO_gold_prospecting_keychains_gold_panner_main_packaging.jpg,Stainless steel gold prospecting carabiner keychain with a split ring (view 10).,80
10264366874924,"1pc Stainless Steel Gold Prospecting Carabiner Keychain, Lightweight Durable EDC Key Holder with Split Ring (2 Styles)",43594858725676,ASRO_gold_prospecting_keychains_sluice_box_main.jpg,Stainless steel gold prospecting carabiner keychain with a split ring (view 11).,80
10314358030636,"Mosquito Net with Mounting Kit Travel Camping Essentials Outdoor Canopy, 94.5 Inches",43958552166700,MN-R2394D_mosquito_net_mounting_kit_scale.jpg,94.5-inch mosquito net canopy with a mounting kit for camping (view 1).,71
10314358030636,"Mosquito Net with Mounting Kit Travel Camping Essentials Outdoor Canopy, 94.5 Inches",43958552232236,MN-R2394D_mosquito_net_mounting_kit_detail6.jpg,94.5-inch mosquito net canopy with a mounting kit for camping (view 2).,71
10314358030636,"Mosquito Net with Mounting Kit Travel Camping Essentials Outdoor Canopy, 94.5 Inches",43958552265004,MN-R2394D_mosquito_net_mounting_kit_loop.jpg,94.5-inch mosquito net canopy with a mounting kit for camping (view 3).,71
10314358030636,"Mosquito Net with Mounting Kit Travel Camping Essentials Outdoor Canopy, 94.5 Inches",43958552297772,MN-R2394D_mosquito_net_mounting_kit_detail3.jpg,94.5-inch mosquito net canopy with a mounting kit for camping (view 4).,71
10314358030636,"Mosquito Net with Mounting Kit Travel Camping Essentials Outdoor Canopy, 94.5 Inches",43958552330540,MN-R2394D_mosquito_net_mounting_kit_detail4.jpg,94.5-inch mosquito net canopy with a mounting kit for camping (view 5).,71
10314358030636,"Mosquito Net with Mounting Kit Travel Camping Essentials Outdoor Canopy, 94.5 Inches",43958552363308,MN-R2394D_mosquito_net_mounting_kit_detail5.jpg,94.5-inch mosquito net canopy with a mounting kit for camping (view 6).,71
10314358030636,"Mosquito Net with Mounting Kit Travel Camping Essentials Outdoor Canopy, 94.5 Inches",43958552396076,MN-R2394D_mosquito_net_mounting_kit_detail2.jpg,94.5-inch mosquito net canopy with a mounting kit for camping (view 7).,71
10314358030636,"Mosquito Net with Mounting Kit Travel Camping Essentials Outdoor Canopy, 94.5 Inches",43958552428844,MN-R2394D_mosquito_net_mounting_kit_detail1.jpg,94.5-inch mosquito net canopy with a mounting kit for camping (view 8).,71
10340913053996,5pc Metal Detecting Tools Kit with Drawstring Backpack (3 Colors),44025430573356,asr-5pc-metal-detect-kit-black23-main-pl.jpg,5-piece metal detecting tools kit with a drawstring backpack (view 1).,70
10340913053996,5pc Metal Detecting Tools Kit with Drawstring Backpack (3 Colors),44025443647788,ASR_5pc_metal_detect_kit_black_scale_pl.jpg,5-piece metal detecting tools kit with a drawstring backpack (view 2).,70
10340913053996,5pc Metal Detecting Tools Kit with Drawstring Backpack (3 Colors),44025430769964,asr-5pc-metal-detect-kit-green-main-pl.jpg,5-piece metal detecting tools kit with a drawstring backpack (view 3).,70
10340913053996,5pc Metal Detecting Tools Kit with Drawstring Backpack (3 Colors),44025443713324,ASR_5pc_metal_detect_kit_green_scale_pl.jpg,5-piece metal detecting tools kit with a drawstring backpack (view 4).,70
10340913053996,5pc Metal Detecting Tools Kit with Drawstring Backpack (3 Colors),44025431064876,asr-5pc-metal-detect-kit-orange-main2-pl.jpg,5-piece metal detecting tools kit with a drawstring backpack (view 5).,70
10340913053996,5pc Metal Detecting Tools Kit with Drawstring Backpack (3 Colors),44025443746092,ASR_5pc_metal_detect_kit_orange_scale_pl.jpg,5-piece metal detecting tools kit with a drawstring backpack (view 6).,70
10340913053996,5pc Metal Detecting Tools Kit with Drawstring Backpack (3 Colors),44025448792364,BG-210DSB-BK_drawstring_logo_detail1_PL_24082df4-d54d-42bf-a1be-cd3a37c4958f.jpg,5-piece metal detecting tools kit with a drawstring backpack (view 7).,70
10340913053996,5pc Metal Detecting Tools Kit with Drawstring Backpack (3 Colors),44025448726828,BG-210DSB-BK_drawstring_logo_detail5_PL_1_cf268c0d-a59f-4f43-a735-9f37d0c49af5.jpg,5-piece metal detecting tools kit with a drawstring backpack (view 8).,70
10340913053996,5pc Metal Detecting Tools Kit with Drawstring Backpack (3 Colors),44025448759596,BG-210DSB-BK_drawstring_logo_scale_PL_23e47afb-fcc7-4466-a121-35ac83d32235.jpg,5-piece metal detecting tools kit with a drawstring backpack (view 9).,70
10340913053996,5pc Metal Detecting Tools Kit with Drawstring Backpack (3 Colors),44025449546028,BG-210DSB-BK_drawstring_logo_lifestyle1_PL.jpg,5-piece metal detecting tools kit with a drawstring backpack (view 10).,71
10340913053996,5pc Metal Detecting Tools Kit with Drawstring Backpack (3 Colors),44025449578796,BG-210DSB-BK_drawstring_logo_lifestyle2_PL_ad6d2ae3-11f8-40d0-b0e8-4b8af5a08e46.jpg,5-piece metal detecting tools kit with a drawstring backpack (view 11).,71
10340913053996,5pc Metal Detecting Tools Kit with Drawstring Backpack (3 Colors),44025451905324,ASRO_black_hand_trowel_lifestyle_01_fc5ec29e-b03c-4820-b7d6-957cc4da66ca.png,5-piece metal detecting tools kit with a drawstring backpack (view 12).,71
10340913053996,5pc Metal Detecting Tools Kit with Drawstring Backpack (3 Colors),44025453412652,ASRO_orange_hand_trowel_infographic_01_a6849a0b-ed8e-4f0e-a256-c95c8cd4dbbc.png,5-piece metal detecting tools kit with a drawstring backpack (view 13).,71
10340913053996,5pc Metal Detecting Tools Kit with Drawstring Backpack (3 Colors),44025453347116,ASRO_orange_hand_trowel_infographic_02_808a5b2d-b93b-4bd2-a3fb-8cbff0300e1a.png,5-piece metal detecting tools kit with a drawstring backpack (view 14).,71
10340913053996,5pc Metal Detecting Tools Kit with Drawstring Backpack (3 Colors),44025453379884,ASRO_orange_hand_trowel_infographic_03_94345307-6adb-4445-a4c2-ee910b568739.png,5-piece metal detecting tools kit with a drawstring backpack (view 15).,71
10340913053996,5pc Metal Detecting Tools Kit with Drawstring Backpack (3 Colors),44025454297388,ASRO_orange_hand_trowel_scale_f0c8ffef-02a9-4ed2-acdf-40a1a384eaaf.png,5-piece metal detecting tools kit with a drawstring backpack (view 16).,71
10340913053996,5pc Metal Detecting Tools Kit with Drawstring Backpack (3 Colors),44025456820524,blk1_573168d5-4828-4149-a88c-119ead0601ea.jpg,5-piece metal detecting tools kit with a drawstring backpack (view 17).,71
10340913053996,5pc Metal Detecting Tools Kit with Drawstring Backpack (3 Colors),44025457541420,grn1_19dd8d09-d1b3-4468-99d4-c1f572f4c48b.jpg,5-piece metal detecting tools kit with a drawstring backpack (view 18).,71
10340913053996,5pc Metal Detecting Tools Kit with Drawstring Backpack (3 Colors),44025457934636,org1_5009e111-7c08-4dd6-8d7e-891a9e4c3ec1.jpg,5-piece metal detecting tools kit with a drawstring backpack (view 19).,71
10340913053996,5pc Metal Detecting Tools Kit with Drawstring Backpack (3 Colors),44025460326700,GP3-SS20_Green_Sand_Scoop_Stock4_d39e9710-6ab9-4f1a-9da3-30bf5eb2a73d.jpg,5-piece metal detecting tools kit with a drawstring backpack (view 20).,71
10340913053996,5pc Metal Detecting Tools Kit with Drawstring Backpack (3 Colors),44025460556076,GP3-SS20BK_Black_Scoop_Stock1_1e602379-c849-4740-8df3-e9436d4c3cf2.jpg,5-piece metal detecting tools kit with a drawstring backpack (view 21).,71
10340913053996,5pc Metal Detecting Tools Kit with Drawstring Backpack (3 Colors),44025460752684,GP3-SS20OR_Orange_Scoop_Stock1_37156499-3e2d-4c45-b641-d1126dd990e6.jpg,5-piece metal detecting tools kit with a drawstring backpack (view 22).,71
