numeric_id,title,old_product_type,new_product_type,old_seo_description,new_seo_description,new_desc_chars,old_image_alt,new_image_alt,image_alt_changed,weak_source,status
8406498541868,"24pc Deluxe 50 Inch Aluminum Folding Sluice Box Gold Panning Kit with 30L Backpack","Gold Panning","Gold Panning","Backpack Sluice Box Gold Prospecting Kit","Complete 24-piece gold panning kit with a rust-free 50-inch folding aluminum sluice box, gold pans, vials, and tools in a 30L canvas backpack.",142,"deluxe expert gold panning kit with 50in sluice box","24-piece deluxe gold panning kit with a 50-inch folding aluminum sluice box, gold pans, and a 30L canvas backpack.",1,0,ok
8461244170540,"20oz Rock Pick Mining Hammer, 11-inch Pointed Tip Gold Prospectors Tool","Gold Panning","Gold Panning","20oz rock pick hammer 20oz geology mining tool rock hounding fossil digging gold prospecting masonry brick hammer construction contractor german nail stump game octoberfest hammerschlagen","Forged single-piece steel rock pick hammer with a 20oz head, 11.5-inch length, and anti-shock grip. Pointed pick and square face for prospecting.",145,"A silver-colored dual sided geology rock pick hammer with a pointed tip and rubberized grip handle, isolated on a white background.","20oz rock pick mining hammer with an 11.5-inch pointed tip and rubberized anti-shock grip for gold prospecting.",1,0,ok
8461244367148,"Multi Riffle Plastic Sluice Box Gold Prospecting Equipment, Green","Gold Panning","Gold Panning","Portable Backpack Gold Panning Sluice Box","Lightweight 30-inch ABS plastic gold sluice box with four molded riffle designs and a 10-inch channel. Rust-proof, portable, high-yield recovery.",145,"A 32-inch four riffle plastic sluice box for gold prospecting, colored in green with a black shoulder strap.","Green plastic multi-riffle gold sluice box with a flared mouth for gold prospecting.",1,0,ok
8461244793132,"7pc Beginner Sluice Box Gold Panning Kit with Gold Prospecting Equipment (Aluminum or Plastic)","Gold Panning","Gold Panning","ASR Outdoor Sluice Box Gold Prospecting Kit Pan Vial Snifter Trowel Tweezer 7pc","Beginner gold panning kit with a riffle sluice box, 10-inch gold pan, snuffer bottle, vial, trowel, loupe, and tweezers. Choose aluminum or plastic.",148,"7 piece gold panning sluice box kit with 50 inch sluice box","7-piece beginner gold panning sluice box kit with a gold pan, snuffer bottle, vials, and prospecting tools.",1,0,ok
8491279384876,"ASR Outdoor X Pan for Gold with Bobby Bo 3oz Beginner Paydirt Gold Panning Kit, 6pc","Gold Panning","Gold Panning",,"Beginner 6-piece gold panning kit with 3oz of Bobby Bo paydirt, a 10-inch dual riffle pan, snuffer bottle, and glass vials. Practice prospecting at home.",153,"beginner paydirt for gold panning kit with glass vials, snuffer bottle","6-piece beginner gold panning kit with a dual riffle pan, snuffer bottle, vials, and 3oz of Bobby Bo paydirt.",1,0,ok
8491328143660,"24pc Gold Panning Kit with 5 Gallon Bucket and 10lb Pan for Gold with Bobby Bo Paydirt (2 Colors)","Gold Panning","Gold Panning",,"24-piece gold panning kit with 10lb Bobby Bo paydirt, a 5-gallon bucket, three dual-riffle gold pans, classifier screens, and full recovery tools.",146,"24pc gold panning kit with 5 gallon bucket and 10lbs of gold paydirt from bobbybo","24-piece gold panning kit with a 5-gallon bucket, gold pans, classifier screens, and 10lb of Bobby Bo paydirt.",1,0,ok
8491384897836,"7pc Kids Starter Gold Panning Kit Beginner Prospecting Equipment with Paydirt (3 Colors)","Gold Panning","Gold Panning",,"7-piece kids and beginners gold panning kit with a dual riffle pan, classifier, vial, snifter, magnifier, and 3oz of Pacific Northwest Bobby Bo paydirt.",152,"beginner gold paydirt kit for kids beginners 7 piece","7-piece kids gold panning starter kit with a dual riffle pan, classifier, magnifier, and Bobby Bo paydirt.",1,0,ok
8491401380140,"ASR Outdoor Gold Panning Paydirt 1LB Advanced Bag Gold Prospecting Concentrate Flakes (Green or Black)","Gold Panning","Gold Panning",,"Advance your gold panning at home with this 1lb bag of unclassified Bobby Bo paydirt: a mix of small and large gold plus black sand for tougher practice.",153,"gold panning paydrt 1lb for advanced gold panners more heavy material to make finding gold more challenging","1lb bag of unclassified Bobby Bo advanced gold panning paydirt concentrate.",1,0,ok
8493498204460,"ASR Outdoor 6pc Gold Panning Kit with 1lbs Bobby Bo Intermediate Unclassified Paydirt Bag (Green or Black)","Gold Panning","Gold Panning",,"Intermediate 6-piece gold panning kit with 1lb of unclassified Bobby Bo paydirt and a finishing pan. Build your panning skills at home in green or black.",153,"7pc gold panning with 1lb of practice gold paydirt meant for beginners","6-piece gold panning kit with a 1lb bag of unclassified Bobby Bo intermediate paydirt and a finishing pan.",1,0,ok
8493515178284,"ASR Outdoor Beginner Gold Panning Kit with 1LB Guaranteed Gold Paydirt (3 Colors), 6pc","Gold Panning","Gold Panning",,"Beginner 6-piece gold panning kit with 1lb of pre-classified Bobby Bo paydirt. Coarse, easy-to-spot gold helps new prospectors learn to pan at home.",148,"guaranteed gold paydirt kit with tools","6-piece beginner gold panning kit with a 1lb bag of pre-classified Bobby Bo gold paydirt.",1,0,ok
8493529727276,"Dual Riffle Gold Pans Gold Prospecting Equipment (3 Colors and Sizes)","Gold Panning","Gold Panning",,"Dual-riffle gold pan with deep and shallow walls for fast recovery of fine and coarse gold. Lightweight, rust-free ABS in 8, 10, 12, and 14-inch sizes.",151,"dual riffle gold pans prospecting tool with 3 colors","Dual riffle gold pan with deep and shallow riffle walls for gold prospecting, in multiple sizes.",1,0,ok
8493540180268,"17pc Complete Backpack Sluice Box Gold Panning Kit with 10lb Bobby Bo Intermediate Gold Paydirt (3 Colors)","Gold Panning","Gold Panning",,"Complete 17-piece prospecting kit with a 50-inch folding aluminum sluice box, full recovery tools, and 10lb of Bobby Bo intermediate paydirt in a backpack.",155,"10lbs of gold paydirt in a gold panning kit that includes all of the tools needed to pan for gold","17-piece backpack gold panning kit with a 50-inch folding aluminum sluice box and 10lb of Bobby Bo paydirt.",1,0,ok
8493678985516,"15pc Travel Backpack Gold Panning Kit with Mini Sluice Box and 3lb Gold Bobby Bo Paydirt (2 Styles)","Gold Panning","Gold Panning",,"Portable 15-piece gold panning kit with a mini rubber sluice box, recovery tools, and 3lb of Bobby Bo paydirt. Practice sluicing at home or in the field.",153,"15pc complete gold panning kit with backpack and mini sluice box and 3lbs of gold paydirt gauranteed gold","15-piece travel gold panning kit with a mini rubber sluice box, tools, and 3lb of Bobby Bo paydirt.",1,0,ok
8495190245676,"5pc Beginners Gold Panning Kit with Pan, Glass Vials, Snifter Bottle, Magnifying Tweezers","Gold Panning","Gold Panning",,"Beginner 5-piece gold panning kit with a 10-inch dual riffle pan, snuffer bottle, two glass vials, and magnifying tweezers. Ready for your local river.",151,"5pc beginner kit with gold pan, glass vials, snifter bottle, and magnifying tweezers","5-piece beginner gold panning kit with a dual riffle pan, snuffer bottle, glass vials, and magnifying tweezers.",1,0,ok
8495198667052,"14pc Backpack Gold Panning Kit with Mini Sluice Boxes (2 Styles)","Gold Panning","Gold Panning",,"Field-ready 14-piece gold panning kit with a 12-inch mini sluice box, dual riffle pans, scoop, vials, and tweezers. Aluminum or rubber sluice, no assembly.",155,"gold panning kit with mini sluice box and backpack","14-piece backpack gold panning kit with a 12-inch mini sluice box, dual riffle pans, and recovery tools.",1,0,ok
8495203287340,"50 Inch Aluminum Folding Gold Sluice Box Prospecting Equipment","Gold Panning","Gold Panning",,"50-inch folding aluminum gold sluice box with zinc-plated steel riffles and pre-installed miner's moss. Folds compact to backpack into remote prospecting sites.",160,"collapsible folding 50 inch sluice box gold prospecting lightweight equipment","50-inch folding aluminum gold sluice box with steel riffles and pre-installed miners moss.",1,0,ok
8502255157548,"Stackable 5 Gallon Bucket Classifier Screens Sifting Sieves (Many Sizes)","Gold Panning","Gold Panning",,"Stackable 5-gallon bucket classifier screens with 304 stainless mesh from 1/2 to 1/30-inch. Sift and sort paydirt for higher-yield gold recovery.",145,"5 piece gold rock classifiers for sifting material","Stackable 5-gallon bucket classifier screens with stainless steel mesh for sifting gold paydirt.",1,0,ok
8502335045932,"Large Gold Panning Prospector's Sand Scoop Hand Trowel (4 Colors)","Gold Panning","Gold Panning",,"Heavy-duty plastic sand scoop for gold panning and metal detecting. Non-metallic so it won't rust or trigger false signals, in bright, long-lasting colors.",155,"prospecting sand scooper made of heavy duty plastic and compatible with gravel, sand, and dirt","Large plastic gold panning sand scoop hand trowel with an etched depth gauge.",1,0,ok
8502378823980,"Small Stackable 6 Inch Classifier Screen Sifting Sieves, Assorted Stainless Steel Mesh Sizes","Gold Panning","Gold Panning",,"Stackable 6-inch classifier screens with 304 stainless mesh from 4 to 40 holes per inch. Lightweight at 0.24lb each, ideal for packing and panning light.",153,"mini classifier set for gold prospecting or sifting material dirt sand gold","Stackable 6-inch classifier sifting screens with assorted stainless steel mesh sizes for gold panning.",1,0,ok
8502395011372,"Mini Portable Aluminum Sluice Box with Rubber Matting Gold Prospecting Equipment, 12 Inch","Gold Panning","Gold Panning",,"Compact 12-inch aluminum mini sluice box with V-shape rubber matting and wing-nut setup. No tools or assembly, packs into a backpack for field prospecting.",155,"12inch mini sluice box with rubber matting gold prospecting gear","12-inch portable aluminum mini sluice box with V-shape rubber matting for gold prospecting.",1,0,ok
8502409855276,"Mini Portable 3 Riffle Rubber Sluice Box Gold Prospecting Equipment, 12 Inch","Gold Panning","Gold Panning",,"Pocket-sized 12-inch rubber sluice box with three riffle patterns (Hungarian, V-shape, square) to trap fine gold from tailings and concentrate. Packs anywhere.",159,"small pocket sluice box for gold panning","12-inch portable rubber pocket sluice box with three riffle patterns for fine gold recovery.",1,0,ok
8502466216236,"8.5 inch Large Plastic Sand Scoop for Metal Detector Treasure Hunting (3 Colors)","Gold Panning","Gold Panning",,"Heavy-duty plastic sand scoop for metal detecting, with 78 half-inch holes to sift sand and rocks fast. Ideal for beach and riverbed treasure hunting.",150,"large plastic sand scoop scooper for metal detecting treasure hunting","8.5-inch large plastic sand scoop with sifting holes for metal detecting and beach treasure hunting.",1,0,ok
8502535192876,"16pc Beginner Geology Rock Hounding Kit with Mining Tools and Tool Bag","Rock Hounding","Rock Hounding",,"Beginner rock hounding kit with a 20oz geology hammer, mining tools, and a carry bag for gem and fossil hunting. Everything to break, sort, and examine finds.",158,"Chisel set with rock hounding backpack","Beginner geology rock hounding kit with a 20oz rock pick hammer, mining tools, and a carry bag.",1,0,ok
8502573924652,"3oz Plastic Heavy Duty Gold Snifter Bottle with Squeeze Nozzle (Multi-Packs)","Gold Panning","Gold Panning",,"Heavy-duty 3oz gold snifter bottle that suctions fine gold and nuggets from your pan into a glass vial. Squeeze-nozzle design, in 1 to 10-packs.",144,"snifter bottle snuffer bottle multiple in a pack geology science equipment","3oz heavy-duty plastic gold snifter bottle with a squeeze nozzle for fine gold recovery.",1,0,ok
8502621208876,"Large Rubber Riffled Sluice Box Matting for Gold Recovery, 27 x 10 inch","Gold Panning","Gold Panning",,"Flexible 27 x 10-inch TPR rubber sluice box matting with three riffle patterns for gold recovery. Rolls up to rinse concentrate and wont stiffen in cold.",153,"Rubber Sluice Mat V grooved mat gold panning","27 x 10-inch rubber riffled sluice box matting with three riffle patterns for gold recovery.",1,0,ok
8502631498028,"20pc Mini Pocket Sluice Box with 3.5 Gallon Bucket Gold Panning Kit (2 Styles)","Gold Panning","Gold Panning",,"Complete 20-piece gold panning kit with a 12-inch rubber sluice box, 3.5-gallon bucket, and classifier screens for start-to-finish processing.",142,"20pc mini sluice box kit with 5 gallon bucket to catch gold","20-piece gold panning kit with a 12-inch rubber pocket sluice box and a 3.5-gallon bucket.",1,0,ok
8502674391340,"13pc Portable Gold Panning Kit with Collapsible Bucket, Mini Aluminum Sluice Box and 30L Backpack (4 Colors)","Gold Panning","Gold Panning",,"Portable 13-piece gold panning kit with a mini aluminum sluice box, collapsible bucket, gold pans, and tools in a 30L backpack. Everything to pan in the field.",159,,"13-piece portable gold panning kit with a mini aluminum sluice box, collapsible bucket, and 30L backpack.",1,0,ok
8504355389740,"10pc Beginner Gold Panning Kit Gold Prospecting Equipment (3 Colors)","Gold Panning","Gold Panning",,"Beginner 10-piece gold panning kit with tools to identify, clean, and collect gold flakes, nuggets, and flour in the field. A complete starter set.",147,"10pc gold panning starter set kit gold prospecting tools for beginners","10-piece beginner gold panning kit with gold pans and prospecting recovery tools.",1,0,ok
8504457167148,"4x Magnification Steel Magnifying Tweezers Gold Prospecting Equipment, 1 Pair","Gold Panning","Gold Panning",,"Stainless steel magnifying tweezers with a 4x optical glass lens and fine needle points for inspecting gold, gems, and minerals. Folds compact for travel.",154,"A pair of silver-colored stainless steel magnifying tweezers with a 1 inch diameter optical quality glass lens.","Stainless steel magnifying tweezers with a 4x glass lens for inspecting gold, gems, and minerals.",1,0,ok
8517567316268,"10 Inch Traditional Single Riffle Standard Gold Pan (3 Colors)","Gold Panning","Gold Panning",,"Traditional 10-inch single-riffle gold pan in high-contrast colors for spotting fine gold. Lightweight, rust-free ABS that floats. A classic panning design.",156,"three gold pan color variations: green, purple and black","10-inch traditional single-riffle gold pan in high-contrast colors for gold panning.",1,0,ok
8517589303596,"14 Inch Traditional Large Single Ridge Riffle Finishing Gold Pan with Water Guide (2 Colors)","Gold Panning","Gold Panning",,"Large 14-inch single-riffle finishing gold pan with a water guide for working bigger deposits. High-contrast green or black to spot fine gold, in rust-free ABS.",160,"prospectors pan 14 inch riffled gold pan with water guide","14-inch single-ridge-riffle finishing gold pan with a water guide for gold recovery.",1,0,ok
8517722669356,"3mL Gold Panning Precision Plastic Dropper Pipettes 5.5 Inch (Multiple Pack Sizes)","Gold Panning","Gold Panning",,"Precision 5.5-inch 3mL plastic dropper pipettes for drawing and dispensing fine gold and liquids while panning. Non-toxic with graduation markers.",146,"Three clear, 3mL precision plastic dropper pipettes, approximately 5.5 inches in length, with visible graduation markers.","3mL plastic dropper pipettes, 5.5 inches long, for precision gold panning.",1,0,ok
8517884444972,"50 Inch Aluminum Folding Sluice Box Backpack Kit Gold Prospecting Equipment (4 Colors)","Gold Panning","Gold Panning",,"50-inch folding aluminum gold sluice box paired with a 30L canvas backpack. Locks rigid in the stream and folds compact to pack into remote prospecting sites.",158,"50 inch folding sluice box with outdoor backpack","50-inch folding aluminum gold sluice box with a 30L canvas backpack for gold prospecting.",1,0,ok
8521682682156,"ASR Outdoor Black Drawstring Backpack Gym Bag Hiking Gear, 20 x 16 Inches","Gold Panning","Gold Panning",,"Lightweight 20 x 16-inch drawstring backpack for hiking, camping, gym, and travel. Spacious top-loading cinch bag that carries gear without weighing you down.",158,"simple black drawstring bag","Black drawstring cinch backpack, 20 x 16 inches, for hiking, gym, and travel.",1,0,ok
8521704636716,"30L Heavy Stitch Gold Panning Backpack Camping Gear Canvas Rucksack (4 Colors)","Gold Panning","Gold Panning",,"Durable 30L canvas rucksack built for gold panning, camping, and hiking gear. Heavy-stitched, large-capacity backpack made to handle rough field use.",149,,"30L heavy-stitched canvas gold panning backpack rucksack for camping and hiking gear.",1,0,ok
8521725116716,"7pc Classic Field Beginner Gold Panning Kit with Dual Riffle Gold Pans (2 Colors)","Gold Panning","Gold Panning",,"Classic 7-piece gold panning kit with two dual-riffle pans, magnifying tweezers, and three glass vials. A field-ready starter set for beginners and pros.",153,"The image shows two green dual riffle gold pans and a pair of magnifying tweezers, which are part of the ASR Outdoor classic field gold panning kit.","7-piece classic beginner gold panning kit with two dual riffle pans, tweezers, and glass vials.",1,0,ok
8521740910892,"4pc Dual Riffle Gold Pan Set Gold Prospecting Equipment (2 Colors)","Gold Panning","Gold Panning",,"Four-piece dual-riffle gold pan set with micro and deep riffle zones for efficient recovery. Great for family riverbed panning or advanced prospecting trips.",157,"set of 4 gold pans dual riffle gold pans heavy duty plastic bundle","4-piece dual riffle gold pan set with micro and deep riffle zones for gold recovery.",1,0,ok
8521749922092,"14pc Beginner Finishing Gold Prospecting Equipment Gold Panning Kit, Black","Gold Panning","Gold Panning",,"Beginner 14-piece gold panning kit with a 10-inch black single-riffle pan, twelve glass vials, and magnifying tweezers for locating and storing your finds.",155,"14pc finishing gold pan prospecting equipment used to find real gold","14-piece beginner finishing gold panning kit with a black single-riffle gold pan, vials, and tweezers.",1,0,ok
8521757655340,"11pc Complete Gold Panning Kit with Classifier Screens, Gold Pans and Prospecting Tools, Green","Gold Panning","Gold Panning",,"11-piece gold panning kit with two classifier screens, three dual-riffle pans, a magnetic separator, scoop, snifter, and tweezers. Sift, recover, and store.",156,"gold prospecting kit with gold pan set of 3 easy way to get gold","11-piece gold panning kit with classifier screens, dual riffle pans, a magnetic separator, and tools.",1,0,ok
8521778561324,"Magnetic Pick Up Tool - Gold Prospecting Black Sand Separator Magnet with Quick Release Handle (2 Sizes)","Gold Panning","Gold Panning",,"Magnetic pick-up tool that separates black sand and iron from your concentrate, with 8lb or 16lb pull and a quick-release handle. Speeds up gold cleanup.",153,"portable gold panning compact magnetic pickup tool magnet","Magnetic black sand separator pick-up tool with a quick-release handle for gold prospecting cleanup.",1,0,ok
8521788588332,"2 Inch Natural Testing Stone Prospecting Tools, Black","Gold Panning","Gold Panning",,"Natural 2-inch testing stone for gold panning and jewelry making. Check whether metal is precious and test karat content (use with solution and needles).",153,"A black, rectangular testing stone used for prospecting and determining the precious metal content of a metal.","2-inch natural black testing stone for checking precious metals while gold panning.",1,0,ok
8521825714476,"19pc Ultimate Gold Panning Kit with Classifier Screens, Gold Pans, Rock Pick","Gold Panning","Gold Panning",,"Complete 19-piece gold panning kit with classifier screens, gold pans, a rock pick, and storage vials. Sort, classify, and store finds at any skill level.",154,,"19-piece gold panning kit with classifier screens, gold pans, a rock pick, and storage vials.",1,0,ok
8521842229548,"Miners Moss Sluice Box Matting for Gold Prospecting (Multiple Sizes and Colors)","Gold Panning","Gold Panning",,"Woven vinyl miners moss sluice box matting with thousands of gold traps for high recovery. Cut to fit any sluice box, in 12 x 36 and 24 x 36-inch sizes.",152,"Rolls of Miners Moss Sluice Box Matting in green, gray, and blue colors, typically used for gold prospecting.","Woven vinyl miners moss sluice box matting for trapping gold, in multiple sizes.",1,0,ok
8521873916204,"Aluminum Sluice Box with Rubber TPR Riffle Matting, Gold Prospecting Equipment, 34 Inch","Gold Panning","Gold Panning",,"Lightweight 34-inch aluminum sluice box with precut TPR rubber matting and three riffle traps. Easy to deploy in the field for high-yield gold recovery.",152,"34 inch alumninum sluice box with rubber matting tpr riffle mat gold prospecing panning equipment","34-inch aluminum gold sluice box with precut TPR rubber riffle matting for gold recovery.",1,0,ok
8521901801772,"2 in 1 Metal Detector Sand Scoop with Built-in Steel Probe, Black","Gold Panning","Gold Panning",,"Two-in-one plastic sand scoop with a built-in steel probe for metal detecting and gold panning. Dig, sift, and pinpoint targets in sand and riverbed gravel.",156,"A black plastic gold panning shovel with a built-in steel probe handle and a detachable metal part.","Black 2-in-1 plastic sand scoop with a built-in steel probe for metal detecting and gold panning.",1,0,ok
8521944531244,"22pc Complete Finishing Gold Panning Kit with Rock Pick Hammer, Green","Gold Panning","Gold Panning",,"Complete 22-piece finishing gold panning kit with a rock pick hammer, classifier screen, gold pan, snuffer bottles, vials, and tweezers. Recover, clean, store.",159,"24pc full gold panning kit includes dual riffle pans magnet snifter bottles deep stack classifier and rock hammer pick","22-piece finishing gold panning kit with a rock pick hammer, gold pan, and recovery tools, in green.",1,0,ok
8521946104108,"27 Inch Compact Aluminum Sluice Box with Flared Mouth Gold Prospecting Equipment","Gold Panning","Gold Panning",,"Compact 27-inch aluminum sluice box with a flared mouth and four gold-trapping layers, including miners moss and steel riffles. Ready to run out of the box.",156,"A 27 inch compact aluminum sluice box with flared mouth, featuring layers of gold trapping material and a blue shoulder strap.","27-inch compact aluminum gold sluice box with a flared mouth and layered gold-trapping material.",1,0,ok
8521959866668,"Green Gold Rush Lightweight Hand Scoop Trowel Gold Prospecting Equipment","Gold Panning","Gold Panning",,"Lightweight green gold panning scoop with a 2-cup capacity, etched depth gauge, and ridged handle. An essential digging and scooping tool for prospecting.",154,"hand trowel heavy duty gold panning hand scoop","Green lightweight gold panning hand scoop trowel with an etched depth gauge.",1,0,ok
8521967042860,"5lbs Magnetic Black Sand Steel Pocket Separator Pen Pick Up Tool","Gold Panning","Gold Panning",,"Pocket magnetic separator pen with 5lb pull to lift black sand and iron from your concentrate. Stainless steel and water-resistant for fast gold cleanup.",153,"black sand 5lb magnet used for gold prospecting magnet pen","5lb magnetic black sand pocket separator pen for separating gold from concentrate.",1,0,ok
8521979887916,"Heavy Duty Collapsable Magnetic Prospectors Pick Axe Gold Prospecting Equipment, Silver","Gold Panning","Gold Panning",,"Collapsible 18.75-inch magnetic prospectors pick axe with two 15lb magnets to lift iron as you dig. Folds to a 10-inch length with a nylon carry case.",150,"A silver collapsible magnetic prospectors pick axe with a knurled aluminum handle, stainless steel head, and black grip sleeve, displayed in its entirety with a focus on the head.","Collapsible magnetic prospectors pick axe in silver with a nylon carry case for gold prospecting.",1,0,ok
8521988899116,"12.5 Inch Riffled Edge Prospector's Sand Scoop Gold Prospecting Equipment, Green","Gold Panning","Gold Panning",,"Green 12.5-inch sand scoop with a beveled edge and eight built-in riffles that catch gold as you dig. A lightweight alternative to hauling a full sluice box.",157,"gold rush proscpecting sand scoop with riffled edge","Green 12.5-inch prospectors sand scoop with built-in riffles for catching gold while digging.",1,0,ok
8522010329388,"21pc Folding 50 Inch Aluminum Sluice Box Gold Panning Kit with Gold Recovery Prospecting Tools","Gold Panning","Gold Panning",,"21-piece gold panning kit with a 50-inch folding aluminum sluice box, classifier screen, and recovery tools. Rust-free and ready to process material.",149,,"21-piece gold panning kit with a 50-inch folding aluminum sluice box and recovery tools.",1,0,ok
8522103718188,"21pc Testing and Finishing Gold Panning Kit with Tool Box","Gold Panning","Gold Panning",,"21-piece testing and finishing gold panning kit in a tool box, with a dual riffle pan, testing stone, mini crucible, snuffer bottles, vials, and tweezers.",154,"gold recovery collecting kit test gold quality melting crucible","21-piece testing and finishing gold panning kit with a dual riffle pan and tools in a tool box.",1,0,ok
8522154967340,"10L Collapsible Silicone Bucket Gold Prospecting Equipment","Gold Panning","Gold Panning",,"Collapsible 10L silicone bucket for gold prospecting that pairs with classifier screens to sift material. Folds flat to pack and has a sturdy carry handle.",155,"10 liter collapsible bucket gold prospecting kit with classifiers","10L collapsible silicone bucket for sifting and classifying gold prospecting material.",1,0,ok
8522216636716,"3.5 or 5 Gallon White Heavy Duty Bucket with Handle Gold Prospecting Equipment","Gold Panning","Gold Panning",,"Heavy-duty white HDPE prospecting bucket in 3.5 or 5 gallon sizes. Pairs with classifier screens for collecting and sorting raw material out in the field.",154,"5 gallon bucket white","White heavy-duty 3.5 or 5-gallon bucket with handle for gold prospecting material.",1,0,ok
8525101793580,"4oz Gold Snifter Bottle Squeeze Snuffer for Fine Gold Recovery and Gold Panning (Assorted Pack Sizes)","Gold Panning","Gold Panning",,"4oz gold snifter bottle that suctions fine gold flakes, dust, and nuggets from your pan. Squeeze and release for precise recovery, in 1 to 10-packs.",148,"A white plastic snifter snuffer bottle with a squeeze nozzle, featuring the ASR Outdoor logo.","4oz gold snifter squeeze bottle for fine gold recovery while gold panning.",1,0,ok
8525173948716,"16pc Traditional Sluice Box Finishing Gold Panning Kit with Classifier Screens, Green","Gold Panning","Gold Panning",,"16-piece finishing gold panning kit with a lightweight plastic sluice box, classifier screens, and recovery tools. Shoulder strap carries it to river or beach.",159,"16pc gold panning kit find gold pans sluice box classifiers","16-piece finishing gold panning kit with a plastic sluice box and classifier screens, in green.",1,0,ok
8571037516076,"40pc Deluxe Geology Rock Hounding Kit with Mining Tools and Musette Tool Bag","Rock Hounding","Rock Hounding",,"Deluxe rock hounding kit with a 20oz forged geology hammer, mining tools, and a musette bag for gem and fossil hunting. Break, sort, clean, and examine finds.",158,"A comprehensive set of rock hounding tools including a hammer, gloves, magnifying loupe, goggles, brushes, classifier sieve, snifter bottle, plastic baggies, tweezers, chisel, aluminum containers, and a yellow and green nylon tote bag.","Deluxe geology rock hounding kit with a 20oz rock pick hammer, mining tools, and a musette bag.",1,0,ok
8571177402668,"3 in 1 Black Trifold Steel Multipurpose Serrated Shovel Pick and Saw with Storage Case, 22 Inch","Gold Panning","Gold Panning",,"Trifold steel 3-in-1 shovel, pick, and saw with serrated edges and an oversized grip. Folds to a 9.5-inch length with a canvas pouch for the field.",147,"black trifold steel serrated shovel pick axe","22-inch black trifold steel 3-in-1 shovel, pick, and saw with a storage case.",1,0,ok
8571261387052,"HRC Steel Shovel with Knurled Wooden Handle Gold Prospecting Equipment, 28.25 Inch","Gold Panning","Gold Panning",,"Heavy-duty 28-inch steel shovel with a 45 HRC round head and knurled wooden handle for gold prospecting and metal detecting. Built to dig sand, dirt, and rock.",159,"A black steel shovel with a knurled wooden handle, suitable for gold prospecting and gardening.","28-inch steel shovel with a knurled wooden handle for gold prospecting and metal detecting.",1,0,ok
8571326300460,"Magnifying Tweezer and Glass Collection Vials Set Gold Panning Accessories, 5pc","Gold Panning","Gold Panning",,"5-piece set of stainless steel magnifying tweezers with a 4x lens and glass collection vials for inspecting and storing gold, gems, and minerals while panning.",159,"A set of gold panning accessories including a pair of magnifying tweezers and four glass collection vials with screw tops.","5-piece set of magnifying tweezers and glass collection vials for gold panning.",1,0,ok
8571407565100,"3 in 1 Black Mini Folding Serrated Edge Shovel Pick and Saw Gold Prospecting Equipment, 16 Inches","Gold Panning","Gold Panning",,"Mini 3-in-1 folding shovel with a pick and serrated saw edge. Folds to a 6-inch length with a carry case, packing easily with gold panning gear.",144,"A black mini folding shovel with serrated edge and pick, extended and folded, with a rubber handle.","16-inch black mini folding 3-in-1 shovel, pick, and saw for gold prospecting and rock hounding.",1,0,ok
8644958716204,"19pc Complete Fine Gold Recovery Kit Gold Prospecting Equipment with Mini Funnel","Gold Panning","Gold Panning",,"Complete 19-piece fine gold recovery kit with pipettes, snuffer bottles, tweezers, vials, a pocket scale, and a mini funnel in a drawstring backpack.",149,"gold panning recovery kit with snifter bottles magnets glass vials gold scale","19-piece fine gold recovery kit with pipettes, snuffer bottles, tweezers, and a mini funnel.",1,0,ok
8791674552620,"14pc Portable Gold Panning Kit with Stackable Plastic Sifting Screens, Drawstring Backpack and Gold Prospecting Equipment (3 Sizes)","Gold Panning","Gold Panning",,"Portable 14-piece gold panning kit with stackable 1/2, 1/4, or 1/8-inch sifting screens, three dual-riffle pans, vials, and snuffer bottles in a backpack.",154,"ASR Outdoor 14pc gold panning kit black drawstring bag, and bottles on a white background.","14-piece portable gold panning kit with stackable sifting screens and a drawstring backpack.",1,0,ok
8791693558060,"Heavy Duty Stackable Plastic Sifting Screens Gold Prospecting Equipment Rock Hounding (3 Sizes)","Gold Panning","Gold Panning",,"Heavy-duty stackable plastic sifting screens, 6-inch deep, in 1/2, 1/4, and 1/8-inch mesh. Stack on a 5-gallon bucket to classify gold paydirt.",143,"deep stack classifiers heavy duty plastic for sifting dirt and rock","Heavy-duty stackable plastic sifting screens with a built-in handle for gold panning and rock hounding.",1,0,ok
8875920785708,"ASR Outdoor and Pan for Gold with Bobby Bo Guaranteed Gold Paydirt Bags (3oz, 1LB, 3LB, 10LB)","Gold Panning","Gold Panning",,"ASR Outdoor x Bobby Bo gold paydirt bags from 3oz to 10lb, classified or unclassified, for every skill level. Practice and sharpen your gold panning at home.",157,"A sealed black paydirt bag with a gold label featuring text and an illustration of a person pan fishing for gold.","Bobby Bo guaranteed gold panning paydirt bags in 3oz, 1lb, 3lb, and 10lb sizes.",1,0,ok
8919461888300,"21pc Geology Rock Hounding Kit with Mining Tools and Deluxe Carry Bag","Rock Hounding","Rock Hounding",,"Complete 21-piece rock hounding kit with mining tools and a deluxe carry bag for gem, fossil, and mineral hunting. Break, sort, clean, and examine your finds.",158,"21 piece rock hounding kit with tool bag basic tools for geology kit","21-piece geology rock hounding kit with mining tools and a deluxe carry bag.",1,0,ok
8919490330924,"13 Pocket Musette Shoulder Tool Bag for Rock Hounding or Metal Detecting","Rock Hounding","Rock Hounding",,"Durable 13-pocket musette shoulder bag for rock hounding and metal detecting gear. Double-stitched rip-stop nylon built to last seasons of beach and field use.",159,"large shoulder bag for outdoor use rock hounding bag with 13 pockets store cool rocks","13-pocket musette shoulder tool bag in nylon for rock hounding and metal detecting gear.",1,0,ok
8992586793260,"Stackable 1/4"" Classifier Sifting Screen Gold Prospecting Equipment","Gold Panning","Gold Panning",,"Rust-free 1/4-inch classifier screen that sits on a 3 or 5-gallon bucket to sift paydirt before panning. Heavy-duty polypropylene built for many seasons.",153,"1/2inch gold prospecting classifier heavy duty plastic","Stackable 1/4-inch classifier sifting screen for sorting gold paydirt on a bucket.",1,0,ok
9025218904364,"19pc Metal Detector Accessories Kit with Musette Style Field Tool Bag","Metal Detecting","Metal Detecting",,"19-piece metal detecting kit with a musette tool bag, digging tools, sand scoops, gloves, and a depth marker trowel. Everything for a day of detecting.",151,"Metal detecting tool kit with backpack or yellow satchel","19-piece metal detecting accessories kit with a musette field tool bag and digging tools.",1,0,ok
9082933772588,"13 Inch Serrated Edge Digger, Versatile Hand Trowel for Breaking up Hard Ground","Gold Panning","Gold Panning",,"Heavy-duty 13-inch serrated digger trowel in heat-treated carbon steel. Cuts through hard soil and roots for metal detecting, treasure hunting, and gardening.",158,"A 13 inch serrated edge digger with a black nylon sheath and a bright orange ergonomic handle.","13-inch serrated-edge digger hand trowel for breaking up hard ground while treasure hunting.",1,0,ok
9082999210284,"11 Inch Pin Pointer Metal Detecting Hand Trowel Shovel with Depth Markers (2 Colors)","Metal Detecting","Metal Detecting",,"Non-metal 11-inch metal detecting trowel in tough ABS plastic with depth markers. Lets you use a pinpointer on the dug soil without triggering false signals.",157,"A black metal detecting hand trowel with a rubber thumb grip and depth markers embossed on the face.","11-inch pin-pointer metal detecting hand trowel with depth markers.",1,0,ok
9147226489132,"ASR Outdoor 10L Collapsible Bucket and Stand Gold Prospecting Equipment, 6pc","Gold Panning","Gold Panning",,"6-piece collapsible 10L bucket and stand set for gold prospecting. Pairs with sifting screens to classify raw material into paydirt. Folds flat to pack.",152,"collapsible rubber bucket for outdoor collection of fish, water, or gold panning","6-piece 10L collapsible bucket and stand set for classifying gold prospecting material.",1,0,ok
9147232583980,"Classifier Screen with 10L Collapsible Silicone Bucket Gold Prospecting Equipment","Gold Panning","Gold Panning",,"Collapsible 10L silicone bucket with a classifier screen in 1/2, 1/4, 1/8, or 1/20-inch mesh for gold prospecting. Sift raw material, then fold flat to pack.",157,"bucket sifting pan fits classifiers for gold prospecting","10L collapsible silicone bucket with a classifier screen for gold prospecting.",1,0,ok
9411548447020,"3pc Heavy Duty Cold Steel Chisel Set Rock Hounding Equipment","Rock Hounding","Rock Hounding",,"Three-piece cold steel chisel set in 9.5, 10, and 12-inch lengths for rock hounding, geology, and fossil digs. Tough chisels to split and shape stone.",150,"Three different sized chisels with beige handles and steel heads, labeled with 'ASR Outdoor'.","3-piece cold steel chisel set for rock hounding, geology, and fossil digging.",1,0,ok
9511343030572,"Lightweight Carbon Steel Camping Hammer with Tent Stakes Puller, 12 Inch",(blank),Survival/Camping,,"12-inch carbon steel camping hammer with an aluminum handle and built-in tent stake puller. Drive and pull stakes fast, cutting strain from tent and tarp setup.",160,"Lightweight Carbon Steel Camping Hammer with Tent Stakes Puller, 12 Inch","12-inch carbon steel camping hammer with an aluminum handle and tent stake puller.",1,0,ok
9511347683628,"10 in 1 Compact Survival Device Camping Hiking Gear Emergency Supplies, Green",Survival/Camping,Survival/Camping,,"10-in-1 compact survival tool with a flint striker, compass, whistle, signal mirror, LED light, thermometer, and magnifier. Pocket-sized for camping and hiking.",160,"10 in 1 Compact Survival Kit Camping Hiking Gear Emergency Supplies, Green","10-in-1 compact survival tool with a compass, whistle, magnifier, and fire striker, in green.",1,0,ok
9511352959276,"4pk Aluminum Screw in Tent Stakes, 9 Inch",Survival/Camping,Survival/Camping,,"Four-pack of 9-inch screw-in tent stakes in aircraft-grade 6061 aluminum. Twisted drill design and sharp tips secure tents fast by hand, with no tools needed.",158,"4pk Aluminum Screw in Tent Stakes, 9 Inch","4-pack of 9-inch aircraft-grade aluminum screw-in tent stakes.",1,0,ok
9511355318572,"2pk Lightweight Zipper Pull Mini Compass Hiking Camping Gear, Black",Survival/Camping,Survival/Camping,,"Two-pack of liquid-filled mini zipper-pull compasses for hiking and camping. Clip them to a pack or jacket to keep your heading without digging for a compass.",158,"mini zipper compasses","2-pack of black liquid-filled zipper-pull mini compasses for hiking and camping.",1,0,ok
9511356694828,"3pc Collapsible Camping Lantern, Assorted Colors",Survival/Camping,Survival/Camping,,"Three-piece collapsible camping lantern set with 100 and 200 lumen COB lighting for 360-degree brightness. Pull-up design for camping, hiking, and backpacking.",159,"3pc Collapsible Camping Lantern, Assorted Colors","3-piece collapsible COB camping lantern set for bright 360-degree light.",1,0,ok
9511359676716,"Hanging Camping Lantern Battery Operated LED",Survival/Camping,Survival/Camping,,"Battery-powered 8-inch LED hanging camping lantern with 450-lumen COB lighting and a dimmer. Stand it on a table or hang it inside your tent.",141,"Hanging Camping Lantern Battery Operated LED","Battery-operated LED hanging camping lantern for tents and tabletops.",1,0,ok
9511362527532,"36 Hour Camping Survival Candle in Portable Box, 3 Wick",Survival/Camping,Survival/Camping,,"36-hour survival candle with three wicks for emergency light while camping or during a blackout. Compact and boxed for any earthquake or power-outage kit.",154,"36 Hour Camping Survival Candle in Portable Box, 3 Wick","36-hour 3-wick camping survival candle in a portable box.",1,0,ok
9511364165932,"Thermal Mat Heat Reflective Camping Sleeping Pad",(blank),Survival/Camping,,"Heat-reflective EVA foam camping sleeping pad that traps body warmth on cold nights. Durable, moisture- and UV-resistant, and ultralight at just 8 ounces.",154,"thermal camping sleeping pad reflective heat mat","Heat-reflective EVA foam camping sleeping pad for cold-weather warmth.",1,0,ok
9511366590764,"Heavy Duty Galvanized Carbon Steel Tent Stakes 11 Inch - Camping Ground Anchors for Tents Tarps Canopies (3 Colors, Assorted Pack Sizes)",Survival/Camping,Survival/Camping,,"Heavy-duty 11-inch galvanized carbon steel tent stakes for tents and tarps, in orange, green, or glow-in-the-dark. Available in 4 to 12-packs.",142,,"Heavy-duty 11-inch galvanized carbon steel tent stakes for tents, tarps, and canopies.",1,0,ok
9511368261932,"6 in 1 Camping Kitchen Multi-Tool with Carrying Case and Bottle Opener",Survival/Camping,Survival/Camping,,"6-in-1 camping utensil tool with a knife, fork, spoon, corkscrew, and bottle opener in a nylon case. Stainless steel and plastic, lightweight for the trail.",156,"6 in 1 Camping Kitchen Multi-Tool with Carrying Case and Bottle Opener","6-in-1 camping kitchen multi-tool with a knife, fork, spoon, and bottle opener in a case.",1,0,ok
9511369113900,"Elastic Shock Cord Natural Rubber 30 Feet 3mm Diameter, Black",(blank),Survival/Camping,,"30-foot natural rubber shock cord, 3mm thick, that stretches to absorb shock. Tie down tarps, gear, boats, or kayaks, or replace broken cordage in a pinch.",155,"Elastic Shock Cord Natural Rubber 30 Feet 3mm Diameter, Black","30-foot black natural rubber elastic shock cord, 3mm diameter, for tie-downs.",1,0,ok
9512943649068,"55pc Compact Travel First Aid Kit in Resealable Bag",Survival/Camping,Survival/Camping,,"55-piece compact first aid kit with adhesive bandages, gauze pads, sting-relief wipes, and a soap wipe in a resealable bag. Pocket-sized for travel and camping.",160,"55 piece travel first aid kit for emergency injuries","55-piece compact travel first aid kit with bandages and wipes in a resealable bag.",1,0,ok
9512958918956,"3pc Reusable Camping Cutlery Plastic Utensils Set",Survival/Camping,Survival/Camping,,"Reusable 3-piece camping cutlery set with a knife, fork, and spoon on a carabiner. Sturdy plastic flatware that clips to your pack for hiking and backpacking.",158,"re usable reusable camping cutlery plastic utensils","3-piece reusable plastic camping cutlery set with a knife, fork, and spoon on a carabiner.",1,0,ok
9512966947116,"3-in-1 Waterproof Match Container - Fire Starter Flint, Signal Mirror & Dry Storage Capsule (2 Colors)",Survival/Camping,Survival/Camping,,"3-in-1 waterproof match container with a flint fire starter and signal mirror. Keeps matches and small survival gear dry and ready in rain or rough conditions.",159,"waterproof match stick storage container","3-in-1 waterproof match container with a flint fire starter and signal mirror.",1,0,ok
9512972353836,"Multi-Function Key Chain Knife Tool",(blank),Survival/Camping,,"Compact keychain multi-tool that works as a knife, screwdriver, and can or bottle opener. Stainless steel, 4.75-inch open, with a built-in keychain ring.",153,"multi function key chain knife tool","Stainless steel keychain multi-tool knife with a screwdriver and bottle opener.",1,0,ok
9512980218156,"Fishing Fillet Knife Hard Sheath and Floating Handle, 6 inch Blade",(blank),Fishing,,"Fishing fillet knife with a 6-inch blade and an 11-inch floating handle that wont sink if dropped. Ergonomic grip and a clip-on black sheath for the water.",155,"Fish fillet knife with sheath","Fishing fillet knife with a 6-inch blade, floating handle, and black sheath.",1,1,ok
9512984052012,"7 Function Small Pocket Camping Utensil Flatware, Spoon Fork Knife",Survival/Camping,Survival/Camping,,"7-function pocket camping utensil with a fork, spoon, knife, can and bottle opener, corkscrew, and tent reamer. Compact 4-inch tool with a belt-loop case.",154,"7 function small pocket utensil flatware spoon fork knife camping","7-function pocket camping utensil with a fork, spoon, knife, and openers in a case.",1,1,ok
9512996602156,"Insulated Stainless Steel Coffee Mug with Travel Splash Guard Lid, 7.4oz",Survival/Camping,Survival/Camping,,"Insulated 7.4oz stainless steel coffee mug with a double wall and splash-guard travel lid. Collapsible handle folds flat to pack for commuting or the trail.",156,"insulated coffee mug for travel with splash guard lid","Insulated 7.4oz stainless steel coffee mug with a splash-guard lid and collapsible handle.",1,0,ok
9513002959148,"Stainless Steel Camping Utensil Set - Clip Together Knife Fork Spoon with Can Opener",Survival/Camping,Survival/Camping,,"Stainless steel camping utensil set with a knife, fork, and spoon that clip together with a can opener. Compact, packable cutlery for backpacking and kits.",155,"3 piece camping utencil multitool for camping dinners","Stainless steel camping utensil set with a knife, fork, spoon, and can opener that clip together.",1,0,ok
9513008824620,"6mm Water Bottle Holder with Blue Aluminum Carabiner Attachment",(blank),Survival/Camping,,"Slip-on water bottle holder with an aluminum carabiner and nylon strap. Clip a bottle to your pack or belt for hands-free carry while hiking and camping.",153,"keychain water bottle holder cap carabiner attachment","Slip-on water bottle holder with an aluminum carabiner and nylon strap.",1,1,ok
9513012789548,"Folding Collapsible Pet Travel Food Bowl Dish",(blank),Survival/Camping,,"Collapsible pet travel bowl for food or water, with a leak-proof waterproof lining. Folds flat and clips to a leash or pack for camping, hiking, and road trips.",160,"pet food bowl dog travel bowl folding colapsible bowl for easy transportation and packing","Collapsible pet travel food and water bowl with a leak-proof lining and clip.",1,0,ok
9513024946476,"100pc Portable Dry Sack First Aid Kit Dry Emergency Preparedness Items Survival Gear",(blank),Survival/Camping,,"100-piece first aid and emergency kit in a dry sack, with bandages, wound-cleaning wipes, burn gel, a CPR mask, and tools. Ready for car, camp, or pack.",152,"survival first aid kit solo hiking or backpacking","100-piece first aid and emergency kit in a waterproof dry sack.",1,0,ok
9513038381356,"Clear Waterproof All Purpose Storage Container, Hiking and Camping Gear, 5.5 Inch",(blank),Survival/Camping,,"Waterproof 5.5-inch storage container with an O-ring seal tested for full submersion. Clear hard case keeps cards, keys, cash, and medicine dry on the trail.",157,"waterproof storage container clear","Clear waterproof 5.5-inch storage container with an O-ring seal for hiking and camping.",1,0,ok
9513041494316,"5 Gallon Bucket Portable Toilet Seat",Survival/Camping,Survival/Camping,,"Snap-on portable toilet seat with lid for a 5-gallon bucket (not included). Durable polypropylene for comfortable backcountry camping, boating, and emergencies.",160,"traveling, camping or anywhere else where you need a portable toilet seat for a 5 gallon bucket","Snap-on portable toilet seat with lid for a 5-gallon bucket.",1,0,ok
9513050702124,"Survival 7 in 1 Multitool with Whistle Compass LED Flashlight",(blank),Survival/Camping,,"7-in-1 survival multitool with a compass, whistle, LED flashlight, signal mirror, thermometer, and magnifier. Compact safety gear for camping and teaching kids.",160,"7 in 1 survival necklace whistle, flashlight, mirror, storage compartment, compass","7-in-1 survival multitool with a compass, whistle, LED flashlight, and magnifier.",1,1,ok
9513054404908,"Extendable Marshmallow Toaster BBQ Fork - 35.5""",Survival/Camping,Survival/Camping,,"Extendable stainless steel marshmallow and BBQ fork with a 35.5-inch reach that collapses to 11-inch. Rubber-dipped handle and prong covers for campfires.",154,"heavy Duty stainless steel marshmallow stick poker","Extendable stainless steel marshmallow and BBQ fork reaching 35.5 inches.",1,1,ok
9513065218348,"3 in 1 Flint Fire Starter Whistle - Black",Survival/Camping,Survival/Camping,,"3-in-1 flint fire starter with a built-in emergency whistle and key ring. Ergonomic striker grip makes sparks easy to throw for camping and survival kits.",154,"3 in 1 flint and steel starter pack with whistle","Black 3-in-1 flint fire starter with a built-in whistle and key ring.",1,0,ok
9513105228076,"High Visibility Emergency Glow Stick Safety Light, 1pk",(blank),Survival/Camping,,"Emergency glow stick that lights instantly with a snap and shake, glowing up to 12 hours. Compact 6-inch high-visibility light for any emergency or camping kit.",160,"emergency glow sticks bright yellow for being more visible during the night","6-inch high-visibility emergency glow stick light for emergency kits.",1,1,ok
9513115287852,"Fire Stick Starter Survival Tool with Keychain and Compass",Survival/Camping,Survival/Camping,,"Match-style fire stick starter with a built-in compass and keychain. Refillable with lighter fluid for thousands of strikes, pocket survival gear for the trail.",160,"gasoline firestarter soaked in gas easy to use fire starter","Match-style fire stick starter survival tool with a keychain and built-in compass.",1,0,ok
9513170108716,"12pk Water Resistant Non Toxic Slow Burning Tinder Sticks Camping Gear",Survival/Camping,Survival/Camping,,"12-pack of water-resistant tinder sticks that burn slow, about five minutes each, to start a campfire fast. Pocket-sized fire-starting gear for any bugout bag.",159,"slow burning tinder sticks long lasting","12-pack of water-resistant slow-burning tinder sticks for starting campfires.",1,0,ok
9513182429484,"3 in 1 Hiking Camping Survival Multi Tool Fire Starter Pocket Knife",Survival/Camping,Survival/Camping,,"3-in-1 survival pocket knife with a built-in fire starter and emergency whistle. Cut rope, prep fish, and signal for help, compact gear for any survival kit.",157,"3 in 1 camping survival multitool that has a fire starter and knife","3-in-1 survival pocket knife with a built-in fire starter and emergency whistle.",1,0,ok
9513188688172,"Survival Mylar Extreme Emergency Blanket, Orange",(blank),Survival/Camping,,"Heavy-duty 83 x 51-inch Mylar emergency blanket that reflects body heat to keep you warm. Tear-, flame-, wind-, and water-resistant in orange.",142,"emergency thermal blanket made of mylar which reflects heat keeping you warm","Orange Mylar emergency blanket, 83 x 51 inches, that reflects body heat.",1,1,ok
9513197666604,"38pc Compact Survival Kit in Illuminated Dry Box",Survival/Camping,Survival/Camping,,"38-piece survival kit in a waterproof dry box, with a flashlight, compass, fire starter, knife, ponchos, and hand warmers. Ready for car or campsite.",149,"An array of emergency preparedness items including a black illuminated dry box, a flashlight, a mini compass, a fire starter, a pocket knife, a first aid kit in a resealable bag, and various other survival tools.","38-piece compact survival kit in a waterproof illuminated dry box.",1,0,ok
9513212182828,"14 in 1 Stainless Steel ECD Utility Multitool Pocket Knife with Carry Pouch",Survival/Camping,Survival/Camping,,"14-in-1 stainless steel multitool pocket knife with a blade, saw, scissors, fish scaler, and can opener. Wont rust and includes a carry pouch for the outdoors.",159,"17 tools in one pocket knife multitool saw scissors bottle opener screwdriver philips","14-in-1 stainless steel multitool pocket knife with a carry pouch.",1,0,ok
9513216540972,"Emergency Outdoor Winter Blanket Insulated Thermal Reflector 4 Pack",(blank),Survival/Camping,,"Four-pack of insulated emergency thermal blankets that reflect body heat. Each is 84 x 52-inch and packs tiny, flame-, wind-, and water-resistant.",146,"Winter Thermal Blanket Reflective Heat survival","4-pack of insulated thermal emergency reflector blankets for outdoor kits.",1,0,ok
9513231810860,"Illuminated Dry Box Detachable Lid Large Waterproof Storage Case",(blank),Survival/Camping,,"Large waterproof dry box with a detachable lid and removable COB light. Keeps phones, batteries, and emergency supplies dry in the car, kayak, or boat.",151,"Waterproof Storage Box Ammo Box","Large waterproof dry box with a detachable lid and removable COB light.",1,0,ok
9516197249324,"Waterproof Notebook with Pencil",(blank),Survival/Camping,,"Waterproof notebook with 50 tear- and smudge-proof sheets and a pencil. Wire-O bound to take notes in any weather while camping, hiking, or working outdoors.",157,"waterproof notebook water resistant paper","Waterproof pocket notebook with tear-proof pages and a pencil.",1,0,ok
9516211142956,"Buckshot Knives Camping Axe Hatchet - Black Steel with Cord Cutter",Survival/Camping,Survival/Camping,,"Compact camping hatchet with a 10-inch black steel build and a 4-inch blade. Includes a nylon sheath and cord cutter for chopping and trail tasks.",146,"buckshot camping axe a one handed paracord axe","Black steel camping axe hatchet with a 4-inch blade, nylon sheath, and cord cutter.",1,1,ok
9516216516908,"Survival Hatchet with Hammer and Pry Bar, Multi-Tool",(blank),Survival/Camping,,"3-in-1 survival hatchet that works as a hammer and pry bar, forged from a single piece of tough steel. 12.5-inch length with a comfortable grip for camp.",153,"Survival hatchet one handed axe with pry bar","Black 3-in-1 survival hatchet with a hammer and pry bar, 12.5 inches long.",1,1,ok
9516221989164,"Full Tang Tanto Survival Knife with Fire Starter, 7 inch, Serrated Spine, Black and Green",Survival/Camping,Survival/Camping,,"Full-tang 7-inch tanto survival knife in 440 stainless with a serrated spine and paracord-wrapped handle. Includes a fire starter and nylon belt sheath.",152,"Small paracord blade with fire starter flint survival knife","Full-tang 7-inch tanto survival knife with a serrated spine and paracord handle, in black and green.",1,0,ok
9516229722412,"Solid Titanium Ice Pick, 9.25""",Survival/Camping,Survival/Camping,,"Solid titanium ice pick milled from a 6AL4V rod, tough, rust-proof, and non-magnetic at just 1.68 ounces. A 9.25-inch EDC tactical tool with a scalloped grip.",158,"titanium ice pick for climbing ice sculping or tundra rock climbing","Solid titanium ice pick, 9.25 inches, with a scalloped non-magnetic handle.",1,0,ok
9516236144940,"400lb Neodymium Magnet Fishing Kit with Paracord for Retrieving Lost Treasure",(blank),Fishing,,"Magnet fishing kit with a 400lb-pull neodymium magnet, 60 feet of 550 paracord, and a stainless locking snap hook. Retrieve metal and lost treasure.",148,"magnet fishing kit for beginners paracord rope carabiner and magnet","Magnet fishing kit with a 400lb neodymium magnet, paracord, and a stainless snap hook.",1,0,ok
9516244304172,"Nylon Fishing Vest, Lightweight Outdoor Cargo Jacket, Size Large",(blank),Fishing,,"Lightweight nylon fishing and outdoor vest in size large, with adjustable side straps. Weather-resistant for fishing, hunting, and gold panning rain or shine.",158,"nylon fishing vest with several pockets and compartments  yellow and green","Lightweight nylon fishing and outdoor vest in size large with adjustable straps.",1,0,ok
9516247875884,"11 Inch Stainless Steel Full Tang Fixed Blade Knife with Guthook for Fishing or Hunting",Survival/Camping,Survival/Camping,,"11-inch full-tang fixed blade hunting knife in 440 stainless with a drop-point guthook. Ergonomic rubber handle and nylon belt sheath for fishing and hunting.",158,"11 inch hunting guthook knife for fileting fish","11-inch full-tang stainless steel fixed blade knife with a guthook and nylon sheath.",1,0,ok
9516251480364,"Grooved Angle Sharpening Stone for Fish Hooks & Blades",(blank),Fishing,,"Aluminum oxide sharpening stone with a 180-grit angled groove for fish hooks and blades. Compact with a lanyard hole to clip to your tackle or keychain.",152,"Grooved Angle Sharpening Stone for Fish Hooks & Blades","Aluminum oxide sharpening stone with an angled groove for fish hooks and blades.",1,1,ok
9516314722604,"Micro EDC Ceramic Striker Survival Gear Fire Starter (2 Colors)",Survival/Camping,Survival/Camping,,"Micro ceramic ferro rod fire starter that sparks a flame with one scratch. Wearable EDC survival gear, clip it as a zipper pull or paracord necklace.",149,"Micro EDC Ceramic Striker Survival Fire Starter - Create Sparks","Micro ceramic ferro rod fire starter that wears as a zipper pull or necklace.",1,0,ok
9516340969772,"10pk Hand Warmers, 10 Hour Protection for Camping, Skiiing, Outdoors",Survival/Camping,Survival/Camping,,"10-pack of air-activated hand warmers that last up to 10 hours at a steady 124-155F. Easy warmth for camping, skiing, and cold-weather outdoor activities.",154,"10 pack of hand warmers for outdoor use and staying warm","10-pack of air-activated hand warmers lasting up to 10 hours for cold weather.",1,0,ok
9516357517612,"Survival Candle, 48 Hour, Unscented, 4 Wick, Emergency, Survival, Indoor Outdoor, Tin",(blank),Survival/Camping,,"48-hour survival candle with four wicks for emergency light indoors or out. Burns in a portable tin for camping, blackouts, and earthquake or disaster kits.",156,"a candle that can survive 48 hours to provide light during camping or power outages","48-hour 4-wick survival candle in a portable tin for emergency light.",1,0,ok
9516362629420,"200 Lumen LED Light Clip On Cap Hiking Camping Gear (3 Colors)",(blank),Survival/Camping,,"200-lumen LED clip-on cap light that turns any baseball cap into a hands-free headlamp. Battery-powered and bright for working, hiking, and camping after dark.",159,"clip on hat clip on bill headlight for hands free lighting fishing hiking camping compatable","200-lumen LED clip-on cap light for hands-free lighting while hiking and camping.",1,0,ok
9516375277868,"Jumbo Aluminum Waterproof EDC Storage Containers with Carabiner Clip (2 Colors)",Survival/Camping,Survival/Camping,,"Jumbo aluminum waterproof EDC container with an airtight screw top, rubber seal, and carabiner clip. Keeps matches, cash, and valuables dry for camping.",152,"Waterproof aluminum storage containers that fit on your keychain","Jumbo aluminum waterproof EDC storage container with a screw top and carabiner clip.",1,0,ok
9516412109100,"100FT 7-Strand Nylon Paracord Parachute Cord",Survival/Camping,Survival/Camping,,"100 feet of 7-strand 550 paracord with a 550lb breaking strength. Build shelters, splints, slings, or rescue lines, essential survival cord for any kit.",152,"100ft paracord bundle camping survival or strong rope","100 feet of 7-strand 550 nylon paracord for survival and outdoor use.",1,0,ok
9516421677356,"9 Inch Aircraft Grade Aluminum Camping Stakes Tent Pegs",Survival/Camping,Survival/Camping,,"9-inch aircraft-grade aluminum tent stakes with a stringing eyelet and sharp tip for fast setup. Secure tents, canopies, tarps, and beach shelters with ease.",157,"military grade alumninum camping stakes to drill down your tent or canopy","9-inch aircraft-grade aluminum tent stakes with stringing eyelets for fast setup.",1,0,ok
9516431376684,"7 Inch Jumbo Aluminum Carabiner Hiking Cushion Grip (6 Colors)",(blank),Survival/Camping,,"7-inch jumbo aluminum carabiner with a 4.5-inch cushioned grip for dog walking, hiking, and camping. Clips gear to packs and belts (not rated for climbing).",156,"Black Jumbo carabiner for groceries or carrying items grip","7-inch jumbo aluminum carabiner with a cushioned grip for hiking and dog walking.",1,1,ok
9516465619244,"Southwest Navajo Style Mens Socks, 1 Pair, Assorted Colors, One Size Fits Most",Survival/Camping,Survival/Camping,,"Southwest Navajo-style mens socks in a soft polyester-spandex blend that keeps feet warm on the trail. One size fits most, in five Aztec and Navajo colors.",155,"mens socks vivid color pattern novajo style","Southwest Navajo-style mens socks in a soft polyester-spandex blend, one size.",1,0,ok
9516488720684,"11 in 1 Stainless Steel Credit Card Multitool with Black Leather Carry Case",(blank),Survival/Camping,,"11-in-1 stainless steel credit card multitool that fits in your wallet, with a leather sheath. Durable everyday carry for camping, hiking, fishing, and boating.",160,"steel 11 in 1 multitool credit card with card sleeve","11-in-1 stainless steel credit card multitool with a black leather carry case.",1,0,ok
9516520374572,"Lightweight Waterproof Dry Sack Bags with Roll Top (3 Sizes, 3 Colors)",Survival/Camping,Survival/Camping,,"Lightweight roll-top dry sack that keeps gear dry while kayaking, camping, rafting, or fishing. Waterproof storage in 3L, 15L, and 20L sizes.",141,"natural green waterproof nylon bag store items that need to be dry when traveling","Lightweight roll-top waterproof dry sack bag for kayaking, camping, and hiking.",1,0,ok
9636602347820,"12pc Break Your Own Geodes Kit with Sledge Hammer and Safety Goggles (Assorted Size Geodes)","Rock Hounding","Rock Hounding",,"Break-your-own geodes kit with 12 authentic Moroccan geodes, a sledge hammer, and safety goggles. Crack open real rocks to reveal crystals, fun for all ages.",157,"break your own geodes kit buy authentic geodes natural geode kit","Break-your-own geodes kit with geodes, a sledge hammer, and safety goggles.",1,0,ok
9652288487724,"5LB Genuine Rough Gemstone Paydirt Bags, Rocks and Minerals Collection, Sift, Sort and Find Treasure","Rock Hounding","Rock Hounding",,"5lb bag of genuine Brazilian rough gemstone paydirt with two pounds of real gemstones. Sift, sort, and identify the stones, a discovery kit for collectors.",155,,"5lb bag of genuine Brazilian rough gemstone paydirt for sifting and sorting.",1,0,ok
9657604243756,"5lb Genuine Tumbled Rocks and Rough Gemstone Paydirt Kits, 14pc (2 Styles)","Rock Hounding","Rock Hounding",,"14-piece gemstone paydirt kit with a 5lb bag of rough stones, a collapsible bucket, sifting screen, loupe, and tweezers. Sift, sort, and find treasure.",151,"Geode and Gemstone Paydirt Kit cool rocks for kids set","14-piece gemstone paydirt kit with a 5lb bag of rough stones, a bucket, sifting screen, and tools.",1,0,ok
9712716906796,"Black Water Resistant Collapsible Backpack Camping Hiking Travel Bag",Survival/Camping,Survival/Camping,,"Water-resistant collapsible travel backpack in durable 420D fabric, with two mesh side pockets and two zippered compartments. Packs down for camping and travel.",160,"collapsible all black backpack transforms from as small as a pencil pouch to a medium sized backpack","Black water-resistant collapsible travel backpack with mesh side pockets for camping and hiking.",1,0,ok
9833202319660,"Genuine Gemstone Paydirt Bags Rock Collecting (12 Rock Types)","Rock Hounding","Rock Hounding",,"Genuine gemstone paydirt bag packed with raw stones across 12 rock types. A hands-on discovery kit for crystal and mineral collectors of every level.",149,"buy unique gemstones in bulk for sale amethyst flourite pyrite moonstone tigers eye rose quartz smoky quartz","Genuine gemstone paydirt bag with raw stones across 12 rock types for collecting.",1,0,ok
9840455614764,"11 Inch Heavy Duty Single Riffle Gold Pans Made in USA (Three Colors)","Gold Panning","Gold Panning",,"USA-made 11-inch single-riffle gold pan in tough ABS plastic with three riffles. Lightweight, rust-resistant, and buoyant for reliable gold recovery.",149,"Made in the USA 11 inch single riffle finishing gold pans","USA-made 11-inch heavy-duty single-riffle gold pan for gold prospecting.",1,0,ok
9860245946668,"9 Inch 440 Stainless Steel Recurve Full Tang Fixed Blade Knife with Sheath (4.25 Inch Blade)",Survival/Camping,Survival/Camping,,"9-inch full-tang fixed blade knife in 440 stainless with a recurve S-shaped edge and wood handle. Built for chopping, slashing, and peeling, includes a sheath.",159,"unique recurve blade knife full tang product photo","9-inch full-tang 440 stainless recurve fixed blade knife with a wood handle and sheath.",1,0,ok
9860432789804,"7 Inch Matte Black Curved Hawkbill Full Tang Fixed Blade Knife with Sheath and Lanyard (3.25 Inch Blade)",Survival/Camping,Survival/Camping,,"7-inch full-tang hawkbill karambit knife with a curved tactical blade. Versatile for camping, hunting, and everyday use, includes a sheath and lanyard.",151,"Hawkbill karambit knife with a curved blade 3 inch blade","7-inch matte black hawkbill karambit full-tang fixed blade knife with a sheath and lanyard.",1,0,ok
9878688170284,"8.5 Inch Full Tang Fixed Blade Survival and Hunting Tanto Knife with Sheath and Belt Loop, Black",Survival/Camping,Survival/Camping,,"8.5-inch full-tang tanto survival knife in 440 stainless with two cutting planes and a partially serrated spine. Matte black with a sheath and belt loop.",153,"huntsman knife with serrated edge and guard csgo knife","8.5-inch black full-tang tanto survival knife with a serrated spine, sheath, and belt loop.",1,0,ok
9881939575084,"8 Inch Heavy Duty Full Tang Harpoon Point Fixed Blade Knife with Wood Handle and Belt Loop Sheath",Survival/Camping,Survival/Camping,,"8-inch full-tang harpoon-point fixed blade knife with a wood handle and belt-loop sheath. Heavy and durable at 0.45lb for survival, hunting, and outdoor use.",157,"harpoon hunting knife with short blade full tang fixed blade 8 inches","8-inch full-tang harpoon-point fixed blade knife with a wood handle and belt-loop sheath.",1,0,ok
9882392428844,"7.5 Inch Drop Point Fixed Blade Knife with Finger Hole with Spin Bearings and Sheath, Brown",Survival/Camping,Survival/Camping,,"7.5-inch drop-point fixed blade knife with a spinning finger-hole bearing and sheath. Lightweight precision cutter for EDC, camping, hunting, and bug-out kits.",159,"ball bearing spin knife for tricks small blade utility","7.5-inch brown drop-point fixed blade knife with a spinning finger hole and sheath.",1,0,ok
9883653177644,"6.25 Inch 440 Stainless Steel Mini Clip Point Fixed Blade Pocket Knife (2 Colors)",Survival/Camping,Survival/Camping,,"Compact 6.25-inch clip-point fixed blade pocket knife in 440 stainless. A dependable everyday-carry knife for camping and hunting, in brown, blue, or green.",156,"two small knives in their sheaths mini huntsman knife","6.25-inch 440 stainless mini clip-point fixed blade pocket knife.",1,0,ok
9883932754220,"Portable Telescoping Collapsible Stool with Carry Handle Outdoor Camping Gear, Black (17.75 Inch Fully Extended)",Survival/Camping,Survival/Camping,,"Telescoping 17.75-inch collapsible camping stool that folds flat with a carry handle. Take a seat anywhere, camping, fishing, or gold panning.",142,"Collapsible Stool telescope stool camping hiking or lounge","Black telescoping collapsible camping stool with a carry handle, 17.75 inches extended.",1,0,ok
9892036575532,"Stainless Steel Coffee Mug with Collapsible Handles Camping Essentials (2 Sizes)",Survival/Camping,Survival/Camping,,"304 stainless steel camping coffee mug with collapsible handles, in 12oz or 22oz. Keeps campfire coffee, cocoa, or tea ready for the trail. Folds flat to pack.",159,"collapsible cofee mug camping hook on compatible","Stainless steel camping coffee mug with collapsible handles, in two sizes.",1,0,ok
9892051288364,"11.75oz Stainless Steel and Enamel Coffee Mug Camping Essentials, Classic Speckled Blue",Survival/Camping,Survival/Camping,,"11.75oz enamel and stainless steel camping mug in classic speckled blue. Holds hot or cold drinks, soup, or stew for the campsite, RV, or backpacking trips.",156,"steel camping coffee mug essentials for coffee and hot chocolate","11.75oz speckled blue enamel and stainless steel camping coffee mug.",1,0,ok
9892955554092,"16 Inch Everyday Carry Travel Tool or Duffel Bag, Black",Survival/Camping,Survival/Camping,,"Packable 16-inch polyester duffel bag for everyday carry, travel, or tools. Foldable, machine washable, and durable with a minimalist black design.",147,,"Black packable 16-inch polyester everyday-carry travel and tool duffel bag.",1,0,ok
9919285690668,"Collapsible Camping Lanterns (Black or Grey)",Survival/Camping,Survival/Camping,,"Collapsible camping lantern with 360-degree COB lighting for bright, even light at camp, on the road, or in a power outage. Batteries preinstalled.",147,"Camping Lantern night light for campers","Collapsible COB camping lantern in black or grey for 360-degree light.",1,0,ok
9930931896620,"12 Inch Full Tang Steel Axe Hatchet with Gut Hook Hex Holes Paracord Handle and Sheath, Black",Survival/Camping,Survival/Camping,,"12-inch full-tang high-carbon steel hatchet with a razor blade, gut hook, and paracord-wrapped handle. Compact, sheathed cutting power for camping and survival.",160,"hatchet axe multi tool","12-inch black full-tang steel axe hatchet with a gut hook and paracord handle, with sheath.",1,0,ok
9978779468076,"13pc Creekside Gold Panning Kit with Drawstring Backpack and Mini Classifiers","Gold Panning","Gold Panning",,"Lightweight 13-piece creekside gold panning kit with mini classifiers in a drawstring backpack. Hike to any river or creek and start panning.",141,"Mini Classifier Gold Panning Kit Gold Prospecting equipment","13-piece creekside gold panning kit with mini classifiers and a drawstring backpack.",1,0,ok
9979838169388,"7 Inch Folding Tactical Pocket Knife with Drop Point 440 Stainless Steel Blade, Black",Survival/Camping,Survival/Camping,,"7-inch folding tactical pocket knife with a 3-inch drop-point blade in matte black 440 stainless. A slim everyday-carry knife for hiking, camping, and fishing.",159,"Simple Pocket Knife Black Flip Knife","7-inch black folding tactical pocket knife with a drop-point 440 stainless blade.",1,0,ok
9983056183596,"200ft High Visibility Marking Ribbon, Flagging Tape Backpacking Safety Hiking Gear (Assorted Colors)",Survival/Camping,Survival/Camping,,"200 feet of 1-inch high-visibility PVC flagging ribbon for marking trails and campsites, in red, orange, yellow, green, or pink. Tear-friendly PVC tape.",152,"multi-color flagging tape or marking tape","200-foot roll of high-visibility PVC marking ribbon for trails and campsites.",1,0,ok
9994170827052,"14pc Remote Adventure 30L Rucksack Gold Panning Kit with Classifier Screens (3 Colors)","Gold Panning","Gold Panning",,"All-in-one 14-piece gold panning kit with classifier screens in a 30L rucksack. Built for remote terrain, hike to any river and recover gold, beginner to pro.",158,"Gold Panning gear set with green buckets, backpack, and other tools on a white background","14-piece gold panning kit with classifier screens in a 30L rucksack for remote terrain.",1,0,ok
10003820839212,"16pc Gold Prospecting Equipment Essentials Field Kit with Classifier Screens","Gold Panning","Gold Panning",,"Field-ready 16-piece gold prospecting kit with classifier screens covering all the basics. Classify, pan, and recover gold at remote creeks or claim sites.",155,"3 classifier set with 14 inch gold pan, 12 inch gold pan, and 10 inch gold pan. Single riffle and dual riffle pans","16-piece gold prospecting field kit with classifier screens and recovery tools.",1,0,ok
10006911058220,"20pc Complete Gold Panning Kit with 50 Inch Folding Sluice Box and 5 Gallon Bucket (3 Colors)","Gold Panning","Gold Panning",,"Complete 20-piece gold panning kit with a 50-inch folding sluice box and 5-gallon bucket. Dig, classify, pan, sluice, and recover gold from start to finish.",156,"Gold Panning Kit with 5 gallon bucket and sluice box","20-piece gold panning kit with a 50-inch folding sluice box and a 5-gallon bucket.",1,0,ok
10006929572140,"10pc Fine Gold Recovery Pocket Prospecting Kit in Clear Waterproof Container","Gold Panning","Gold Panning",,"Pocket-sized 10-piece fine gold recovery kit in a clear waterproof O-ring case. Extract, assess, and store gold flakes, nuggets, and gems on the go.",148,"Small Pocket Gold Panning Collection Kit waterproof and sealed shut","10-piece fine gold recovery pocket kit in a clear waterproof container.",1,0,ok
10013731029292,"PARALACE 550 Paracord Shoelaces for Hiking Boots and Shoes, 1 Pair (4 Colors) (5 Lengths)",Survival/Camping,Survival/Camping,,"ParaLace 550 paracord shoelaces for hiking boots, rugged weatherproof laces that double as survival cord. In five colors and 45 to 81-inch lengths.",147,"Set of Paralace boot laces in black, beige, and green on a white background","Pair of 550 paracord shoelaces for hiking boots, in assorted colors and lengths.",1,0,ok
10016120537388,"Universal Fit Survival 550 Paracord Belt with Stainless Steel Buckle, 52 inch",Survival/Camping,Survival/Camping,,"550 paracord survival belt with a stainless steel buckle, holding over 100 feet of cordage around your waist. Wearable emergency gear, universal 52-inch fit.",157,"Three paracord belts in green, brown, and black with metal buckles on a white background.","52-inch survival 550 paracord belt with a stainless steel buckle.",1,0,ok
10017172390188,"Full Magnesium Body Fire Starter Survival Tool with Striker",Survival/Camping,Survival/Camping,,"Full magnesium-body fire starter with a striker on a keychain. Shave shavings and throw a spark for instant flame, compact survival gear for the backcountry.",157,"Flint and Steel Fire starter Silver Classic Fire striker with keychain","Full magnesium-body fire starter survival tool with a striker on a keychain.",1,0,ok
10027574034732,"14 Inch Metal Detecting Sand Scoop with Coin Probe (3 Colors)","Metal Detecting","Metal Detecting",,"14-inch metal detecting sand scoop with a built-in coin probe and ergonomic handle. Dig and sift sand, dirt, and gravel faster, great for beginners and pros.",157,"Metal detector wand with classifying trowel for sifting through dirt and rock","14-inch metal detecting sand scoop with a built-in coin probe.",1,0,ok
10038582280492,"Orange Heavy Duty ABS Plastic Tent Stakes Ground Anchor Camping Essentials",Survival/Camping,Survival/Camping,"High visibility orange tent stakes buy in bulk option for anchoring tents or canopies. Anti rust tent pegs","Heavy-duty orange ABS plastic tent stakes with pointed tips and stringing eyelets, in 11-inch and 16-inch lengths. High-visibility anchors for tents and tarps.",159,"Heavy Duty Plastic Tent Stakes camping essentials","Orange heavy-duty ABS plastic tent stakes with pointed tips and stringing eyelets.",1,0,ok
10049578107180,"Serrated Digger Beach Combing Metal Detector Accessories Backpack Kit, 22 Piece","Metal Detecting","Metal Detecting",,"22-piece beach metal detecting kit with a sand scoop, serrated digger, collapsible bucket, and 30L backpack. A complete beach-combing set for treasure hunters.",159,"Backpack with camping gear including a bucket, tools, and bottles on a white background","22-piece beach metal detecting kit with a sand scoop, digger, bucket, and 30L backpack.",1,0,ok
10049578959148,"20pc Beach Combing Metal Detector Gold Panning Kit with Serrated Digger","Metal Detecting","Metal Detecting",,"20-piece beach digging and gold panning kit with a serrated digger and recovery tools. From gold to glass vials, a complete set for beach hunting.",146,,"20-piece beach combing metal detecting and gold panning kit with a serrated digger.",1,0,ok
10068970799404,"304 Stainless Steel Flask Funnel Camping Gear (1-1/2 Inch Diameter with 3/8 Inch Spout)",Survival/Camping,Survival/Camping,,"304 stainless steel flask funnel with a 1.5-inch mouth and 3/8-inch spout for mess-free pouring into flasks, jars, and bottles. Compact camping and EDC gear.",157,"Stainless steel funnel on a white background","304 stainless steel flask funnel with a 3/8-inch spout for mess-free pouring.",1,0,ok
10068971356460,"4 in 1 Hand Crank Emergency AM/FM Weather Radio, Flashlight, Power Bank, Alarm Siren for Camping Gear and Survival Kits",Survival/Camping,Survival/Camping,,"4-in-1 hand crank emergency radio with AM/FM weather bands, a flashlight, power bank, and siren. Stay informed and powered during outages or off-grid camping.",158,"4-in-1 Emergency packaging with features and specifications on a white background","4-in-1 hand crank emergency radio with a flashlight, power bank, and siren.",1,0,ok
10068972994860,"6oz Brushed 201 Stainless Steel and Chrome Screw Top Portable Pocket Flask",Survival/Camping,Survival/Camping,,"6oz brushed 201 stainless steel hip flask with a secure screw top. Slim, rust-resistant, and pocket-sized to carry your favorite drink camping or on the trail.",159,"Stainless Steel Hip Flask 6oz with brushed finish and screw top lid","6oz brushed stainless steel and chrome screw-top pocket hip flask.",1,0,ok
10069016609068,"8oz Brushed 201 Stainless Steel and Chrome Screw Top Portable Pocket Flask",Survival/Camping,Survival/Camping,,"8oz brushed 201 stainless steel hip flask with a secure screw top. Slim, rust-resistant, and pocket-sized to carry your favorite drink camping or on the trail.",159,"Stainless steel flask on a white background","8oz brushed stainless steel and chrome screw-top pocket hip flask.",1,0,ok
10069742944556,"3 Inch Locking Aluminum Carabiner Clip EDC Camping Hiking Gear (Assorted Colors)",Survival/Camping,Survival/Camping,,"3-inch locking aluminum carabiner with a screw-lock gate to keep gear secure. Lightweight EDC clip for camping and hiking, in black, olive green, or silver.",156,"Three carabiners in green, black, and silver on a white background","3-inch locking aluminum carabiner clip for camping, hiking, and EDC.",1,0,ok
10069756018988,"5lb Navy Blue Wool Blanket Camping Survival Gear, 64 x 84 Inches (70% Wool, 30% Synthetic)",Survival/Camping,Survival/Camping,,"Navy blue 5lb wool blend camping blanket, 64 x 84-inch, for warmth in any emergency. A heavy-duty 70% wool layer for camping, survival, and cold nights.",152,"Folded navy blanket with orange stitching on a white background","Navy blue 5lb wool blend camping blanket, 64 x 84 inches, for warmth.",1,0,ok
10069811331372,"2pc Stainless Steel Flask and Funnel Set for Hiking Camping Outdoor Gear GIft Set (2 Sizes)",Survival/Camping,Survival/Camping,,"Stainless steel flask and funnel gift set with a 6oz or 8oz hip flask and a matching funnel for mess-free filling. Rust-resistant and pocket-ready for outdoors.",160,"Stainless steel flask with funnel on a white background","2-piece stainless steel hip flask and funnel gift set for hiking and camping.",1,0,ok
10095730983212,"Compact 50 Lumens Mini Zipper Light with Keychain, Camping Hiking EDC Survival Gear",Survival/Camping,Survival/Camping,,"Compact 50-lumen rechargeable mini zipper light with a keychain clip. USB-charged for 90 minutes of run time, a packable EDC light for camping and hiking.",154,,"Compact 50-lumen rechargeable mini zipper light with a keychain clip.",1,0,ok
10099746996524,"Wildlife Collectors Hunting Knife with Decorative Scabbard, Sleeve and Animal Head (15 Styles)",Survival/Camping,Survival/Camping,,"Collectible 13-inch wildlife hunting knife with a 7-inch 440 stainless blade and a decorative animal-head pommel and scabbard. An artistic collector piece.",155,,"Wildlife collector hunting knife with a decorative animal-head pommel and scabbard.",1,0,ok
10099787170092,"8 Inch American Back Lock Folding Pocket Knife (2 Styles)",Survival/Camping,Survival/Camping,,"8-inch back-lock folding pocket knife with a 3-inch steel blade and a patriotic bald eagle and American flag handle. A collectible everyday-carry knife.",152,,"8-inch American back-lock folding pocket knife with a bald eagle and flag handle.",1,0,ok
10099832357164,"Wild Icons Collector Fixed Blade Hunting Knife Series with Animal Head and Sheath (4 Styles)",Survival/Camping,Survival/Camping,,"Bowie-style collector hunting knife with a clip-point stainless blade, cross-guard, and full-color wild animal graphic. Includes a matching sheath.",147,,"Bowie-style collector fixed blade hunting knife with an animal-head pommel and sheath.",1,0,ok
10099850772780,"Non-Metallic Zirconia Ceramic Mini Survival Razor Blade, Wear-Resistant and Non-Dulling",Survival/Camping,Survival/Camping,,"Non-metallic zirconia ceramic survival razor blade that stays sharp and resists wear. Low-profile and lightweight for discreet everyday carry and survival kits.",160,,"Non-metallic zirconia ceramic mini survival razor blade for everyday carry.",1,0,ok
10099858768172,"Mini Folding Ceramic Razor Blade Survival Tool EDC Gear",Survival/Camping,Survival/Camping,,"Mini folding ceramic razor blade with a flip-out design and a long-lasting zirconia edge. Lightweight and discreet for SERE, survival, and everyday-carry kits.",159,,"Mini folding ceramic razor blade survival tool for EDC and survival kits.",1,0,ok
10100504035628,"Mini Logo EDC Small Pocket Knife Multitool (4 Colors)",Survival/Camping,Survival/Camping,,"Mini EDC multitool pocket knife with a blade, scissors, tweezers, nail file, and keyring. Just 2.25-inch closed for camping and everyday carry.",143,,"Mini EDC pocket knife multitool with a blade, scissors, tweezers, and keyring.",1,0,ok
10101810626860,"6pk Large Aluminum Carabiner Spring Clip with Keychain (3.25 Inches, Assorted Colors)",Survival/Camping,Survival/Camping,,"6-pack of 3.25-inch aluminum spring-clip carabiners with matching key rings. Lightweight and durable for keychains, packs, and water bottles (not for climbing).",160,,"6-pack of 3.25-inch aluminum spring-clip carabiners with matching key rings.",1,0,ok
10157710999852,"Kids 8X High-Res Optics Compact Binoculars Outdoor Travel Gift with Lanyard, Blue",Survival/Camping,Survival/Camping,,"Kids 8X compact binoculars, shockproof and lightweight for ages 3-12. Crystal-clear optics for birdwatching, hiking, and stargazing, with a lanyard.",148,,"Blue kids 8X compact binoculars with a lanyard for outdoor exploration.",1,0,ok
10158773862700,"First Aid Kit in Plastic Waterproof Case Survival Gear Emergency Preparedness Item, 50pc",Survival/Camping,Survival/Camping,,"50-piece first aid kit in a waterproof plastic case for emergencies on the trail or at home. Treat cuts, scrapes, and injuries fast wherever you are.",149,,"50-piece first aid kit in a waterproof plastic case for emergencies.",1,0,ok
10165489860908,"10 Inch Triple Riffle Gold Pan Gold Prospecting Equipment, Green","Gold Panning","Gold Panning",,"10-inch triple-riffle gold pan with three riffle zones for better gravity separation. Captures fine gold, flakes, and small nuggets fast, in green.",147,,"Green 10-inch triple-riffle gold pan for capturing fine gold and nuggets.",1,0,ok
10165513879852,"10 Inch Bottom Dual Riffle Gold Pan Gold Prospecting Equipment, Green","Gold Panning","Gold Panning",,"10-inch dual-riffle gold pan with deep side-wall riffles and micro bottom riffles to catch both nuggets and fine gold. Lightweight high-impact plastic in green.",160,,"Green 10-inch dual-riffle gold pan with deep side and micro bottom riffles.",1,0,ok
10169362415916,"Dual Grit Knife Blade Sharpening Stones, 120/240 (2 Sizes)",Survival/Camping,Survival/Camping,,"Dual-grit 120/240 sharpening stone that brings dull blades back to razor sharpness. Works on camping knives and tools, in 6-inch and 8-inch sizes.",146,,"Dual-grit 120/240 knife and tool sharpening stone, in two sizes.",1,0,ok
10246630015276,"Weather Resistant Nylon Rock Hounding Equipment Tool Bag with Shoulder Strap (18 x 8.5 x 11 inches)","Rock Hounding","Rock Hounding",,"Weather-resistant nylon rock hounding tool bag with 13 pockets, top handles, and a shoulder strap. Keeps tools, maps, and finds organized for the field.",152,,"Weather-resistant nylon rock hounding tool bag with 13 pockets and a shoulder strap.",1,0,ok
10246633947436,"4pc Premium Quality Aluminum Eye Loupe Set for Rock Hounding Geology Gold Prospecting (2.5X 5X 7.5X 10X)","Rock Hounding","Rock Hounding",,"4-piece aluminum loupe set with 2.5X, 5X, 7.5X, and 10X magnification for inspecting rocks, minerals, fossils, and gold. A field essential for rock hounds.",155,,"4-piece aluminum eye loupe set with 2.5X to 10X magnification for rock hounding.",1,0,ok
10246636929324,"20pc Complete Aluminum Storage Container Set for Rock Hounding Gold Prospecting Gemstones Geology","Rock Hounding","Rock Hounding",,"20-piece aluminum storage container set for rock hounding and gold panning. Lightweight metal tins to safely store gold flakes, gemstones, and small specimens.",159,,"20-piece aluminum storage container set for gold flakes, gemstones, and specimens.",1,0,ok
10246948356396,"3000 Lumen 5-Stage Rechargeable Flashlight with Adjustable Beam and SOS Mode Camping Gear, 7.5 Inches",Survival/Camping,Survival/Camping,,"3000-lumen rechargeable LED flashlight with a 3300-foot beam, five modes, adjustable zoom, and SOS. A 7.5-inch powerhouse for camping, hiking, and prospecting.",159,,"7.5-inch 3000-lumen rechargeable LED flashlight with an adjustable beam and SOS mode.",1,0,ok
10246952878380,"2000 Lumen 5-Stage Rechargeable Flashlight with Adjustable Beam and SOS Mode Camping Gear, 7.5 Inches",Survival/Camping,Survival/Camping,,"2000-lumen rechargeable LED flashlight with five modes, an adjustable beam, and SOS. A compact 7.5-inch light for camping, hiking, and prospecting.",147,,"7.5-inch 2000-lumen rechargeable LED flashlight with an adjustable beam and SOS mode.",1,0,ok
10246957728044,"Mini Stick On LED Lights 6 Pack Battery Operated Puck Lights with Magnet and Adhesive for Camping Gear RV Tool Boxes",Survival/Camping,Survival/Camping,,"6-pack of battery-powered mini stick-on LED puck lights with magnets and adhesive. Add bright light to camping gear, RVs, tool boxes, closets, and vehicles.",156,,"6-pack of battery-powered mini stick-on LED puck lights with magnets and adhesive.",1,0,ok
10251979817260,"Waterproof Pocket Notebook All Weather Field Notes Journal (50 Sheets with Pencil)",Survival/Camping,Survival/Camping,,"Waterproof pocket notebook with 50 tear-resistant sheets and a pencil for all-weather field notes. Compact and rugged for adventurers and outdoor professionals.",160,,"Waterproof pocket notebook with 50 tear-resistant sheets and a pencil.",1,0,ok
10251985387820,"Stainless Steel Signaling Mirror - Emergency Survival Mirror for Hiking, Camping & Outdoor Safety",Survival/Camping,Survival/Camping,,"Stainless steel emergency signaling mirror that reflects sunlight to signal rescuers or aircraft over long distances. Lightweight, durable survival gear.",153,,"Stainless steel emergency signaling mirror for outdoor safety and rescue signaling.",1,0,ok
10251991187756,"Waterproof Emergency Rain Poncho Lightweight Camping & Hiking Rain Protection (Clear, 1pk)",Survival/Camping,Survival/Camping,,"Lightweight clear emergency rain poncho that packs small for quick protection. Slip it on while hiking, at outdoor events, or camping when the weather turns.",157,,"Clear lightweight emergency rain poncho for camping and hiking.",1,0,ok
10252002165036,"2 Person Emergency Survival Shelter Lightweight Reflective Waterproof Tent",Survival/Camping,Survival/Camping,,"Two-person emergency survival shelter that reflects body heat and blocks wind, rain, and cold. Lightweight and waterproof for backcountry hikes.",144,,"Two-person reflective waterproof emergency survival shelter tent.",1,0,ok
10252005343532,"Reusable Thermal Mylar Emergency Blanket Sleeping Bag Bivvy Sack 40um Thickness",Survival/Camping,Survival/Camping,,"Reusable Mylar emergency sleeping bag bivvy with 40um thickness that traps body heat. Stay warm and dry against rain, snow, and wind in any survival kit.",153,,"Reusable Mylar thermal emergency blanket sleeping bag bivvy, 40um thick.",1,0,ok
10253890748716,"5 Gallon Collapsible Water Container Portable Camping & Emergency Water Storage",Survival/Camping,Survival/Camping,,"5-gallon collapsible water container that folds flat to pack small. Store and carry water for camping, emergencies, and outdoor trips, then collapse it away.",157,,"5-gallon collapsible water container for camping and emergency water storage.",1,0,ok
10253903167788,"Natural Citronella Mosquito Repellent Bracelet Wrist Band (4 Colors)",Survival/Camping,Survival/Camping,,"Natural citronella mosquito repellent bracelet with essential oils to keep bugs away. Non-toxic, waterproof, and one-size coil design for camping.",146,,"Natural citronella mosquito repellent bracelet wristband, in assorted colors.",1,0,ok
10253919387948,"19L Everyday Front Griptape Backpack with Padded Shoulder Straps, Green/Blue",Survival/Camping,Survival/Camping,,"19L everyday backpack in water-resistant 600D polyester with dual front pockets and padded straps. A 17-inch day pack for travel, school, and weekend trips.",156,,"19L everyday backpack in green and blue with padded shoulder straps.",1,0,ok
10264366874924,"1pc Stainless Steel Gold Prospecting Carabiner Keychain, Lightweight Durable EDC Key Holder with Split Ring (2 Styles)","Gold Panning","Gold Panning",,"Stainless steel carabiner keychain with a gold-prospecting silhouette and split ring. A lightweight, durable EDC key holder for gold panning fans.",146,,"Stainless steel gold-prospecting carabiner keychain with a split ring.",1,0,ok
10314358030636,"Mosquito Net with Mounting Kit Travel Camping Essentials Outdoor Canopy, 94.5 Inches",Survival/Camping,Survival/Camping,,"Fine-mesh round mosquito net canopy with a mounting kit for camping, travel, and home. A 131-inch diameter keeps bugs off most beds for restful nights outdoors.",160,,"Fine-mesh round mosquito net canopy with a mounting kit for camping and travel.",1,0,ok
