handle,title,has_hosted_video,has_external_video,has_videoobject_markup,hosted_video_url,hosted_preview,hosted_duration_ms,external_host,external_url,video_alt,url
gold-mining-compact-magnetic-prospectors-pick-axe,"Heavy Duty Collapsable Magnetic Prospectors Pick Axe Gold Prospecting Equipment, Silver",1,1,,https://cdn.shopify.com/videos/c/vp/7933f6feedf84230a93a66250d6c6928/7933f6feedf84230a93a66250d6c6928.HD-720p-2.1Mbps-46580052.mp4,https://cdn.shopify.com/s/files/1/0783/2056/6572/files/preview_images/7933f6feedf84230a93a66250d6c6928.thumbnail.0000000000.jpg?v=1745618213,24270,YOUTUBE,https://youtu.be/Xepf8uTnR7w,,https://asroutdoor.com/products/gold-mining-compact-magnetic-prospectors-pick-axe
rock-pick-hammer,"20oz Rock Pick Mining Hammer, 11-inch Pointed Tip Gold Prospectors Tool",0,1,,,,,YOUTUBE,https://youtu.be/XdsMWcP7A0g,,https://asroutdoor.com/products/rock-pick-hammer
30-inch-four-riffle-plastic-sluice-box-for-gold-prospecting-green,"Multi Riffle Plastic Sluice Box Gold Prospecting Equipment, Green",0,1,,,,,YOUTUBE,https://youtu.be/F3nU7PYk2CU,,https://asroutdoor.com/products/30-inch-four-riffle-plastic-sluice-box-for-gold-prospecting-green
6pc-paydirt-beginner-gold-panning-kit-with-gold-pan-vial-snuffer-bottle,"ASR Outdoor X Pan for Gold with Bobby Bo 3oz Beginner Paydirt Gold Panning Kit, 6pc",0,1,,,,,YOUTUBE,https://youtu.be/xCIlBiVK-hM,,https://asroutdoor.com/products/6pc-paydirt-beginner-gold-panning-kit-with-gold-pan-vial-snuffer-bottle
asr-outdoor-7pc-gold-panning-kit-with-1lbs-bobby-bo-beginner-classified-paydirt-bag-green-or-black,"ASR Outdoor Beginner Gold Panning Kit with 1LB Guaranteed Gold Paydirt (3 Colors), 6pc",0,1,,,,,YOUTUBE,https://youtu.be/xCIlBiVK-hM,,https://asroutdoor.com/products/asr-outdoor-7pc-gold-panning-kit-with-1lbs-bobby-bo-beginner-classified-paydirt-bag-green-or-black
15pc-complete-backpack-gold-panning-kit-with-mini-sluice-box-and-3lb-gold-bobby-bo-paydirt-aluminum-or-rubber,"15pc Travel Backpack Gold Panning Kit with Mini Sluice Box and 3lb Gold Bobby Bo Paydirt (2 Styles)",0,1,,,,,YOUTUBE,https://youtu.be/I52rzwyfliE,,https://asroutdoor.com/products/15pc-complete-backpack-gold-panning-kit-with-mini-sluice-box-and-3lb-gold-bobby-bo-paydirt-aluminum-or-rubber
50-aluminum-folding-sluice-box-gold-prospecting-equipment,"50 Inch Aluminum Folding Gold Sluice Box Prospecting Equipment",0,1,,,,,YOUTUBE,https://youtu.be/OdcvlszXOH0,,https://asroutdoor.com/products/50-aluminum-folding-sluice-box-gold-prospecting-equipment
gold-rush-sifting-screen-classifier-sieve-mini-6-inch-multiple-mesh-sizes,"Small Stackable 6 Inch Classifier Screen Sifting Sieves, Assorted Stainless Steel Mesh Sizes",0,1,,,,,YOUTUBE,https://youtu.be/BX_OnDzxXRA,,https://asroutdoor.com/products/gold-rush-sifting-screen-classifier-sieve-mini-6-inch-multiple-mesh-sizes
gold-panning-aluminum-mini-sluice-box-with-rubber-matting-12-inch,"Mini Portable Aluminum Sluice Box with Rubber Matting Gold Prospecting Equipment, 12 Inch",0,1,,,,,YOUTUBE,https://youtu.be/I52rzwyfliE,,https://asroutdoor.com/products/gold-panning-aluminum-mini-sluice-box-with-rubber-matting-12-inch
pocket-sluice-box-for-gold-panning-3-riffle-tpr-rubber-groove-mat-12,"Mini Portable 3 Riffle Rubber Sluice Box Gold Prospecting Equipment, 12 Inch",0,1,,,,,YOUTUBE,https://youtu.be/3KRzsc-stEE,,https://asroutdoor.com/products/pocket-sluice-box-for-gold-panning-3-riffle-tpr-rubber-groove-mat-12
rubber-mat-riffled-sluice-box-matting-for-gold-recovery-27x10-inch,"Large Rubber Riffled Sluice Box Matting for Gold Recovery, 27 x 10 inch",0,1,,,,,YOUTUBE,https://youtu.be/o6ToaVuqtZk,,https://asroutdoor.com/products/rubber-mat-riffled-sluice-box-matting-for-gold-recovery-27x10-inch
aluminum-sluice-box-with-rubber-tpr-riffle-matting-gold-prospecting-equipment-34-inch,"Aluminum Sluice Box with Rubber TPR Riffle Matting, Gold Prospecting Equipment, 34 Inch",0,1,,,,,YOUTUBE,https://youtu.be/vW6hZTmYAqc,,https://asroutdoor.com/products/aluminum-sluice-box-with-rubber-tpr-riffle-matting-gold-prospecting-equipment-34-inch
3-in-1-black-trifold-steel-multipurpose-serrated-shovel-pick-and-saw-with-storage-case-22-inch,"3 in 1 Black Trifold Steel Multipurpose Serrated Shovel Pick and Saw with Storage Case, 22 Inch",0,1,,,,,YOUTUBE,https://youtu.be/D0Sch7DMcHM,,https://asroutdoor.com/products/3-in-1-black-trifold-steel-multipurpose-serrated-shovel-pick-and-saw-with-storage-case-22-inch
hrc-steel-shovel-with-knurled-wooden-handle-gold-prospecting-equipment-28-25-inch,"HRC Steel Shovel with Knurled Wooden Handle Gold Prospecting Equipment, 28.25 Inch",0,1,,,,,YOUTUBE,https://youtu.be/D0Sch7DMcHM,,https://asroutdoor.com/products/hrc-steel-shovel-with-knurled-wooden-handle-gold-prospecting-equipment-28-25-inch
3-in-1-black-mini-folding-serrated-edge-shovel-pick-and-saw-gold-prospecting-equipment-16-inches,"3 in 1 Black Mini Folding Serrated Edge Shovel Pick and Saw Gold Prospecting Equipment, 16 Inches",0,1,,,,,YOUTUBE,https://youtu.be/D0Sch7DMcHM,,https://asroutdoor.com/products/3-in-1-black-mini-folding-serrated-edge-shovel-pick-and-saw-gold-prospecting-equipment-16-inches
1-2-inch-mesh-plastic-stackable-classifier-sifting-screen-gold-prospecting-equipment-green,"Heavy Duty Stackable Plastic Sifting Screens Gold Prospecting Equipment Rock Hounding (3 Sizes)",0,1,,,,,YOUTUBE,https://youtu.be/GRGKibzHhNQ,,https://asroutdoor.com/products/1-2-inch-mesh-plastic-stackable-classifier-sifting-screen-gold-prospecting-equipment-green
13pc-geology-rock-hounding-kit-with-mining-tools-and-deluxe-carry-bag,"21pc Geology Rock Hounding Kit with Mining Tools and Deluxe Carry Bag",0,1,,,,,YOUTUBE,https://youtu.be/3N-gFD2G-jQ,,https://asroutdoor.com/products/13pc-geology-rock-hounding-kit-with-mining-tools-and-deluxe-carry-bag
3pc-collapsible-camping-lantern-assorted-colors,"3pc Collapsible Camping Lantern, Assorted Colors",1,0,,https://cdn.shopify.com/videos/c/vp/4bc40285560e49319acfcd214d2c4bff/4bc40285560e49319acfcd214d2c4bff.HD-1080p-7.2Mbps-32329759.mp4,https://cdn.shopify.com/s/files/1/0783/2056/6572/files/preview_images/4bc40285560e49319acfcd214d2c4bff.thumbnail.0000000000.jpg?v=1721944536,12610,,,,https://asroutdoor.com/products/3pc-collapsible-camping-lantern-assorted-colors
12pc-break-your-own-geodes-kit-with-sledge-hammer-and-safety-goggles-assorted-size-geodes,"12pc Break Your Own Geodes Kit with Sledge Hammer and Safety Goggles (Assorted Size Geodes)",0,1,,,,,YOUTUBE,https://youtu.be/KLobXEEdf1Q,,https://asroutdoor.com/products/12pc-break-your-own-geodes-kit-with-sledge-hammer-and-safety-goggles-assorted-size-geodes
5lb-rough-brazilian-gemstone-paydirt-bag-geology-science-kit,"5LB Genuine Rough Gemstone Paydirt Bags, Rocks and Minerals Collection, Sift, Sort and Find Treasure",0,1,,,,,YOUTUBE,https://youtu.be/t9Fc9uBs24Y,,https://asroutdoor.com/products/5lb-rough-brazilian-gemstone-paydirt-bag-geology-science-kit
5lb-genuine-tumbled-rocks-and-gemstone-paydirt-geology-science-kit-14pc,"5lb Genuine Tumbled Rocks and Rough Gemstone Paydirt Kits, 14pc (2 Styles)",0,1,,,,,YOUTUBE,https://youtu.be/t9Fc9uBs24Y,,https://asroutdoor.com/products/5lb-genuine-tumbled-rocks-and-gemstone-paydirt-geology-science-kit-14pc
first-aid-kit-in-plastic-waterproof-case-emergency-supplies-survival-gear-50pc,"First Aid Kit in Plastic Waterproof Case Survival Gear Emergency Preparedness Item, 50pc",0,1,,,,,YOUTUBE,https://youtu.be/O_ithEcabnU,,https://asroutdoor.com/products/first-aid-kit-in-plastic-waterproof-case-emergency-supplies-survival-gear-50pc
asr-outdoor-deluxe-50-aluminum-folding-sluice-box-gold-panning-backpack-kit,"24pc Deluxe 50 Inch Aluminum Folding Sluice Box Gold Panning Kit with 30L Backpack",0,0,,,,,,,,https://asroutdoor.com/products/asr-outdoor-deluxe-50-aluminum-folding-sluice-box-gold-panning-backpack-kit
asr-outdoor-sluice-box-gold-prospecting-kit-pan-vial-snifter-trowel-tweezer-7pc,"7pc Beginner Sluice Box Gold Panning Kit with Gold Prospecting Equipment (Aluminum or Plastic)",0,0,,,,,,,,https://asroutdoor.com/products/asr-outdoor-sluice-box-gold-prospecting-kit-pan-vial-snifter-trowel-tweezer-7pc
asr-outdoor-24pc-gold-panning-kit-with-5-gallon-bucket-and-10lb-bobby-bo-paydirt-2-colors,"24pc Gold Panning Kit with 5 Gallon Bucket and 10lb Pan for Gold with Bobby Bo Paydirt (2 Colors)",0,0,,,,,,,,https://asroutdoor.com/products/asr-outdoor-24pc-gold-panning-kit-with-5-gallon-bucket-and-10lb-bobby-bo-paydirt-2-colors
asr-outdoor-7pc-starter-gold-panning-kit-beginner-prospecting-equipment-with-paydirt-3-colors,"7pc Kids Starter Gold Panning Kit Beginner Prospecting Equipment with Paydirt (3 Colors)",0,0,,,,,,,,https://asroutdoor.com/products/asr-outdoor-7pc-starter-gold-panning-kit-beginner-prospecting-equipment-with-paydirt-3-colors
asr-outdoor-gold-panning-paydirt-1lb-advanced-bag-gold-prospecting-concentrate-flakes-green-or-black,"ASR Outdoor Gold Panning Paydirt 1LB Advanced Bag Gold Prospecting Concentrate Flakes (Green or Black)",0,0,,,,,,,,https://asroutdoor.com/products/asr-outdoor-gold-panning-paydirt-1lb-advanced-bag-gold-prospecting-concentrate-flakes-green-or-black
asr-outdoor-7pc-gold-panning-kit-with-1lbs-bobby-bo-intermediate-unclassified-paydirt-bag-green-or-black,"ASR Outdoor 6pc Gold Panning Kit with 1lbs Bobby Bo Intermediate Unclassified Paydirt Bag (Green or Black)",0,0,,,,,,,,https://asroutdoor.com/products/asr-outdoor-7pc-gold-panning-kit-with-1lbs-bobby-bo-intermediate-unclassified-paydirt-bag-green-or-black
gold-pan-with-dual-riffles-prospecting-tool-3-colors-and-sizes,"Dual Riffle Gold Pans Gold Prospecting Equipment (3 Colors and Sizes)",0,0,,,,,,,,https://asroutdoor.com/products/gold-pan-with-dual-riffles-prospecting-tool-3-colors-and-sizes
asr-outdoor-17pc-complete-backpack-sluice-box-gold-panning-kit-with-10lb-bobby-bo-intermediate-gold-paydirt-3-colors,"17pc Complete Backpack Sluice Box Gold Panning Kit with 10lb Bobby Bo Intermediate Gold Paydirt (3 Colors)",0,0,,,,,,,,https://asroutdoor.com/products/asr-outdoor-17pc-complete-backpack-sluice-box-gold-panning-kit-with-10lb-bobby-bo-intermediate-gold-paydirt-3-colors
gold-prospecting-5pc-beginners-kit-with-gold-pan-vial-snifter-bottle,"5pc Beginners Gold Panning Kit with Pan, Glass Vials, Snifter Bottle, Magnifying Tweezers",0,0,,,,,,,,https://asroutdoor.com/products/gold-prospecting-5pc-beginners-kit-with-gold-pan-vial-snifter-bottle
asr-outdoor-backpack-gold-panning-kit-with-mini-sluice-box-14pc-2-styles,"14pc Backpack Gold Panning Kit with 12"" Mini Sluice Box (Rubber or Aluminum)",0,0,,,,,,,,https://asroutdoor.com/products/asr-outdoor-backpack-gold-panning-kit-with-mini-sluice-box-14pc-2-styles
5-gallong-bucket-gold-panning-classifier-screen-prospecting-equipment,"Stackable 5 Gallon Bucket Classifier Screens Sifting Sieves (Many Sizes)",0,0,,,,,,,,https://asroutdoor.com/products/5-gallong-bucket-gold-panning-classifier-screen-prospecting-equipment
prospecting-sand-scoop-plastic-12-5-inch-trowel,"Large Gold Panning Prospector's Sand Scoop Hand Trowel (4 Colors)",0,0,,,,,,,,https://asroutdoor.com/products/prospecting-sand-scoop-plastic-12-5-inch-trowel
8-5-inch-large-plastic-sand-scoop-for-metal-detector-treasure-hunting,"8.5 inch Large Plastic Sand Scoop for Metal Detector Treasure Hunting (3 Colors)",0,0,,,,,,,,https://asroutdoor.com/products/8-5-inch-large-plastic-sand-scoop-for-metal-detector-treasure-hunting
asr-outdoor-16pc-beginner-geology-rock-hounding-kit-with-mining-tools-and-carry-bag,"16pc Beginner Geology Rock Hounding Kit with Mining Tools and Tool Bag",0,0,,,,,,,,https://asroutdoor.com/products/asr-outdoor-16pc-beginner-geology-rock-hounding-kit-with-mining-tools-and-carry-bag
5-plastic-heavy-duty-gold-snifter-snuffer-bottle-squeeze-nozzle-multi-packs,"3oz Plastic Heavy Duty Gold Snifter Bottle with Squeeze Nozzle (Multi-Packs)",0,0,,,,,,,,https://asroutdoor.com/products/5-plastic-heavy-duty-gold-snifter-snuffer-bottle-squeeze-nozzle-multi-packs
mini-sluice-box-with-3-5-gallon-bucket-gold-panning-kit-20pc,"20pc Mini Pocket Sluice Box with 3.5 Gallon Bucket Gold Panning Kit (2 Styles)",0,0,,,,,,,,https://asroutdoor.com/products/mini-sluice-box-with-3-5-gallon-bucket-gold-panning-kit-20pc
13pc-gold-panning-backpack-kit-collapsible-bucket,"13pc Portable Gold Panning Kit with Collapsible Bucket, Mini Aluminum Sluice Box and 30L Backpack (4 Colors)",0,0,,,,,,,,https://asroutdoor.com/products/13pc-gold-panning-backpack-kit-collapsible-bucket
10pc-gold-panning-starter-set-kit-gold-rush-prospecting-tools,"10pc Beginner Gold Panning Kit Gold Prospecting Equipment (3 Colors)",0,0,,,,,,,,https://asroutdoor.com/products/10pc-gold-panning-starter-set-kit-gold-rush-prospecting-tools
4x-magnification-magnifying-tweezers-gold-panning-accessory,"4x Magnification Steel Magnifying Tweezers Gold Prospecting Equipment, 1 Pair",0,0,,,,,,,,https://asroutdoor.com/products/4x-magnification-magnifying-tweezers-gold-panning-accessory
10-inch-single-riffle-standard-gold-pan-multiple-colors,"10 Inch Traditional Single Riffle Standard Gold Pan (3 Colors)",0,0,,,,,,,,https://asroutdoor.com/products/10-inch-single-riffle-standard-gold-pan-multiple-colors
14-inch-ridge-riffle-gold-pan-with-water-guide-2-colors,"14 Inch Traditional Large Single Ridge Riffle Finishing Gold Pan with Water Guide (2 Colors)",0,0,,,,,,,,https://asroutdoor.com/products/14-inch-ridge-riffle-gold-pan-with-water-guide-2-colors
gold-panning-precision-plastic-dropper-pipette-5-5-inch-3ml-multiple-pack-sizes,"3mL Gold Panning Precision Plastic Dropper Pipettes 5.5 Inch (Multiple Pack Sizes)",0,0,,,,,,,,https://asroutdoor.com/products/gold-panning-precision-plastic-dropper-pipette-5-5-inch-3ml-multiple-pack-sizes
50-inch-aluminum-folding-sluice-box-for-gold-prospecting-backpack-kit-3-colors,"50 Inch Aluminum Folding Sluice Box Backpack Kit Gold Prospecting Equipment (4 Colors)",0,0,,,,,,,,https://asroutdoor.com/products/50-inch-aluminum-folding-sluice-box-for-gold-prospecting-backpack-kit-3-colors
asr-outdoor-black-drawstring-backpack-gym-bag-hiking-gear-20-x-16-inches,"ASR Outdoor Black Drawstring Backpack Gym Bag Hiking Gear, 20 x 16 Inches",0,0,,,,,,,,https://asroutdoor.com/products/asr-outdoor-black-drawstring-backpack-gym-bag-hiking-gear-20-x-16-inches
asr-outdoor-30l-heavy-stitch-gold-panning-backpack-camping-canvas-rucksack-3-colors,"30L Heavy Stitch Gold Panning Backpack Camping Gear Canvas Rucksack (4 Colors)",0,0,,,,,,,,https://asroutdoor.com/products/asr-outdoor-30l-heavy-stitch-gold-panning-backpack-camping-canvas-rucksack-3-colors
7pc-classic-field-gold-panning-kit-with-dual-riffle-gold-pans-2-colors,"7pc Classic Field Beginner Gold Panning Kit with Dual Riffle Gold Pans (2 Colors)",0,0,,,,,,,,https://asroutdoor.com/products/7pc-classic-field-gold-panning-kit-with-dual-riffle-gold-pans-2-colors
4pc-dual-riffle-gold-pan-set-gold-prospecting-equipment-2-colors,"4pc Dual Riffle Gold Pan Set Gold Prospecting Equipment (2 Colors)",0,0,,,,,,,,https://asroutdoor.com/products/4pc-dual-riffle-gold-pan-set-gold-prospecting-equipment-2-colors
14pc-finishing-gold-prospecting-equipment-gold-panning-kit-black,"14pc Beginner Finishing Gold Prospecting Equipment Gold Panning Kit, Black",0,0,,,,,,,,https://asroutdoor.com/products/14pc-finishing-gold-prospecting-equipment-gold-panning-kit-black
asr-outdoor-complete-gold-panning-kit-prospecting-equipment-with-classifier-screens-dual-riffle-gold-pans-11pc,"11pc Complete Gold Panning Kit with Classifier Screens, Gold Pans and Prospecting Tools, Green",0,0,,,,,,,,https://asroutdoor.com/products/asr-outdoor-complete-gold-panning-kit-prospecting-equipment-with-classifier-screens-dual-riffle-gold-pans-11pc
gold-panning-portable-compact-magnetic-pickup-tool-with-quick-release-rubber-handle,"Magnetic Pick Up Tool - Gold Prospecting Black Sand Separator Magnet with Quick Release Handle (2 Sizes)",0,0,,,,,,,,https://asroutdoor.com/products/gold-panning-portable-compact-magnetic-pickup-tool-with-quick-release-rubber-handle
2-inch-precious-metal-testing-stone-for-gold-panning,"2 Inch Natural Testing Stone Prospecting Tools, Black",0,0,,,,,,,,https://asroutdoor.com/products/2-inch-precious-metal-testing-stone-for-gold-panning
19pc-ultimate-gold-panning-kit-with-classifier-screens-gold-pans-rock-pick,"19pc Ultimate Gold Panning Kit with Classifier Screens, Gold Pans, Rock Pick",0,0,,,,,,,,https://asroutdoor.com/products/19pc-ultimate-gold-panning-kit-with-classifier-screens-gold-pans-rock-pick
miners-moss-sluice-box-matting-for-gold-prospecting-multiple-sizes-and-colors,"Miners Moss Sluice Box Matting for Gold Prospecting (Multiple Sizes and Colors)",0,0,,,,,,,,https://asroutdoor.com/products/miners-moss-sluice-box-matting-for-gold-prospecting-multiple-sizes-and-colors
metal-detector-2-in-1-plastic-black-scoop-with-steel-probe,"2 in 1 Metal Detector Sand Scoop with Built-in Steel Probe, Black",0,0,,,,,,,,https://asroutdoor.com/products/metal-detector-2-in-1-plastic-black-scoop-with-steel-probe
22pc-complete-finishing-gold-panning-kit-with-rock-pick-hammer-green,"22pc Complete Finishing Gold Panning Kit with Rock Pick Hammer, Green",0,0,,,,,,,,https://asroutdoor.com/products/22pc-complete-finishing-gold-panning-kit-with-rock-pick-hammer-green
27-compact-aluminum-sluice-box-with-flared-mouth-gold-prospecting,"27 Inch Compact Aluminum Sluice Box with Flared Mouth Gold Prospecting Equipment",0,0,,,,,,,,https://asroutdoor.com/products/27-compact-aluminum-sluice-box-with-flared-mouth-gold-prospecting
green-heavy-duty-plastic-gold-rush-gold-panning-hand-scoop-trowel,"Green Gold Rush Lightweight Hand Scoop Trowel Gold Prospecting Equipment",0,0,,,,,,,,https://asroutdoor.com/products/green-heavy-duty-plastic-gold-rush-gold-panning-hand-scoop-trowel
gold-prospecting-black-sand-5lb-magnetic-steel-pocket-separator-pen,"5lbs Magnetic Black Sand Steel Pocket Separator Pen Pick Up Tool",0,0,,,,,,,,https://asroutdoor.com/products/gold-prospecting-black-sand-5lb-magnetic-steel-pocket-separator-pen
gold-rush-prospecting-sand-scoop-beveled-riffle-edge-12-5-inch-green,"12.5 Inch Riffled Edge Prospector's Sand Scoop Gold Prospecting Equipment, Green",0,0,,,,,,,,https://asroutdoor.com/products/gold-rush-prospecting-sand-scoop-beveled-riffle-edge-12-5-inch-green
sluice-box-gold-panning-kit-with-1-2-classifier-prospecting-equipment-21pc,"21pc Folding 50 Inch Aluminum Sluice Box Gold Panning Kit with Gold Recovery Prospecting Tools",0,0,,,,,,,,https://asroutdoor.com/products/sluice-box-gold-panning-kit-with-1-2-classifier-prospecting-equipment-21pc
21pc-testing-and-finishing-gold-panning-kit-with-tool-box,"21pc Testing and Finishing Gold Panning Kit with Tool Box",0,0,,,,,,,,https://asroutdoor.com/products/21pc-testing-and-finishing-gold-panning-kit-with-tool-box
10l-collapsible-bucket-and-stand-gold-prospecting-equipment-6pc,"10L Collapsible Silicone Bucket Gold Prospecting Equipment",0,0,,,,,,,,https://asroutdoor.com/products/10l-collapsible-bucket-and-stand-gold-prospecting-equipment-6pc
3-5-or-5-gallon-white-heavy-duty-bucket-with-handle-gold-prospecting-equipment,"3.5 or 5 Gallon White Heavy Duty Bucket with Handle Gold Prospecting Equipment",0,0,,,,,,,,https://asroutdoor.com/products/3-5-or-5-gallon-white-heavy-duty-bucket-with-handle-gold-prospecting-equipment
4oz-plastic-heavy-duty-gold-snifter-snuffer-bottle-squeeze-nozzle-multi-packs,"4oz Gold Snifter Bottle Squeeze Snuffer for Fine Gold Recovery and Gold Panning (Assorted Pack Sizes)",0,0,,,,,,,,https://asroutdoor.com/products/4oz-plastic-heavy-duty-gold-snifter-snuffer-bottle-squeeze-nozzle-multi-packs
16pc-traditional-sluice-box-finishg-gold-panning-kit-with-classifier-screens-2-styles,"16pc Traditional Sluice Box Finishing Gold Panning Kit with Classifier Screens, Green",0,0,,,,,,,,https://asroutdoor.com/products/16pc-traditional-sluice-box-finishg-gold-panning-kit-with-classifier-screens-2-styles
38pc-deluxe-geology-rock-hounding-kit-with-mining-tools-and-musette-carry-bag,"40pc Deluxe Geology Rock Hounding Kit with Mining Tools and Musette Tool Bag",0,0,,,,,,,,https://asroutdoor.com/products/38pc-deluxe-geology-rock-hounding-kit-with-mining-tools-and-musette-carry-bag
magnifying-tweezer-and-glass-collection-vials-set-gold-panning-accessories-5pc,"Magnifying Tweezer and Glass Collection Vials Set Gold Panning Accessories, 5pc",0,0,,,,,,,,https://asroutdoor.com/products/magnifying-tweezer-and-glass-collection-vials-set-gold-panning-accessories-5pc
19pc-complete-fine-gold-recovery-kit-gold-prospecting-equipment-with-mini-funnel,"19pc Complete Fine Gold Recovery Kit Gold Prospecting Equipment with Mini Funnel",0,0,,,,,,,,https://asroutdoor.com/products/19pc-complete-fine-gold-recovery-kit-gold-prospecting-equipment-with-mini-funnel
14pc-portable-gold-panning-kit-with-stackable-sifter-and-drawstring-backpack-gold-prospecting-equipment,"14pc Portable Gold Panning Kit with Stackable Plastic Sifting Screens, Drawstring Backpack and Gold Prospecting Equipment (3 Sizes)",0,0,,,,,,,,https://asroutdoor.com/products/14pc-portable-gold-panning-kit-with-stackable-sifter-and-drawstring-backpack-gold-prospecting-equipment
asr-outdoor-x-bobby-bo-assorted-paydirt-bags,"ASR Outdoor and Pan for Gold with Bobby Bo Guaranteed Gold Paydirt Bags (3oz, 1LB, 3LB, 10LB)",0,0,,,,,,,,https://asroutdoor.com/products/asr-outdoor-x-bobby-bo-assorted-paydirt-bags
13-pocket-musette-carry-shoulder-bag-for-rock-hounding,"13 Pocket Musette Shoulder Tool Bag for Rock Hounding or Metal Detecting",0,0,,,,,,,,https://asroutdoor.com/products/13-pocket-musette-carry-shoulder-bag-for-rock-hounding
half-inch-plastic-sifting-screen-classifier-4-holes-per-square-inch,"Stackable 1/4"" Classifier Sifting Screen Gold Prospecting Equipment",0,0,,,,,,,,https://asroutdoor.com/products/half-inch-plastic-sifting-screen-classifier-4-holes-per-square-inch
19pc-metal-detector-accessories-kit-with-musette-style-field-tool-bag,"19pc Metal Detector Accessories Kit with Musette Style Field Tool Bag",0,0,,,,,,,,https://asroutdoor.com/products/19pc-metal-detector-accessories-kit-with-musette-style-field-tool-bag
13-inch-serrated-edge-digger-versatile-hand-trowel-for-breaking-up-hard-ground,"13 Inch Serrated Edge Digger, Versatile Hand Trowel for Breaking up Hard Ground",0,0,,,,,,,,https://asroutdoor.com/products/13-inch-serrated-edge-digger-versatile-hand-trowel-for-breaking-up-hard-ground
11-inch-pin-pointer-metal-detecting-hand-trowel-shovel-with-depth-markers-2-colors,"11 Inch Pin Pointer Metal Detecting Hand Trowel Shovel with Depth Markers (2 Colors)",0,0,,,,,,,,https://asroutdoor.com/products/11-inch-pin-pointer-metal-detecting-hand-trowel-shovel-with-depth-markers-2-colors
asr-outdoor-10l-collapsible-bucket-and-stand-gold-prospecting-equipment-6pc,"ASR Outdoor 10L Collapsible Bucket and Stand Gold Prospecting Equipment, 6pc",0,0,,,,,,,,https://asroutdoor.com/products/asr-outdoor-10l-collapsible-bucket-and-stand-gold-prospecting-equipment-6pc
asr-outdoor-1-4-classifier-screen-set-with-10l-collapsible-bucket-gold-panning-kit,"Classifier Screen with 10L Collapsible Silicone Bucket Gold Prospecting Equipment",0,0,,,,,,,,https://asroutdoor.com/products/asr-outdoor-1-4-classifier-screen-set-with-10l-collapsible-bucket-gold-panning-kit
3pc-heavy-duty-cold-steel-chisel-set-rock-hounding-equipment,"3pc Heavy Duty Cold Steel Chisel Set Rock Hounding Equipment",0,0,,,,,,,,https://asroutdoor.com/products/3pc-heavy-duty-cold-steel-chisel-set-rock-hounding-equipment
lightweight-carbon-steel-camping-hammer-with-tent-stakes-puller-12-inch,"Lightweight Carbon Steel Camping Hammer with Tent Stakes Puller, 12 Inch",0,0,,,,,,,,https://asroutdoor.com/products/lightweight-carbon-steel-camping-hammer-with-tent-stakes-puller-12-inch
10-in-1-compact-survival-kit-camping-hiking-gear-emergency-supplies-green,"10 in 1 Compact Survival Device Camping Hiking Gear Emergency Supplies, Green",0,0,,,,,,,,https://asroutdoor.com/products/10-in-1-compact-survival-kit-camping-hiking-gear-emergency-supplies-green
4pk-aluminum-screw-in-tent-stakes-9-inch,"4pk Aluminum Screw in Tent Stakes, 9 Inch",0,0,,,,,,,,https://asroutdoor.com/products/4pk-aluminum-screw-in-tent-stakes-9-inch
2pk-zipper-pull-mini-compass,"2pk Lightweight Zipper Pull Mini Compass Hiking Camping Gear, Black",0,0,,,,,,,,https://asroutdoor.com/products/2pk-zipper-pull-mini-compass
hanging-camping-lantern-battery-operated-led,"Hanging Camping Lantern Battery Operated LED",0,0,,,,,,,,https://asroutdoor.com/products/hanging-camping-lantern-battery-operated-led
36-hour-camping-survival-candle-in-portable-box-3-wick,"36 Hour Camping Survival Candle in Portable Box, 3 Wick",0,0,,,,,,,,https://asroutdoor.com/products/36-hour-camping-survival-candle-in-portable-box-3-wick
thermal-mat-heat-reflective-camping-sleeping-pad,"Thermal Mat Heat Reflective Camping Sleeping Pad",0,0,,,,,,,,https://asroutdoor.com/products/thermal-mat-heat-reflective-camping-sleeping-pad
6pc-tent-stake-set-with-hook-head-for-hard-packed-soil,"Heavy Duty Galvanized Carbon Steel Tent Stakes 11 Inch - Camping Ground Anchors for Tents Tarps Canopies (3 Colors, Assorted Pack Sizes)",0,0,,,,,,,,https://asroutdoor.com/products/6pc-tent-stake-set-with-hook-head-for-hard-packed-soil
6-in-1-camping-kitchen-multi-tool-with-carrying-case-and-bottle-opener,"6 in 1 Camping Kitchen Multi-Tool with Carrying Case and Bottle Opener",0,0,,,,,,,,https://asroutdoor.com/products/6-in-1-camping-kitchen-multi-tool-with-carrying-case-and-bottle-opener
elastic-shock-cord-natural-rubber-30-feet-3mm-diameter-black,"Elastic Shock Cord Natural Rubber 30 Feet 3mm Diameter, Black",0,0,,,,,,,,https://asroutdoor.com/products/elastic-shock-cord-natural-rubber-30-feet-3mm-diameter-black
55pc-compact-travel-first-aid-kit-in-resealable-bag,"55pc Compact Travel First Aid Kit in Resealable Bag",0,0,,,,,,,,https://asroutdoor.com/products/55pc-compact-travel-first-aid-kit-in-resealable-bag
3pc-reusable-camping-cutlery-plastic-utensils-set,"3pc Reusable Camping Cutlery Plastic Utensils Set",0,0,,,,,,,,https://asroutdoor.com/products/3pc-reusable-camping-cutlery-plastic-utensils-set
3-in-1-waterproof-match-stick-storage-container-with-fire-starter-and-signal-mirror,"3-in-1 Waterproof Match Container - Fire Starter Flint, Signal Mirror & Dry Storage Capsule (2 Colors)",0,0,,,,,,,,https://asroutdoor.com/products/3-in-1-waterproof-match-stick-storage-container-with-fire-starter-and-signal-mirror
multi-function-key-chain-knife-tool,"Multi-Function Key Chain Knife Tool",0,0,,,,,,,,https://asroutdoor.com/products/multi-function-key-chain-knife-tool
fishing-fillet-knife-hard-sheath-and-floating-handle-6-inch-blade,"Fishing Fillet Knife Hard Sheath and Floating Handle, 6 inch Blade",0,0,,,,,,,,https://asroutdoor.com/products/fishing-fillet-knife-hard-sheath-and-floating-handle-6-inch-blade
7-function-small-pocket-camping-utensil-flatware-spoon-fork-knife,"7 Function Small Pocket Camping Utensil Flatware, Spoon Fork Knife",0,0,,,,,,,,https://asroutdoor.com/products/7-function-small-pocket-camping-utensil-flatware-spoon-fork-knife
insulated-stainless-steel-coffee-mug-with-travel-splash-guard-lid-7-4oz,"Insulated Stainless Steel Coffee Mug with Travel Splash Guard Lid, 7.4oz",0,0,,,,,,,,https://asroutdoor.com/products/insulated-stainless-steel-coffee-mug-with-travel-splash-guard-lid-7-4oz
6mm-water-bottle-holder-with-blue-aluminum-carabiner-attachment,"6mm Water Bottle Holder with Blue Aluminum Carabiner Attachment",0,0,,,,,,,,https://asroutdoor.com/products/6mm-water-bottle-holder-with-blue-aluminum-carabiner-attachment
folding-collapsible-pet-travel-food-bowl-dish,"Folding Collapsible Pet Travel Food Bowl Dish",0,0,,,,,,,,https://asroutdoor.com/products/folding-collapsible-pet-travel-food-bowl-dish
emergency-1-person-survival-first-aid-kit,"100pc Portable Dry Sack First Aid Kit Dry Emergency Preparedness Items Survival Gear",0,0,,,,,,,,https://asroutdoor.com/products/emergency-1-person-survival-first-aid-kit
waterproof-first-aid-storage-container-5-5-inch-clear,"Clear Waterproof All Purpose Storage Container, Hiking and Camping Gear, 5.5 Inch",0,0,,,,,,,,https://asroutdoor.com/products/waterproof-first-aid-storage-container-5-5-inch-clear
5-gallon-bucket-portable-toilet-seat-with-lid,"5 Gallon Bucket Portable Toilet Seat",0,0,,,,,,,,https://asroutdoor.com/products/5-gallon-bucket-portable-toilet-seat-with-lid
survival-7-in-1-multitool-with-whistle-compass-led-flashlight,"Survival 7 in 1 Multitool with Whistle Compass LED Flashlight",0,0,,,,,,,,https://asroutdoor.com/products/survival-7-in-1-multitool-with-whistle-compass-led-flashlight
extendable-marshmallow-toaster-bbq-fork-35-5,"Extendable Marshmallow Toaster BBQ Fork - 35.5""",0,0,,,,,,,,https://asroutdoor.com/products/extendable-marshmallow-toaster-bbq-fork-35-5
3-in-1-flint-fire-starter-whistle-black,"3 in 1 Flint Fire Starter Whistle - Black",0,0,,,,,,,,https://asroutdoor.com/products/3-in-1-flint-fire-starter-whistle-black
3-pack-emergency-glow-stick-high-visibility-safety-light,"High Visibility Emergency Glow Stick Safety Light, 1pk",0,0,,,,,,,,https://asroutdoor.com/products/3-pack-emergency-glow-stick-high-visibility-safety-light
fire-stick-starter-survival-tool-with-keychain-and-compass,"Fire Stick Starter Survival Tool with Keychain and Compass",0,0,,,,,,,,https://asroutdoor.com/products/fire-stick-starter-survival-tool-with-keychain-and-compass
water-resistant-slow-burning-tinder-sticks-12-pack,"12pk Water Resistant Non Toxic Slow Burning Tinder Sticks Camping Gear",0,0,,,,,,,,https://asroutdoor.com/products/water-resistant-slow-burning-tinder-sticks-12-pack
3-in-1-hiking-camping-survival-multi-tool-fire-starter-pocket-knife,"3 in 1 Hiking Camping Survival Multi Tool Fire Starter Pocket Knife",0,0,,,,,,,,https://asroutdoor.com/products/3-in-1-hiking-camping-survival-multi-tool-fire-starter-pocket-knife
survival-mylar-extreme-emergency-blanket-orange,"Survival Mylar Extreme Emergency Blanket, Orange",0,0,,,,,,,,https://asroutdoor.com/products/survival-mylar-extreme-emergency-blanket-orange
38pc-compact-survival-kit-in-illuminated-dry-box,"38pc Compact Survival Kit in Illuminated Dry Box",0,0,,,,,,,,https://asroutdoor.com/products/38pc-compact-survival-kit-in-illuminated-dry-box
stainless-steel-multi-tool-edc-utility-17-function-pocket-knife-with-carry-pouch,"14 in 1 Stainless Steel ECD Utility Multitool Pocket Knife with Carry Pouch",0,0,,,,,,,,https://asroutdoor.com/products/stainless-steel-multi-tool-edc-utility-17-function-pocket-knife-with-carry-pouch
emergency-outdoor-winter-blanket-insulated-thermal-reflector-4-pack,"Emergency Outdoor Winter Blanket Insulated Thermal Reflector 4 Pack",0,0,,,,,,,,https://asroutdoor.com/products/emergency-outdoor-winter-blanket-insulated-thermal-reflector-4-pack
illuminated-dry-box-detachable-lid-large-waterproof-storage-case,"Illuminated Dry Box Detachable Lid Large Waterproof Storage Case",0,0,,,,,,,,https://asroutdoor.com/products/illuminated-dry-box-detachable-lid-large-waterproof-storage-case
waterproof-notebook-with-pencil,"Waterproof Notebook with Pencil",0,0,,,,,,,,https://asroutdoor.com/products/waterproof-notebook-with-pencil
buckshot-knives-camping-axe-hatchet-black-steel-with-cord-cutter,"Buckshot Knives Camping Axe Hatchet - Black Steel with Cord Cutter",0,0,,,,,,,,https://asroutdoor.com/products/buckshot-knives-camping-axe-hatchet-black-steel-with-cord-cutter
survival-hatchet-with-hammer-pry-bar,"Survival Hatchet with Hammer and Pry Bar, Multi-Tool",0,0,,,,,,,,https://asroutdoor.com/products/survival-hatchet-with-hammer-pry-bar
full-tang-tanto-survival-knife-with-fire-starter-7-inch-serrated-spine-black-and-green,"Full Tang Tanto Survival Knife with Fire Starter, 7 inch, Serrated Spine, Black and Green",0,0,,,,,,,,https://asroutdoor.com/products/full-tang-tanto-survival-knife-with-fire-starter-7-inch-serrated-spine-black-and-green
solid-titanium-ice-pick-9-25,"Solid Titanium Ice Pick, 9.25""",0,0,,,,,,,,https://asroutdoor.com/products/solid-titanium-ice-pick-9-25
400lb-neodymium-magnet-fishing-kit-with-paracord-for-retrieving-lost-treasure,"400lb Neodymium Magnet Fishing Kit with Paracord for Retrieving Lost Treasure",0,0,,,,,,,,https://asroutdoor.com/products/400lb-neodymium-magnet-fishing-kit-with-paracord-for-retrieving-lost-treasure
nylon-fishing-vest-size-large,"Nylon Fishing Vest, Lightweight Outdoor Cargo Jacket, Size Large",0,0,,,,,,,,https://asroutdoor.com/products/nylon-fishing-vest-size-large
11-inch-full-tang-hunting-guthook-knife-for-fishing-cleaning-fixed-blade,"11 Inch Stainless Steel Full Tang Fixed Blade Knife with Guthook for Fishing or Hunting",0,0,,,,,,,,https://asroutdoor.com/products/11-inch-full-tang-hunting-guthook-knife-for-fishing-cleaning-fixed-blade
grooved-angle-sharpening-stone-for-fish-hooks-blades,"Grooved Angle Sharpening Stone for Fish Hooks & Blades",0,0,,,,,,,,https://asroutdoor.com/products/grooved-angle-sharpening-stone-for-fish-hooks-blades
micro-edc-ceramic-striker-survival-fire-starter-create-sparks,"Micro EDC Ceramic Striker Survival Gear Fire Starter (2 Colors)",0,0,,,,,,,,https://asroutdoor.com/products/micro-edc-ceramic-striker-survival-fire-starter-create-sparks
10pk-hand-warmers-10-hour-protection-for-camping-skiiing-outdoors,"10pk Hand Warmers, 10 Hour Protection for Camping, Skiiing, Outdoors",0,0,,,,,,,,https://asroutdoor.com/products/10pk-hand-warmers-10-hour-protection-for-camping-skiiing-outdoors
survival-candle-48-hour-unscented-4-wick-emergency-survival-indoor-outdoor-tin,"Survival Candle, 48 Hour, Unscented, 4 Wick, Emergency, Survival, Indoor Outdoor, Tin",0,0,,,,,,,,https://asroutdoor.com/products/survival-candle-48-hour-unscented-4-wick-emergency-survival-indoor-outdoor-tin
200-lumen-led-camping-clip-on-cap-light-black-green-orange,"200 Lumen LED Light Clip On Cap Hiking Camping Gear (3 Colors)",0,0,,,,,,,,https://asroutdoor.com/products/200-lumen-led-camping-clip-on-cap-light-black-green-orange
5-inch-portable-aluminum-waterproof-edc-storage-containers-with-carabiner-clip-2-colors,"Jumbo Aluminum Waterproof EDC Storage Containers with Carabiner Clip (2 Colors)",0,0,,,,,,,,https://asroutdoor.com/products/5-inch-portable-aluminum-waterproof-edc-storage-containers-with-carabiner-clip-2-colors
paracord-bundle-100-feet-x-15-inch-7-strand,"100FT 7-Strand Nylon Paracord Parachute Cord",0,0,,,,,,,,https://asroutdoor.com/products/paracord-bundle-100-feet-x-15-inch-7-strand
9-inch-aircraft-grade-aluminum-camping-stakes-tent-pegs,"9 Inch Aircraft Grade Aluminum Camping Stakes Tent Pegs",0,0,,,,,,,,https://asroutdoor.com/products/9-inch-aircraft-grade-aluminum-camping-stakes-tent-pegs
7-inch-jumbo-aluminum-carabiner-hiking-cushion-grip-6-colors,"7 Inch Jumbo Aluminum Carabiner Hiking Cushion Grip (6 Colors)",0,0,,,,,,,,https://asroutdoor.com/products/7-inch-jumbo-aluminum-carabiner-hiking-cushion-grip-6-colors
southwest-navajo-style-mens-socks-1-pair-assorted-colors-one-size-fits-most,"Southwest Navajo Style Mens Socks, 1 Pair, Assorted Colors, One Size Fits Most",0,0,,,,,,,,https://asroutdoor.com/products/southwest-navajo-style-mens-socks-1-pair-assorted-colors-one-size-fits-most
11-in-1-multi-function-credit-card-sized-tool-with-black-sheath,"11 in 1 Stainless Steel Credit Card Multitool with Black Leather Carry Case",0,0,,,,,,,,https://asroutdoor.com/products/11-in-1-multi-function-credit-card-sized-tool-with-black-sheath
15l-green-waterproof-dry-sack-gusseted-bottom-ripstop-nylon-bag,"Lightweight Waterproof Dry Sack Bags with Roll Top (3 Sizes, 3 Colors)",0,0,,,,,,,,https://asroutdoor.com/products/15l-green-waterproof-dry-sack-gusseted-bottom-ripstop-nylon-bag
black-water-resistant-collapsible-backpack-camping-hiking-travel-bag,"Black Water Resistant Collapsible Backpack Camping Hiking Travel Bag",0,0,,,,,,,,https://asroutdoor.com/products/black-water-resistant-collapsible-backpack-camping-hiking-travel-bag
asr-outdoor-5lb-cocada-pyrite-gemstone-paydirt-bag-gold-panning-kit,"Genuine Gemstone Paydirt Bags Rock Collecting (12 Rock Types)",0,0,,,,,,,,https://asroutdoor.com/products/asr-outdoor-5lb-cocada-pyrite-gemstone-paydirt-bag-gold-panning-kit
asr-outdoor-11-inch-heavy-duty-single-riffle-gold-pans-made-in-usa-three-colors,"11 Inch Heavy Duty Single Riffle Gold Pans Made in USA (Three Colors)",0,0,,,,,,,,https://asroutdoor.com/products/asr-outdoor-11-inch-heavy-duty-single-riffle-gold-pans-made-in-usa-three-colors
9-inch-440-stainless-steel-recurve-full-tang-fixed-blade-knife-with-sheath-4-25-inch-blade,"9 Inch 440 Stainless Steel Recurve Full Tang Fixed Blade Knife with Sheath (4.25 Inch Blade)",0,0,,,,,,,,https://asroutdoor.com/products/9-inch-440-stainless-steel-recurve-full-tang-fixed-blade-knife-with-sheath-4-25-inch-blade
matte-black-curved-hawkbill-full-tang-fixed-blade-knife-with-sheath-and-lanyard-7-inch,"7 Inch Matte Black Curved Hawkbill Full Tang Fixed Blade Knife with Sheath and Lanyard (3.25 Inch Blade)",0,0,,,,,,,,https://asroutdoor.com/products/matte-black-curved-hawkbill-full-tang-fixed-blade-knife-with-sheath-and-lanyard-7-inch
asr-outdoor-8-5-inch-full-tang-fixed-blade-survival-and-hunting-tanto-knife-with-sheath-and-belt-loop-black,"8.5 Inch Full Tang Fixed Blade Survival and Hunting Tanto Knife with Sheath and Belt Loop, Black",0,0,,,,,,,,https://asroutdoor.com/products/asr-outdoor-8-5-inch-full-tang-fixed-blade-survival-and-hunting-tanto-knife-with-sheath-and-belt-loop-black
asr-outdoor-8-inch-heavy-duty-full-tang-harpoon-point-fixed-blade-knife-with-wood-handle-and-belt-loop-sheath,"8 Inch Heavy Duty Full Tang Harpoon Point Fixed Blade Knife with Wood Handle and Belt Loop Sheath",0,0,,,,,,,,https://asroutdoor.com/products/asr-outdoor-8-inch-heavy-duty-full-tang-harpoon-point-fixed-blade-knife-with-wood-handle-and-belt-loop-sheath
7-5-inch-drop-point-fixed-blade-knife-with-finger-hole-with-spin-bearings-and-sheath-brown,"7.5 Inch Drop Point Fixed Blade Knife with Finger Hole with Spin Bearings and Sheath, Brown",0,0,,,,,,,,https://asroutdoor.com/products/7-5-inch-drop-point-fixed-blade-knife-with-finger-hole-with-spin-bearings-and-sheath-brown
6-25-inch-440-stainless-steel-mini-clip-point-fixed-blade-pocket-knife-2-colors,"6.25 Inch 440 Stainless Steel Mini Clip Point Fixed Blade Pocket Knife (2 Colors)",0,0,,,,,,,,https://asroutdoor.com/products/6-25-inch-440-stainless-steel-mini-clip-point-fixed-blade-pocket-knife-2-colors
portable-telescoping-collapsible-stool-with-carry-handle-outdoor-camping-gear-black-17-75-inch-fully-extended,"Portable Telescoping Collapsible Stool with Carry Handle Outdoor Camping Gear, Black (17.75 Inch Fully Extended)",0,0,,,,,,,,https://asroutdoor.com/products/portable-telescoping-collapsible-stool-with-carry-handle-outdoor-camping-gear-black-17-75-inch-fully-extended
stainless-steel-coffee-mug-with-collapsible-handles-camping-essentials-2-sizes,"Stainless Steel Coffee Mug with Collapsible Handles Camping Essentials (2 Sizes)",0,0,,,,,,,,https://asroutdoor.com/products/stainless-steel-coffee-mug-with-collapsible-handles-camping-essentials-2-sizes
11-75oz-stainless-steel-and-enamel-coffee-mug-camping-essentials-classic-speckled-blue,"11.75oz Stainless Steel and Enamel Coffee Mug Camping Essentials, Classic Speckled Blue",0,0,,,,,,,,https://asroutdoor.com/products/11-75oz-stainless-steel-and-enamel-coffee-mug-camping-essentials-classic-speckled-blue
21l-everyday-carry-small-duffel-bag-for-travel-gym-outdoor-gear-black,"16 Inch Everyday Carry Travel Tool or Duffel Bag, Black",0,0,,,,,,,,https://asroutdoor.com/products/21l-everyday-carry-small-duffel-bag-for-travel-gym-outdoor-gear-black
asr-outdoor-collapsible-camping-lantern-cob-assorted-colors,"Collapsible Camping Lanterns (Black or Grey)",0,0,,,,,,,,https://asroutdoor.com/products/asr-outdoor-collapsible-camping-lantern-cob-assorted-colors
12-inch-stainless-steel-full-tang-gut-hook-hunting-knife-with-sheath,"12 Inch Full Tang Steel Axe Hatchet with Gut Hook Hex Holes Paracord Handle and Sheath, Black",0,0,,,,,,,,https://asroutdoor.com/products/12-inch-stainless-steel-full-tang-gut-hook-hunting-knife-with-sheath
asr-outdoor-creekside-gold-panning-kit-with-drawstring-backpack-and-mini-classifiers-13pc,"13pc Creekside Gold Panning Kit with Drawstring Backpack and Mini Classifiers",0,0,,,,,,,,https://asroutdoor.com/products/asr-outdoor-creekside-gold-panning-kit-with-drawstring-backpack-and-mini-classifiers-13pc
7-inch-folding-tactical-pocket-knife-with-drop-point-440-stainless-steel-blade-black,"7 Inch Folding Tactical Pocket Knife with Drop Point 440 Stainless Steel Blade, Black",0,0,,,,,,,,https://asroutdoor.com/products/7-inch-folding-tactical-pocket-knife-with-drop-point-440-stainless-steel-blade-black
asr-outdoor-200ft-high-visibility-trail-marking-ribbon-backpacking-safety-hiking-gear-in-assorted-colors,"200ft High Visibility Marking Ribbon, Flagging Tape Backpacking Safety Hiking Gear (Assorted Colors)",0,0,,,,,,,,https://asroutdoor.com/products/asr-outdoor-200ft-high-visibility-trail-marking-ribbon-backpacking-safety-hiking-gear-in-assorted-colors
asr-outdoor-14pc-remote-adventure-30l-rucksack-gold-panning-kit-with-classifier-screens-black,"14pc Remote Adventure 30L Rucksack Gold Panning Kit with Classifier Screens (3 Colors)",0,0,,,,,,,,https://asroutdoor.com/products/asr-outdoor-14pc-remote-adventure-30l-rucksack-gold-panning-kit-with-classifier-screens-black
17pc-gold-prospecting-equipment-essentials-field-kit-with-classifier-screens,"16pc Gold Prospecting Equipment Essentials Field Kit with Classifier Screens",0,0,,,,,,,,https://asroutdoor.com/products/17pc-gold-prospecting-equipment-essentials-field-kit-with-classifier-screens
20pc-complete-gold-panning-kit-with-50-inch-folding-sluice-box-and-5-gallon-bucket-3-colors,"20pc Complete Gold Panning Kit with 50 Inch Folding Sluice Box and 5 Gallon Bucket (3 Colors)",0,0,,,,,,,,https://asroutdoor.com/products/20pc-complete-gold-panning-kit-with-50-inch-folding-sluice-box-and-5-gallon-bucket-3-colors
asr-outdoor-clear-pocket-portable-travel-gold-panning-kit-for-prospecting-11pc,"10pc Fine Gold Recovery Pocket Prospecting Kit in Clear Waterproof Container",0,0,,,,,,,,https://asroutdoor.com/products/asr-outdoor-clear-pocket-portable-travel-gold-panning-kit-for-prospecting-11pc
550-paracord-shoelaces-for-hiking-boots-and-shoes-1-pair,"PARALACE 550 Paracord Shoelaces for Hiking Boots and Shoes, 1 Pair (4 Colors) (5 Lengths)",0,0,,,,,,,,https://asroutdoor.com/products/550-paracord-shoelaces-for-hiking-boots-and-shoes-1-pair
universal-fit-black-survival-550-paracord-belt-with-stainless-steel-buckle-52-inch,"Universal Fit Survival 550 Paracord Belt with Stainless Steel Buckle, 52 inch",0,0,,,,,,,,https://asroutdoor.com/products/universal-fit-black-survival-550-paracord-belt-with-stainless-steel-buckle-52-inch
full-magnesium-body-fire-starter-with-striker-survival-gear,"Full Magnesium Body Fire Starter Survival Tool with Striker",0,0,,,,,,,,https://asroutdoor.com/products/full-magnesium-body-fire-starter-with-striker-survival-gear
14-inch-metal-detecting-tool-sand-scoop-with-coin-probe-3-colors,"14 Inch Metal Detecting Sand Scoop with Coin Probe (3 Colors)",0,0,,,,,,,,https://asroutdoor.com/products/14-inch-metal-detecting-tool-sand-scoop-with-coin-probe-3-colors
orange-heavy-duty-abs-plastic-tent-stakes-ground-anchor-camping-essentials,"Orange Heavy Duty ABS Plastic Tent Stakes Ground Anchor Camping Essentials",0,0,,,,,,,,https://asroutdoor.com/products/orange-heavy-duty-abs-plastic-tent-stakes-ground-anchor-camping-essentials
serrated-digger-beach-combing-metal-detector-accessories-backpack-kit-22-piece,"Serrated Digger Beach Combing Metal Detector Accessories Backpack Kit, 22 Piece",0,0,,,,,,,,https://asroutdoor.com/products/serrated-digger-beach-combing-metal-detector-accessories-backpack-kit-22-piece
20pc-beach-combing-metal-detector-gold-panning-kit-with-serrated-digger,"20pc Beach Combing Metal Detector Gold Panning Kit with Serrated Digger",0,0,,,,,,,,https://asroutdoor.com/products/20pc-beach-combing-metal-detector-gold-panning-kit-with-serrated-digger
stainless-steel-funnel-1-1-2-dia-with-3-8-spout,"304 Stainless Steel Flask Funnel Camping Gear (1-1/2 Inch Diameter with 3/8 Inch Spout)",0,0,,,,,,,,https://asroutdoor.com/products/stainless-steel-funnel-1-1-2-dia-with-3-8-spout
12-piece-display-5-4-in-1-rechargeable-emergency-dynamo-am-fm-radio-flashlight-power-bank-emergency-siren,"4 in 1 Hand Crank Emergency AM/FM Weather Radio, Flashlight, Power Bank, Alarm Siren for Camping Gear and Survival Kits",0,0,,,,,,,,https://asroutdoor.com/products/12-piece-display-5-4-in-1-rechargeable-emergency-dynamo-am-fm-radio-flashlight-power-bank-emergency-siren
stainless-steel-hip-flask-6-oz-capacity-screw-cap-for-camping-hiking,"6oz Brushed 201 Stainless Steel and Chrome Screw Top Portable Pocket Flask",0,0,,,,,,,,https://asroutdoor.com/products/stainless-steel-hip-flask-6-oz-capacity-screw-cap-for-camping-hiking
chrome-stainless-steel-premium-portable-hip-flask-8oz,"8oz Brushed 201 Stainless Steel and Chrome Screw Top Portable Pocket Flask",0,0,,,,,,,,https://asroutdoor.com/products/chrome-stainless-steel-premium-portable-hip-flask-8oz
asr-outdoor-3-inch-locking-aluminum-carabiner-clip-edc-camping-hiking-gear-assorted-colors,"3 Inch Locking Aluminum Carabiner Clip EDC Camping Hiking Gear (Assorted Colors)",0,0,,,,,,,,https://asroutdoor.com/products/asr-outdoor-3-inch-locking-aluminum-carabiner-clip-edc-camping-hiking-gear-assorted-colors
5lb-navy-blue-wool-blanket-camping-survival-gear-64-x-84-inches,"5lb Navy Blue Wool Blanket Camping Survival Gear, 64 x 84 Inches (70% Wool, 30% Synthetic)",0,0,,,,,,,,https://asroutdoor.com/products/5lb-navy-blue-wool-blanket-camping-survival-gear-64-x-84-inches
2pc-stainless-steel-flask-and-funnel-set-for-hiking-camping-outdoor-gear-2-sizes,"2pc Stainless Steel Flask and Funnel Set for Hiking Camping Outdoor Gear GIft Set (2 Sizes)",0,0,,,,,,,,https://asroutdoor.com/products/2pc-stainless-steel-flask-and-funnel-set-for-hiking-camping-outdoor-gear-2-sizes
compact-50-lumens-mini-zipper-light-with-keychain-camping-hiking-edc-survival-gear,"Compact 50 Lumens Mini Zipper Light with Keychain, Camping Hiking EDC Survival Gear",0,0,,,,,,,,https://asroutdoor.com/products/compact-50-lumens-mini-zipper-light-with-keychain-camping-hiking-edc-survival-gear
13-inch-wildlife-collectors-hunting-knife-with-decorative-scabbard-sleeve-and-animal-head-many-styles,"Wildlife Collectors Hunting Knife with Decorative Scabbard, Sleeve and Animal Head (15 Styles)",0,0,,,,,,,,https://asroutdoor.com/products/13-inch-wildlife-collectors-hunting-knife-with-decorative-scabbard-sleeve-and-animal-head-many-styles
back-lock-folding-american-eagle-pocket-knife-8-inch,"8 Inch American Back Lock Folding Pocket Knife (2 Styles)",0,0,,,,,,,,https://asroutdoor.com/products/back-lock-folding-american-eagle-pocket-knife-8-inch
wildlife-knife-collection-animal-head-fixed-blade-hunting-knife,"Wild Icons Collector Fixed Blade Hunting Knife Series with Animal Head and Sheath (4 Styles)",0,0,,,,,,,,https://asroutdoor.com/products/wildlife-knife-collection-animal-head-fixed-blade-hunting-knife
non-metallic-covert-zirconia-ceramic-razor-blade-wear-resistant-and-non-dulling,"Non-Metallic Zirconia Ceramic Mini Survival Razor Blade, Wear-Resistant and Non-Dulling",0,0,,,,,,,,https://asroutdoor.com/products/non-metallic-covert-zirconia-ceramic-razor-blade-wear-resistant-and-non-dulling
mini-folding-ceramic-razor-blade-survival-tool,"Mini Folding Ceramic Razor Blade Survival Tool EDC Gear",0,0,,,,,,,,https://asroutdoor.com/products/mini-folding-ceramic-razor-blade-survival-tool
mini-edc-small-pocket-knife-multitool-3-colors,"Mini Logo EDC Small Pocket Knife Multitool (4 Colors)",0,0,,,,,,,,https://asroutdoor.com/products/mini-edc-small-pocket-knife-multitool-3-colors
6pk-aluminum-carabiner-spring-clip-with-keychain-many-sizes-colors,"6pk Large Aluminum Carabiner Spring Clip with Keychain (3.25 Inches, Assorted Colors)",0,0,,,,,,,,https://asroutdoor.com/products/6pk-aluminum-carabiner-spring-clip-with-keychain-many-sizes-colors
kids-high-res-optics-compact-binoculars-outdoor-travel-gift-with-lanyard-blue,"Kids 8X High-Res Optics Compact Binoculars Outdoor Travel Gift with Lanyard, Blue",0,0,,,,,,,,https://asroutdoor.com/products/kids-high-res-optics-compact-binoculars-outdoor-travel-gift-with-lanyard-blue
10-inch-triple-riffle-gold-pan-gold-prospecting-equipment-green,"10 Inch Triple Riffle Gold Pan Gold Prospecting Equipment, Green",0,0,,,,,,,,https://asroutdoor.com/products/10-inch-triple-riffle-gold-pan-gold-prospecting-equipment-green
10-inch-bottom-dual-riffle-gold-pan-gold-prospecting-equipment-green,"10 Inch Bottom Dual Riffle Gold Pan Gold Prospecting Equipment, Green",0,0,,,,,,,,https://asroutdoor.com/products/10-inch-bottom-dual-riffle-gold-pan-gold-prospecting-equipment-green
dual-grit-knife-blade-sharpening-stone-2-sizes,"Dual Grit Knife Blade Sharpening Stones, 120/240 (2 Sizes)",0,0,,,,,,,,https://asroutdoor.com/products/dual-grit-knife-blade-sharpening-stone-2-sizes
weather-resistant-nylon-rock-hounding-equipment-tool-bag-with-shoulder-strap-18-x-8-5-x-11-inches,"Weather Resistant Nylon Rock Hounding Equipment Tool Bag with Shoulder Strap (18 x 8.5 x 11 inches)",0,0,,,,,,,,https://asroutdoor.com/products/weather-resistant-nylon-rock-hounding-equipment-tool-bag-with-shoulder-strap-18-x-8-5-x-11-inches
4pc-aluminum-eye-loupe-set-2-5x-5x-7-5x-10x,"4pc Premium Quality Aluminum Eye Loupe Set for Rock Hounding Geology Gold Prospecting (2.5X 5X 7.5X 10X)",0,0,,,,,,,,https://asroutdoor.com/products/4pc-aluminum-eye-loupe-set-2-5x-5x-7-5x-10x
20pc-complete-aluminum-storage-container-set-for-rock-hounding-gemstones-gold-prospecting-geology-1-inch-diameter,"20pc Complete Aluminum Storage Container Set for Rock Hounding Gold Prospecting Gemstones Geology",0,0,,,,,,,,https://asroutdoor.com/products/20pc-complete-aluminum-storage-container-set-for-rock-hounding-gemstones-gold-prospecting-geology-1-inch-diameter
3000-lumen-5-stage-rechargeable-flashlight-with-adjustable-beam-and-sos-mode-7-5-inches,"3000 Lumen 5-Stage Rechargeable Flashlight with Adjustable Beam and SOS Mode Camping Gear, 7.5 Inches",0,0,,,,,,,,https://asroutdoor.com/products/3000-lumen-5-stage-rechargeable-flashlight-with-adjustable-beam-and-sos-mode-7-5-inches
2000-lumen-5-stage-rechargeable-flashlight-with-adjustable-beam-and-sos-mode-7-5-inches,"2000 Lumen 5-Stage Rechargeable Flashlight with Adjustable Beam and SOS Mode Camping Gear, 7.5 Inches",0,0,,,,,,,,https://asroutdoor.com/products/2000-lumen-5-stage-rechargeable-flashlight-with-adjustable-beam-and-sos-mode-7-5-inches
mini-stick-on-led-lights-6-pack-battery-operated-puck-lights-with-magnet-and-adhesive-for-camping-gear-rv-tool-boxes,"Mini Stick On LED Lights 6 Pack Battery Operated Puck Lights with Magnet and Adhesive for Camping Gear RV Tool Boxes",0,0,,,,,,,,https://asroutdoor.com/products/mini-stick-on-led-lights-6-pack-battery-operated-puck-lights-with-magnet-and-adhesive-for-camping-gear-rv-tool-boxes
waterproof-adventure-writing-journal-smudgeproof-personal-notebook,"Waterproof Pocket Notebook All Weather Field Notes Journal (50 Sheets with Pencil)",0,0,,,,,,,,https://asroutdoor.com/products/waterproof-adventure-writing-journal-smudgeproof-personal-notebook
stainless-steel-emergency-signaling-mirror-camping-hiking-emergency-tool,"Stainless Steel Signaling Mirror - Emergency Survival Mirror for Hiking, Camping & Outdoor Safety",0,0,,,,,,,,https://asroutdoor.com/products/stainless-steel-emergency-signaling-mirror-camping-hiking-emergency-tool
waterproof-emergency-rain-poncho-lightweight-camping-hiking-rain-protection-clear-1pk,"Waterproof Emergency Rain Poncho Lightweight Camping & Hiking Rain Protection (Clear, 1pk)",0,0,,,,,,,,https://asroutdoor.com/products/waterproof-emergency-rain-poncho-lightweight-camping-hiking-rain-protection-clear-1pk
2-person-emergency-survival-shelter-lightweight-reflective-waterproof-tent,"2 Person Emergency Survival Shelter Lightweight Reflective Waterproof Tent",0,0,,,,,,,,https://asroutdoor.com/products/2-person-emergency-survival-shelter-lightweight-reflective-waterproof-tent
reusable-thermal-mylar-emergency-blanket-sleeping-bag-bivvy-sack-40um-thickness,"Reusable Thermal Mylar Emergency Blanket Sleeping Bag Bivvy Sack 40um Thickness",0,0,,,,,,,,https://asroutdoor.com/products/reusable-thermal-mylar-emergency-blanket-sleeping-bag-bivvy-sack-40um-thickness
collapsible-water-container-5-gallon-portable-camping-emergency-water-storage,"5 Gallon Collapsible Water Container Portable Camping & Emergency Water Storage",0,0,,,,,,,,https://asroutdoor.com/products/collapsible-water-container-5-gallon-portable-camping-emergency-water-storage
natural-citronella-mosquito-repellent-bracelet-wrist-band-4-colors,"Natural Citronella Mosquito Repellent Bracelet Wrist Band (4 Colors)",0,0,,,,,,,,https://asroutdoor.com/products/natural-citronella-mosquito-repellent-bracelet-wrist-band-4-colors
19l-griptape-backpack-dual-zip-two-tone-navy-od-green-travel-bag,"19L Everyday Front Griptape Backpack with Padded Shoulder Straps, Green/Blue",0,0,,,,,,,,https://asroutdoor.com/products/19l-griptape-backpack-dual-zip-two-tone-navy-od-green-travel-bag
1pc-stainless-steel-gold-prospecting-carabiner-keychain-lightweight-durable-edc-key-holder-with-split-ring-2-styles,"1pc Stainless Steel Gold Prospecting Carabiner Keychain, Lightweight Durable EDC Key Holder with Split Ring (2 Styles)",0,0,,,,,,,,https://asroutdoor.com/products/1pc-stainless-steel-gold-prospecting-carabiner-keychain-lightweight-durable-edc-key-holder-with-split-ring-2-styles
mosquito-net-with-mounting-kit-travel-camping-essentials-outdoor-canopy-94-5-inches,"Mosquito Net with Mounting Kit Travel Camping Essentials Outdoor Canopy, 94.5 Inches",0,0,,,,,,,,https://asroutdoor.com/products/mosquito-net-with-mounting-kit-travel-camping-essentials-outdoor-canopy-94-5-inches
5pc-metal-detecting-tools-kit-with-drawstring-bag-3-colors,"5pc Metal Detecting Tools Kit with Drawstring Backpack (3 Colors)",0,0,,,,,,,,https://asroutdoor.com/products/5pc-metal-detecting-tools-kit-with-drawstring-bag-3-colors
technora,technora,0,0,,,,,,,,https://asroutdoor.com/products/technora
